WKT,Name,OBJECTID,UKATEGORIE,UTYP1,UART,UMONAT,USTUNDE,UWOCHENTAG,STRZUSTAND,ULICHTVERH,ISTRAD,ISTPKW,ISTFUSS,ISTKRAD,ISTGKFZ,ISTSONSTIG
"POINT (10.546954548000031 52.266260657000032)",Unfall 131290 (2017) Kat:3, Licht: 2,131290,3,3,5,06,23,2,0,2,1,1,0,0,,0
"POINT (10.522873318000052 52.261461086000054)",Unfall 131291 (2017) Kat:2, Licht: 0,131291,2,4,6,06,19,2,0,0,0,0,1,0,,1
"POINT (10.533839096000065 52.275471686000060)",Unfall 131292 (2017) Kat:3, Licht: 0,131292,3,6,2,06,17,2,0,0,0,1,0,0,,0
"POINT (10.458390261000034 52.257420328000080)",Unfall 131293 (2017) Kat:3, Licht: 0,131293,3,2,2,06,17,2,0,0,0,1,0,1,,0
"POINT (10.503760054000054 52.258157562000065)",Unfall 131294 (2017) Kat:3, Licht: 0,131294,3,5,1,06,15,2,0,0,0,1,0,0,,0
"POINT (10.509348166000052 52.237543657000060)",Unfall 131329 (2017) Kat:3, Licht: 0,131329,3,6,2,06,14,7,0,0,0,1,0,0,,0
"POINT (10.511140512000054 52.331603487000052)",Unfall 131399 (2017) Kat:1, Licht: 0,131399,1,6,2,07,17,2,0,0,0,1,0,1,,0
"POINT (10.500434713000061 52.218310189000078)",Unfall 131400 (2017) Kat:3, Licht: 0,131400,3,5,6,07,10,2,0,0,0,1,1,0,,0
"POINT (10.518794912000033 52.269966456000077)",Unfall 131434 (2017) Kat:2, Licht: 2,131434,2,5,1,07,03,7,1,2,1,1,0,0,,0
"POINT (10.562884368000027 52.292846406000081)",Unfall 131470 (2017) Kat:3, Licht: 0,131470,3,7,5,06,20,6,0,0,1,1,0,0,,0
"POINT (10.527892963000056 52.268707701000039)",Unfall 131471 (2017) Kat:3, Licht: 0,131471,3,6,2,06,10,6,0,0,0,1,0,1,,0
"POINT (10.531046436000054 52.265729532000080)",Unfall 131504 (2017) Kat:3, Licht: 0,131504,3,3,5,06,16,5,1,0,1,1,0,0,,0
"POINT (10.523721755000054 52.213080434000062)",Unfall 131505 (2017) Kat:3, Licht: 0,131505,3,3,5,06,13,5,0,0,0,1,0,0,,0
"POINT (10.488982874000044 52.316211079000027)",Unfall 131506 (2017) Kat:3, Licht: 0,131506,3,6,3,06,08,5,0,0,0,1,0,0,,1
"POINT (10.538563080000074 52.286755690000064)",Unfall 131539 (2017) Kat:3, Licht: 0,131539,3,3,5,06,14,4,1,0,0,1,0,0,,1
"POINT (10.514557058000037 52.267094249000081)",Unfall 131569 (2017) Kat:3, Licht: 0,131569,3,3,5,06,17,3,0,0,1,1,0,0,,0
"POINT (10.517728316000046 52.291734599000051)",Unfall 131570 (2017) Kat:2, Licht: 0,131570,2,4,6,06,15,3,0,0,0,1,1,0,,0
"POINT (10.526394135000032 52.264119776000030)",Unfall 131625 (2017) Kat:2, Licht: 0,131625,2,6,3,07,15,1,0,0,1,0,0,0,,0
"POINT (10.542279780000058 52.264683798000078)",Unfall 131659 (2017) Kat:3, Licht: 1,131659,3,1,0,07,21,6,1,1,0,1,0,0,,0
"POINT (10.503700569000046 52.279720014000077)",Unfall 131660 (2017) Kat:3, Licht: 0,131660,3,2,0,07,16,6,0,0,1,1,0,0,,0
"POINT (10.513470618000042 52.267559395000035)",Unfall 131724 (2017) Kat:3, Licht: 0,131724,3,3,0,07,11,3,0,0,1,0,0,0,,1
"POINT (10.521376869000051 52.261355309000066)",Unfall 131755 (2017) Kat:2, Licht: 0,131755,2,1,0,07,16,2,1,0,1,0,0,0,,0
"POINT (10.490341991000037 52.260467398000060)",Unfall 131778 (2017) Kat:3, Licht: 0,131778,3,5,1,07,18,1,0,0,1,1,0,0,,0
"POINT (10.502374083000063 52.254480745000080)",Unfall 131790 (2017) Kat:3, Licht: 0,131790,3,6,2,07,08,7,0,0,0,1,0,0,,0
"POINT (10.541718380000077 52.258950099000060)",Unfall 131829 (2017) Kat:3, Licht: 2,131829,3,1,0,07,23,6,1,2,0,0,0,1,,0
"POINT (10.544207675000052 52.258159132000060)",Unfall 131853 (2017) Kat:3, Licht: 0,131853,3,7,5,07,20,5,0,0,1,1,0,0,,0
"POINT (10.528541073000042 52.250657551000074)",Unfall 131914 (2017) Kat:3, Licht: 0,131914,3,5,1,07,16,5,0,0,1,1,0,0,,0
"POINT (10.579308692000041 52.242030687000067)",Unfall 131915 (2017) Kat:3, Licht: 0,131915,3,7,5,07,10,5,0,0,1,1,0,0,,0
"POINT (10.531067691000032 52.269552522000026)",Unfall 131947 (2017) Kat:3, Licht: 0,131947,3,1,0,07,11,4,1,0,0,0,0,1,,0
"POINT (10.510839033000025 52.274705641000082)",Unfall 131948 (2017) Kat:3, Licht: 0,131948,3,3,5,07,07,4,1,0,0,1,0,0,,0
"POINT (10.508116989000030 52.231284477000031)",Unfall 131976 (2017) Kat:2, Licht: 0,131976,2,1,9,07,05,3,1,0,0,1,0,0,,0
"POINT (10.550202030000037 52.265885244000060)",Unfall 131977 (2017) Kat:1, Licht: 0,131977,1,4,6,07,17,3,1,0,0,1,1,0,,0
"POINT (10.510180094000077 52.275505920000057)",Unfall 132001 (2017) Kat:2, Licht: 0,132001,2,7,5,07,17,2,1,0,1,1,0,0,,0
"POINT (10.565980856000067 52.221735932000058)",Unfall 132019 (2017) Kat:3, Licht: 0,132019,3,7,0,07,12,1,1,0,1,0,0,0,,1
"POINT (10.532623041000022 52.256460075000064)",Unfall 132040 (2017) Kat:3, Licht: 0,132040,3,3,5,07,15,7,0,0,1,1,0,0,,0
"POINT (10.509437299000069 52.236639741000033)",Unfall 132063 (2017) Kat:3, Licht: 0,132063,3,6,3,07,08,6,0,0,0,1,0,0,,1
"POINT (10.501313970000069 52.270158278000054)",Unfall 132064 (2017) Kat:3, Licht: 0,132064,3,7,0,07,13,6,0,0,0,0,0,0,,1
"POINT (10.584260684000071 52.242374264000034)",Unfall 132065 (2017) Kat:3, Licht: 0,132065,3,3,5,07,15,6,0,0,0,0,0,1,,1
"POINT (10.526281770000026 52.260067000000049)",Unfall 132066 (2017) Kat:2, Licht: 0,132066,2,7,5,07,14,6,0,0,1,1,0,0,,0
"POINT (10.524707067000065 52.269047998000076)",Unfall 132087 (2017) Kat:3, Licht: 2,132087,3,1,0,07,23,5,0,2,1,1,0,0,,0
"POINT (10.452868650000028 52.315008993000049)",Unfall 132088 (2017) Kat:3, Licht: 0,132088,3,3,5,07,13,5,1,0,1,1,0,0,,0
"POINT (10.513978065000060 52.258682576000069)",Unfall 132089 (2017) Kat:3, Licht: 0,132089,3,3,5,07,14,5,1,0,1,1,0,0,,0
"POINT (10.532713145000059 52.287350210000056)",Unfall 132115 (2017) Kat:3, Licht: 0,132115,3,4,6,07,17,4,0,0,0,1,1,0,,0
"POINT (10.505179468000051 52.264953322000054)",Unfall 132147 (2017) Kat:2, Licht: 0,132147,2,3,5,07,12,3,0,0,1,0,0,0,,1
"POINT (10.512728113000037 52.216163504000065)",Unfall 132169 (2017) Kat:3, Licht: 0,132169,3,3,5,07,07,2,1,0,1,1,0,0,,0
"POINT (10.503770588000066 52.258140373000060)",Unfall 132179 (2017) Kat:3, Licht: 0,132179,3,5,1,07,13,6,0,0,1,1,0,0,,0
"POINT (10.567451179000045 52.253551434000030)",Unfall 132187 (2017) Kat:3, Licht: 0,132187,3,2,5,07,11,6,0,0,1,1,0,0,,0
"POINT (10.513113544000021 52.273712657000033)",Unfall 132227 (2017) Kat:3, Licht: 2,132227,3,3,5,08,23,6,0,2,1,1,0,0,,0
"POINT (10.512728113000037 52.216163504000065)",Unfall 132228 (2017) Kat:3, Licht: 0,132228,3,3,5,08,18,6,0,0,1,1,0,0,,0
"POINT (10.503520259000027 52.268423782000070)",Unfall 132229 (2017) Kat:3, Licht: 0,132229,3,3,5,08,15,6,0,0,1,1,0,0,,0
"POINT (10.507571194000036 52.245804150000026)",Unfall 132230 (2017) Kat:3, Licht: 0,132230,3,3,5,08,16,6,0,0,1,1,0,0,,0
"POINT (10.504436403000057 52.262579509000034)",Unfall 132266 (2017) Kat:3, Licht: 0,132266,3,6,3,08,16,5,0,0,1,1,0,0,,0
"POINT (10.565837130000034 52.268575423000073)",Unfall 132290 (2017) Kat:3, Licht: 0,132290,3,3,5,08,17,4,0,0,1,1,0,0,,0
"POINT (10.472828027000048 52.320971833000044)",Unfall 132291 (2017) Kat:3, Licht: 0,132291,3,1,1,08,14,4,0,0,0,1,0,0,,0
"POINT (10.505148320000046 52.275074918000030)",Unfall 132292 (2017) Kat:3, Licht: 0,132292,3,3,5,08,12,4,0,0,0,1,0,0,,0
"POINT (10.539847864000023 52.267989205000049)",Unfall 132293 (2017) Kat:3, Licht: 0,132293,3,2,5,08,06,4,0,0,0,1,0,0,,0
"POINT (10.527896567000028 52.265491233000034)",Unfall 132357 (2017) Kat:3, Licht: 0,132357,3,3,5,07,20,2,0,0,1,0,0,0,,0
"POINT (10.479203637000069 52.275247713000056)",Unfall 132358 (2017) Kat:3, Licht: 0,132358,3,2,5,07,11,2,0,0,1,1,0,0,,0
"POINT (10.525034436000055 52.258452887000033)",Unfall 132381 (2017) Kat:3, Licht: 0,132381,3,1,8,07,20,1,0,0,0,1,0,1,,0
"POINT (10.516666826000062 52.274528088000068)",Unfall 132382 (2017) Kat:3, Licht: 2,132382,3,1,0,07,01,1,0,2,1,1,0,0,,0
"POINT (10.507071929000062 52.274684277000063)",Unfall 132383 (2017) Kat:3, Licht: 2,132383,3,1,1,07,01,1,0,2,1,1,0,0,,0
"POINT (10.527658461000044 52.266239783000060)",Unfall 132404 (2017) Kat:3, Licht: 0,132404,3,3,5,07,18,7,0,0,1,1,0,0,,0
"POINT (10.513348298000039 52.252477877000047)",Unfall 132420 (2017) Kat:3, Licht: 0,132420,3,5,1,07,20,6,0,0,1,1,0,0,,0
"POINT (10.519971906000023 52.312772978000055)",Unfall 132421 (2017) Kat:3, Licht: 0,132421,3,7,0,07,13,6,0,0,0,1,1,0,,0
"POINT (10.529240378000054 52.287785404000033)",Unfall 132439 (2017) Kat:3, Licht: 0,132439,3,3,5,08,19,7,0,0,1,1,0,0,,0
"POINT (10.521289500000023 52.259753472000057)",Unfall 132468 (2017) Kat:3, Licht: 0,132468,3,2,4,08,19,6,1,0,1,1,0,0,,0
"POINT (10.537799391000021 52.266078366000045)",Unfall 132469 (2017) Kat:3, Licht: 0,132469,3,3,5,08,16,6,1,0,1,1,0,0,,0
"POINT (10.525459342000033 52.265141191000055)",Unfall 132470 (2017) Kat:3, Licht: 0,132470,3,7,6,08,15,6,1,0,0,0,1,0,,1
"POINT (10.542207887000075 52.301156372000037)",Unfall 132515 (2017) Kat:3, Licht: 0,132515,3,3,5,08,17,5,0,0,1,1,0,0,,0
"POINT (10.498639206000064 52.216044581000062)",Unfall 132574 (2017) Kat:3, Licht: 0,132574,3,3,5,08,15,4,0,0,0,1,0,0,,1
"POINT (10.554508569000063 52.233072199000048)",Unfall 132602 (2017) Kat:2, Licht: 0,132602,2,4,6,08,07,3,0,0,1,0,1,0,,0
"POINT (10.525883929000031 52.276843456000051)",Unfall 132603 (2017) Kat:3, Licht: 0,132603,3,2,0,08,16,3,0,0,0,1,0,1,,0
"POINT (10.548418676000040 52.268019659000061)",Unfall 132604 (2017) Kat:3, Licht: 0,132604,3,7,5,08,11,3,0,0,0,1,0,0,,0
"POINT (10.536543903000052 52.241304496000055)",Unfall 132669 (2017) Kat:3, Licht: 2,132669,3,1,0,08,21,1,0,2,1,0,0,0,,0
"POINT (10.503836901000057 52.264599810000050)",Unfall 132670 (2017) Kat:2, Licht: 2,132670,2,3,5,08,22,1,0,2,0,1,0,1,,0
"POINT (10.561904599000059 52.278214219000063)",Unfall 132671 (2017) Kat:3, Licht: 0,132671,3,3,5,08,17,1,0,0,1,1,0,0,,0
"POINT (10.516405503000044 52.259020416000055)",Unfall 132672 (2017) Kat:3, Licht: 2,132672,3,1,8,08,04,1,0,2,0,0,0,1,,0
"POINT (10.528898199000025 52.264961715000027)",Unfall 132691 (2017) Kat:2, Licht: 2,132691,2,1,8,08,22,7,0,2,1,1,0,0,,0
"POINT (10.546954548000031 52.266260657000032)",Unfall 132732 (2017) Kat:3, Licht: 0,132732,3,3,5,08,16,6,1,0,1,1,0,0,,0
"POINT (10.523898075000034 52.271412683000051)",Unfall 132733 (2017) Kat:2, Licht: 0,132733,2,1,0,08,17,6,1,0,1,0,0,0,,0
"POINT (10.521703567000031 52.282258210000066)",Unfall 132734 (2017) Kat:3, Licht: 0,132734,3,3,0,08,11,6,1,0,1,1,0,0,,0
"POINT (10.515383012000029 52.318544933000055)",Unfall 132783 (2017) Kat:3, Licht: 0,132783,3,3,5,08,16,5,0,0,1,1,0,0,,0
"POINT (10.542392526000071 52.251031271000045)",Unfall 132784 (2017) Kat:3, Licht: 0,132784,3,1,8,08,11,5,0,0,0,1,0,0,,0
"POINT (10.540722675000040 52.308647996000047)",Unfall 132785 (2017) Kat:2, Licht: 0,132785,2,3,5,08,06,5,0,0,1,1,0,0,,0
"POINT (10.527934445000028 52.282329977000074)",Unfall 132823 (2017) Kat:3, Licht: 0,132823,3,2,2,08,15,4,0,0,0,1,0,0,,0
"POINT (10.525372356000048 52.261705061000043)",Unfall 132824 (2017) Kat:3, Licht: 0,132824,3,2,4,08,12,4,0,0,1,1,0,0,,0
"POINT (10.480742611000039 52.229730517000064)",Unfall 132993 (2017) Kat:3, Licht: 0,132993,3,3,5,08,16,7,0,0,0,1,0,0,,1
"POINT (10.503488233000041 52.207410654000057)",Unfall 132994 (2017) Kat:1, Licht: 0,132994,1,1,4,08,13,7,0,0,0,1,0,1,,0
"POINT (10.518925239000055 52.260554206000052)",Unfall 133068 (2017) Kat:3, Licht: 0,133068,3,3,5,08,12,5,0,0,1,1,0,0,,0
"POINT (10.510683545000063 52.268829712000070)",Unfall 133069 (2017) Kat:3, Licht: 0,133069,3,2,2,08,09,5,1,0,0,1,0,0,,0
"POINT (10.508793813000068 52.255839128000048)",Unfall 133103 (2017) Kat:3, Licht: 0,133103,3,4,6,08,13,4,0,0,0,1,1,0,,0
"POINT (10.531132801000069 52.274418104000063)",Unfall 133104 (2017) Kat:3, Licht: 0,133104,3,5,0,08,14,4,0,0,1,1,0,0,,0
"POINT (10.447863868000070 52.266473010000027)",Unfall 133105 (2017) Kat:3, Licht: 0,133105,3,3,5,08,07,4,0,0,0,1,0,0,,0
"POINT (10.518808953000075 52.286873919000072)",Unfall 133172 (2017) Kat:3, Licht: 0,133172,3,2,2,08,14,2,0,0,0,1,0,0,,0
"POINT (10.526289189000067 52.264117755000029)",Unfall 133225 (2017) Kat:3, Licht: 0,133225,3,4,6,09,17,2,0,0,1,0,1,0,,0
"POINT (10.524026842000069 52.287587258000030)",Unfall 133226 (2017) Kat:3, Licht: 0,133226,3,3,5,09,14,2,0,0,0,1,0,0,,0
"POINT (10.518286663000026 52.256132482000055)",Unfall 133227 (2017) Kat:3, Licht: 0,133227,3,6,2,09,08,2,0,0,0,1,0,0,,0
"POINT (10.514081183000030 52.318778614000053)",Unfall 133228 (2017) Kat:3, Licht: 0,133228,3,3,5,09,07,2,0,0,0,1,0,0,,0
"POINT (10.537534878000031 52.319698377000066)",Unfall 133276 (2017) Kat:3, Licht: 0,133276,3,2,3,09,10,7,0,0,0,1,0,0,,0
"POINT (10.513790609000068 52.267422397000075)",Unfall 133352 (2017) Kat:3, Licht: 0,133352,3,6,2,08,19,5,0,0,0,1,0,0,,0
"POINT (10.528542575000074 52.275505087000056)",Unfall 133392 (2017) Kat:3, Licht: 0,133392,3,2,5,08,19,4,0,0,1,1,0,0,,0
"POINT (10.542445979000036 52.275164735000033)",Unfall 133393 (2017) Kat:3, Licht: 0,133393,3,2,3,08,13,4,0,0,1,1,0,0,,0
"POINT (10.513002352000058 52.267765181000073)",Unfall 133394 (2017) Kat:3, Licht: 0,133394,3,3,5,08,08,4,0,0,1,1,0,0,,0
"POINT (10.501581116000068 52.270629539000026)",Unfall 133438 (2017) Kat:3, Licht: 0,133438,3,2,5,08,18,3,0,0,1,1,0,0,,0
"POINT (10.498537753000051 52.260613448000072)",Unfall 133439 (2017) Kat:3, Licht: 0,133439,3,3,5,08,18,3,0,0,1,0,0,0,,1
"POINT (10.531129969000062 52.317542296000056)",Unfall 133500 (2017) Kat:3, Licht: 0,133500,3,6,2,09,17,3,0,0,0,1,0,0,,0
"POINT (10.526188167000043 52.262531850000073)",Unfall 133501 (2017) Kat:3, Licht: 0,133501,3,6,2,09,10,3,0,0,0,1,0,0,,0
"POINT (10.527961688000062 52.265499184000078)",Unfall 133502 (2017) Kat:3, Licht: 0,133502,3,2,5,09,11,3,0,0,1,1,0,0,,0
"POINT (10.534642148000046 52.277527216000067)",Unfall 133503 (2017) Kat:3, Licht: 0,133503,3,2,5,09,08,3,0,0,1,1,0,0,,0
"POINT (10.544373027000063 52.271865955000067)",Unfall 133504 (2017) Kat:3, Licht: 0,133504,3,3,5,09,07,3,0,0,1,1,0,0,,0
"POINT (10.600661451000065 52.291310333000069)",Unfall 133533 (2017) Kat:3, Licht: 0,133533,3,3,5,09,16,2,0,0,1,1,0,0,,0
"POINT (10.522116623000045 52.262268661000064)",Unfall 133570 (2017) Kat:2, Licht: 2,133570,2,6,6,09,22,7,0,2,1,0,1,0,,0
"POINT (10.529224946000056 52.269066112000075)",Unfall 133571 (2017) Kat:3, Licht: 2,133571,3,5,3,09,20,7,1,2,0,1,0,1,,0
"POINT (10.503836901000057 52.264599810000050)",Unfall 133611 (2017) Kat:3, Licht: 0,133611,3,3,5,09,14,6,0,0,0,1,0,0,,0
"POINT (10.526206451000064 52.264945486000045)",Unfall 133644 (2017) Kat:3, Licht: 0,133644,3,1,0,09,15,5,1,0,0,0,0,1,,0
"POINT (10.514901456000075 52.321972924000079)",Unfall 133645 (2017) Kat:2, Licht: 0,133645,2,3,5,09,07,5,0,0,1,1,0,0,,0
"POINT (10.526188167000043 52.262531850000073)",Unfall 133685 (2017) Kat:3, Licht: 0,133685,3,2,3,09,17,4,0,0,1,1,0,0,,0
"POINT (10.514372544000025 52.264534826000045)",Unfall 133686 (2017) Kat:3, Licht: 0,133686,3,6,2,09,11,4,1,0,0,1,0,1,,0
"POINT (10.551556046000030 52.290111369000044)",Unfall 133687 (2017) Kat:3, Licht: 0,133687,3,2,4,09,12,4,1,0,1,0,0,0,,0
"POINT (10.478751319000025 52.240332549000073)",Unfall 133757 (2017) Kat:3, Licht: 0,133757,3,2,4,09,11,5,0,0,1,1,0,0,,0
"POINT (10.525724540000056 52.268117173000064)",Unfall 133814 (2017) Kat:3, Licht: 1,133814,3,3,5,09,06,3,0,1,0,1,0,0,,0
"POINT (10.507517222000047 52.245794859000057)",Unfall 133856 (2017) Kat:3, Licht: 0,133856,3,1,8,09,17,2,1,0,0,0,0,1,,0
"POINT (10.526284525000051 52.265337757000054)",Unfall 133857 (2017) Kat:3, Licht: 0,133857,3,7,0,09,08,2,0,0,0,0,0,0,,1
"POINT (10.503905601000042 52.225056778000067)",Unfall 133858 (2017) Kat:3, Licht: 2,133858,3,1,0,09,05,2,1,2,0,0,0,1,,0
"POINT (10.516500712000038 52.259118987000079)",Unfall 133876 (2017) Kat:3, Licht: 2,133876,3,3,5,09,04,1,0,2,0,1,0,0,,1
"POINT (10.508863656000074 52.270226777000062)",Unfall 133935 (2017) Kat:3, Licht: 1,133935,3,2,3,09,18,6,0,1,1,1,0,0,,0
"POINT (10.508696545000021 52.251475906000053)",Unfall 133936 (2017) Kat:3, Licht: 0,133936,3,3,5,09,16,6,1,0,1,0,0,0,,0
"POINT (10.549556136000035 52.266619617000060)",Unfall 133937 (2017) Kat:3, Licht: 0,133937,3,6,2,09,09,6,0,0,0,1,0,0,,0
"POINT (10.512255675000063 52.258362490000081)",Unfall 133968 (2017) Kat:3, Licht: 0,133968,3,3,5,09,18,5,0,0,1,1,0,0,,0
"POINT (10.540547768000067 52.244895067000073)",Unfall 133969 (2017) Kat:3, Licht: 0,133969,3,7,0,09,16,5,0,0,0,1,0,0,,0
"POINT (10.545081419000041 52.269398123000030)",Unfall 134008 (2017) Kat:3, Licht: 0,134008,3,3,5,09,07,4,0,0,0,1,0,1,,0
"POINT (10.534126858000036 52.270371220000072)",Unfall 134009 (2017) Kat:3, Licht: 0,134009,3,6,4,09,15,4,0,0,1,0,0,0,,0
"POINT (10.515936694000061 52.317894478000028)",Unfall 134010 (2017) Kat:3, Licht: 0,134010,3,3,5,09,10,4,1,0,1,1,0,0,,0
"POINT (10.526411053000061 52.203711232000046)",Unfall 134011 (2017) Kat:3, Licht: 1,134011,3,2,5,09,06,4,1,1,1,1,0,0,,0
"POINT (10.535360757000035 52.278399422000064)",Unfall 134089 (2017) Kat:3, Licht: 1,134089,3,7,2,09,17,5,1,1,0,1,0,0,,0
"POINT (10.514366617000064 52.265876549000041)",Unfall 134114 (2017) Kat:3, Licht: 1,134114,3,2,4,09,18,4,1,1,0,1,0,0,,0
"POINT (10.523293094000053 52.268645433000074)",Unfall 134176 (2017) Kat:3, Licht: 0,134176,3,3,5,09,16,2,1,0,1,1,0,0,,0
"POINT (10.521945234000043 52.267158404000043)",Unfall 134177 (2017) Kat:2, Licht: 0,134177,2,4,6,09,07,2,0,0,0,0,1,0,,1
"POINT (10.525739982000061 52.320771483000044)",Unfall 134178 (2017) Kat:3, Licht: 0,134178,3,1,0,09,07,2,1,0,0,0,0,1,,0
"POINT (10.513468607000050 52.256685229000027)",Unfall 134203 (2017) Kat:2, Licht: 2,134203,2,7,0,09,04,1,0,2,0,1,0,0,,0
"POINT (10.536090641000044 52.259982607000040)",Unfall 134268 (2017) Kat:2, Licht: 0,134268,2,3,5,09,16,6,0,0,0,1,0,1,,0
"POINT (10.522707006000076 52.296494002000031)",Unfall 134301 (2017) Kat:3, Licht: 2,134301,3,3,5,10,20,4,0,2,1,1,0,0,,0
"POINT (10.517715509000027 52.256745109000065)",Unfall 134302 (2017) Kat:3, Licht: 0,134302,3,3,5,10,15,4,0,0,0,1,0,0,,0
"POINT (10.540645886000050 52.302972066000052)",Unfall 134303 (2017) Kat:3, Licht: 1,134303,3,3,5,10,06,4,0,1,1,1,0,0,,0
"POINT (10.545590320000031 52.264301413000055)",Unfall 134336 (2017) Kat:3, Licht: 0,134336,3,3,5,10,17,3,1,0,1,1,0,0,,0
"POINT (10.519744040000035 52.264767946000063)",Unfall 134337 (2017) Kat:3, Licht: 1,134337,3,6,4,10,07,3,1,1,1,0,0,1,,0
"POINT (10.510434359000044 52.311528363000036)",Unfall 134419 (2017) Kat:3, Licht: 0,134419,3,3,5,10,15,6,1,0,0,1,0,1,,0
"POINT (10.540645886000050 52.302972066000052)",Unfall 134420 (2017) Kat:3, Licht: 0,134420,3,2,5,10,13,6,1,0,1,1,0,0,,0
"POINT (10.524098970000068 52.287577526000064)",Unfall 134421 (2017) Kat:3, Licht: 0,134421,3,3,5,10,13,6,1,0,0,1,0,0,,0
"POINT (10.540155182000035 52.256759814000077)",Unfall 134422 (2017) Kat:3, Licht: 0,134422,3,2,5,10,12,6,0,0,1,1,0,0,,0
"POINT (10.507819392000044 52.263391119000062)",Unfall 134512 (2017) Kat:2, Licht: 2,134512,2,5,1,10,01,2,0,2,1,1,0,0,,0
"POINT (10.517936769000073 52.257510077000063)",Unfall 134513 (2017) Kat:3, Licht: 0,134513,3,3,5,10,08,2,1,0,0,1,0,0,,0
"POINT (10.525911872000052 52.277221544000042)",Unfall 134538 (2017) Kat:3, Licht: 2,134538,3,1,0,10,21,1,0,2,1,0,0,0,,0
"POINT (10.522035973000072 52.261361652000062)",Unfall 134561 (2017) Kat:2, Licht: 0,134561,2,6,3,09,14,7,0,0,1,0,0,0,,0
"POINT (10.459492440000076 52.306521128000043)",Unfall 134562 (2017) Kat:3, Licht: 0,134562,3,2,2,09,10,7,1,0,0,1,0,1,,0
"POINT (10.507295022000051 52.235452783000028)",Unfall 134619 (2017) Kat:3, Licht: 0,134619,3,3,5,10,09,5,0,0,1,1,0,0,,0
"POINT (10.527219887000058 52.258303075000072)",Unfall 134620 (2017) Kat:3, Licht: 0,134620,3,2,5,10,14,5,0,0,1,1,0,0,,0
"POINT (10.531194376000030 52.265461667000068)",Unfall 134621 (2017) Kat:3, Licht: 0,134621,3,5,3,10,13,5,0,0,1,1,0,0,,0
"POINT (10.550593838000054 52.272986549000052)",Unfall 134661 (2017) Kat:3, Licht: 0,134661,3,7,0,10,16,4,0,0,1,0,0,0,,0
"POINT (10.519767543000057 52.265603889000033)",Unfall 134662 (2017) Kat:2, Licht: 0,134662,2,3,5,10,16,4,0,0,1,1,0,0,,0
"POINT (10.558360732000040 52.324474388000056)",Unfall 134663 (2017) Kat:3, Licht: 0,134663,3,4,6,10,16,4,0,0,0,1,1,0,,0
"POINT (10.518335624000031 52.261471332000042)",Unfall 134696 (2017) Kat:3, Licht: 0,134696,3,6,1,10,15,3,0,0,0,1,0,1,,0
"POINT (10.510295768000049 52.252314376000072)",Unfall 134697 (2017) Kat:3, Licht: 0,134697,3,3,5,10,10,3,0,0,1,0,0,0,,0
"POINT (10.547449190000066 52.270023014000060)",Unfall 134698 (2017) Kat:3, Licht: 0,134698,3,3,5,10,08,3,1,0,1,0,0,0,,0
"POINT (10.507552388000022 52.245800912000050)",Unfall 134699 (2017) Kat:3, Licht: 1,134699,3,3,5,10,07,3,0,1,1,1,0,0,,0
"POINT (10.540565950000030 52.268186835000051)",Unfall 134746 (2017) Kat:3, Licht: 0,134746,3,5,1,10,13,1,0,0,1,1,0,0,,0
"POINT (10.507659422000074 52.245920689000059)",Unfall 134766 (2017) Kat:3, Licht: 0,134766,3,2,2,10,13,7,0,0,0,1,0,0,,0
"POINT (10.522184499000048 52.264221961000032)",Unfall 134797 (2017) Kat:3, Licht: 2,134797,3,7,0,10,05,6,0,2,1,1,0,0,,0
"POINT (10.514559572000053 52.266866168000035)",Unfall 134853 (2017) Kat:3, Licht: 2,134853,3,1,4,10,21,6,1,2,0,1,0,0,,0
"POINT (10.527708806000021 52.265596249000055)",Unfall 134854 (2017) Kat:3, Licht: 0,134854,3,2,5,10,14,6,1,0,1,1,0,0,,0
"POINT (10.561544403000028 52.292049344000077)",Unfall 134855 (2017) Kat:3, Licht: 1,134855,3,7,3,10,12,6,1,1,1,1,0,0,,0
"POINT (10.526394135000032 52.264119776000030)",Unfall 134885 (2017) Kat:3, Licht: 0,134885,3,6,4,10,16,5,0,0,1,0,1,0,,0
"POINT (10.534901614000034 52.277538196000080)",Unfall 134886 (2017) Kat:3, Licht: 2,134886,3,2,4,10,20,5,0,2,0,1,0,0,,0
"POINT (10.503719848000060 52.258223180000073)",Unfall 134887 (2017) Kat:3, Licht: 0,134887,3,5,1,10,17,5,0,0,0,1,0,1,,0
"POINT (10.533820677000051 52.275277683000070)",Unfall 134888 (2017) Kat:3, Licht: 0,134888,3,3,5,10,08,5,0,0,1,1,0,0,,0
"POINT (10.519765061000044 52.275150806000056)",Unfall 134923 (2017) Kat:3, Licht: 0,134923,3,6,2,10,07,4,1,0,0,1,0,0,,0
"POINT (10.514204465000034 52.265876560000038)",Unfall 134924 (2017) Kat:3, Licht: 0,134924,3,3,5,10,07,4,0,0,1,1,0,0,,0
"POINT (10.498780336000038 52.277160954000067)",Unfall 134925 (2017) Kat:3, Licht: 1,134925,3,3,5,10,17,4,1,1,1,1,0,0,,0