WKT,Name,OBJECTID,UKATEGORIE,UTYP1,UART,UMONAT,USTUNDE,UWOCHENTAG,STRZUSTAND,ULICHTVERH,ISTRAD,ISTPKW,ISTFUSS,ISTKRAD,ISTGKFZ,ISTSONSTIG
"POINT (10.523244682000040 52.261506614000041)",Unfall 131140 (2018) Kat:3, Licht: 0,131140,3,3,5,04,14,1,0,0,1,0,0,0,0,0
"POINT (10.523244682000040 52.261506614000041)",Unfall 131164 (2018) Kat:3, Licht: 1,131164,3,2,4,04,20,4,1,1,1,0,0,0,0,0
"POINT (10.525739982000061 52.320771483000044)",Unfall 131166 (2018) Kat:3, Licht: 0,131166,3,1,8,04,17,4,1,0,0,1,0,0,0,0
"POINT (10.529252657000029 52.251599206000037)",Unfall 131173 (2018) Kat:3, Licht: 0,131173,3,2,2,04,12,3,0,0,0,1,0,0,0,1
"POINT (10.528340916000047 52.258352622000075)",Unfall 131176 (2018) Kat:3, Licht: 0,131176,3,2,2,04,16,2,0,0,0,1,0,0,0,0
"POINT (10.529515040000035 52.215822685000035)",Unfall 131239 (2018) Kat:2, Licht: 0,131239,2,4,6,04,14,7,0,0,0,1,1,0,0,0
"POINT (10.513123980000046 52.273695247000035)",Unfall 131266 (2018) Kat:3, Licht: 2,131266,3,6,4,04,20,3,0,2,1,0,0,1,0,0
"POINT (10.516956211000036 52.257910763000041)",Unfall 131290 (2018) Kat:2, Licht: 2,131290,2,3,5,04,20,2,0,2,0,1,0,0,0,0
"POINT (10.536850261000041 52.267017534000047)",Unfall 131308 (2018) Kat:3, Licht: 0,131308,3,5,3,04,17,2,0,0,0,1,0,0,0,1
"POINT (10.511030642000037 52.245923194000056)",Unfall 131332 (2018) Kat:3, Licht: 0,131332,3,3,5,04,07,6,0,0,0,1,0,0,0,1
"POINT (10.475872156000037 52.230832731000078)",Unfall 131341 (2018) Kat:3, Licht: 0,131341,3,1,5,04,08,4,0,0,1,1,0,0,0,0
"POINT (10.547010100000023 52.241987367000036)",Unfall 131354 (2018) Kat:2, Licht: 0,131354,2,2,5,04,15,1,0,0,1,1,0,1,0,0
"POINT (10.546954548000031 52.266260657000032)",Unfall 131373 (2018) Kat:3, Licht: 0,131373,3,3,5,04,12,5,0,0,0,1,0,1,0,0
"POINT (10.534668034000049 52.283034284000053)",Unfall 131385 (2018) Kat:3, Licht: 0,131385,3,2,3,04,15,3,0,0,0,0,0,1,0,1
"POINT (10.538460509000060 52.285503911000035)",Unfall 131442 (2018) Kat:3, Licht: 0,131442,3,7,5,04,16,6,0,0,1,1,0,0,0,0
"POINT (10.480676573000039 52.229014193000069)",Unfall 131449 (2018) Kat:3, Licht: 0,131449,3,7,0,04,09,4,0,0,0,1,1,0,0,1
"POINT (10.529874676000077 52.274454066000033)",Unfall 131499 (2018) Kat:3, Licht: 0,131499,3,3,5,04,18,3,0,0,1,0,0,0,0,0
"POINT (10.546547921000069 52.267716318000055)",Unfall 131507 (2018) Kat:3, Licht: 0,131507,3,3,5,04,07,4,0,0,1,1,0,0,0,0
"POINT (10.529535076000059 52.288431246000073)",Unfall 131508 (2018) Kat:3, Licht: 0,131508,3,7,0,04,11,7,0,0,1,1,0,0,0,0
"POINT (10.471270183000058 52.244522670000038)",Unfall 131528 (2018) Kat:3, Licht: 0,131528,3,2,4,04,07,4,0,0,0,1,0,1,0,0
"POINT (10.511427574000038 52.247429870000076)",Unfall 131625 (2018) Kat:3, Licht: 0,131625,3,3,5,05,12,6,0,0,0,1,0,0,0,0
"POINT (10.540793910000048 52.286700491000033)",Unfall 131662 (2018) Kat:2, Licht: 0,131662,2,3,5,04,20,6,0,0,1,0,0,0,0,0
"POINT (10.548258423000050 52.276749926000036)",Unfall 131674 (2018) Kat:3, Licht: 0,131674,3,3,6,04,09,5,1,0,1,0,1,0,0,0
"POINT (10.508081157000049 52.246000964000075)",Unfall 131693 (2018) Kat:3, Licht: 0,131693,3,6,2,05,14,3,0,0,0,1,0,1,0,0
"POINT (10.511366265000049 52.246997101000034)",Unfall 131813 (2018) Kat:3, Licht: 0,131813,3,3,5,05,16,5,0,0,0,1,0,1,0,0
"POINT (10.527129519000027 52.275598076000051)",Unfall 131896 (2018) Kat:3, Licht: 0,131896,3,3,5,05,10,6,0,0,1,1,0,0,0,0
"POINT (10.538399356000070 52.285509402000059)",Unfall 131904 (2018) Kat:3, Licht: 0,131904,3,2,4,05,15,3,0,0,1,1,0,0,0,0
"POINT (10.538950609000040 52.256759411000075)",Unfall 131934 (2018) Kat:2, Licht: 0,131934,2,5,3,05,18,2,0,0,0,1,0,1,0,0
"POINT (10.566601036000066 52.279993089000072)",Unfall 131935 (2018) Kat:2, Licht: 0,131935,2,4,6,05,13,2,0,0,0,1,1,0,0,0
"POINT (10.527670755000031 52.258850745000075)",Unfall 131944 (2018) Kat:3, Licht: 0,131944,3,5,3,05,09,2,0,0,0,1,0,0,0,1
"POINT (10.440135314000031 52.303978563000044)",Unfall 131946 (2018) Kat:2, Licht: 0,131946,2,2,5,05,18,3,0,0,1,1,0,0,0,0
"POINT (10.518108540000071 52.259573794000062)",Unfall 131960 (2018) Kat:3, Licht: 0,131960,3,6,2,05,14,3,0,0,0,1,0,0,0,0
"POINT (10.506714335000026 52.293643700000075)",Unfall 132004 (2018) Kat:2, Licht: 0,132004,2,4,6,05,17,3,0,0,0,1,1,0,0,0
"POINT (10.565029130000028 52.289928547000045)",Unfall 132025 (2018) Kat:3, Licht: 0,132025,3,5,1,05,17,1,0,0,1,0,0,0,0,0
"POINT (10.527430614000025 52.330591034000065)",Unfall 132027 (2018) Kat:3, Licht: 0,132027,3,2,4,05,17,1,0,0,0,1,0,0,0,0
"POINT (10.526428110000040 52.266524051000033)",Unfall 132029 (2018) Kat:3, Licht: 0,132029,3,6,0,05,09,1,0,0,0,1,1,0,0,0
"POINT (10.530194201000029 52.214864421000073)",Unfall 132066 (2018) Kat:3, Licht: 0,132066,3,4,6,05,11,3,0,0,0,0,1,0,0,1
"POINT (10.535620592000043 52.246948584000052)",Unfall 132078 (2018) Kat:3, Licht: 0,132078,3,6,4,05,15,3,0,0,1,0,0,0,0,0
"POINT (10.565470595000022 52.223106220000034)",Unfall 132093 (2018) Kat:3, Licht: 0,132093,3,3,5,05,10,5,0,0,1,1,0,0,0,0
"POINT (10.474959548000072 52.249360027000080)",Unfall 132119 (2018) Kat:3, Licht: 0,132119,3,3,6,05,15,3,0,0,0,1,1,0,0,0
"POINT (10.527684700000066 52.285639045000039)",Unfall 132132 (2018) Kat:3, Licht: 0,132132,3,2,4,05,07,3,0,0,0,0,0,1,0,1
"POINT (10.542923184000074 52.262927679000029)",Unfall 132136 (2018) Kat:3, Licht: 0,132136,3,2,4,05,18,7,0,0,0,1,0,0,0,0
"POINT (10.511238727000034 52.268597582000041)",Unfall 132141 (2018) Kat:3, Licht: 0,132141,3,7,0,05,15,5,0,0,1,1,0,0,0,0
"POINT (10.462069410000026 52.308161747000042)",Unfall 132142 (2018) Kat:3, Licht: 0,132142,3,3,5,05,12,3,0,0,1,1,0,0,0,0
"POINT (10.527955483000028 52.265498426000079)",Unfall 132143 (2018) Kat:3, Licht: 0,132143,3,2,5,05,09,5,0,0,1,1,0,0,0,0
"POINT (10.507994045000032 52.234700987000053)",Unfall 132188 (2018) Kat:3, Licht: 0,132188,3,6,2,05,13,1,0,0,0,1,0,0,0,0
"POINT (10.527731463000066 52.265471077000029)",Unfall 132208 (2018) Kat:3, Licht: 2,132208,3,3,5,05,22,4,0,2,1,1,0,0,0,0
"POINT (10.526296874000025 52.260057606000032)",Unfall 132212 (2018) Kat:3, Licht: 0,132212,3,2,3,05,08,4,0,0,1,0,0,0,1,0
"POINT (10.489215160000072 52.278940972000044)",Unfall 132242 (2018) Kat:3, Licht: 0,132242,3,1,0,05,18,7,0,0,1,0,0,0,0,0
"POINT (10.526177905000054 52.265071077000073)",Unfall 132253 (2018) Kat:2, Licht: 0,132253,2,1,0,05,18,3,0,0,0,0,0,1,0,0
"POINT (10.514810701000044 52.267067355000052)",Unfall 132286 (2018) Kat:3, Licht: 0,132286,3,7,0,05,15,2,0,0,1,0,0,0,0,0
"POINT (10.527394995000066 52.281225385000027)",Unfall 132353 (2018) Kat:3, Licht: 0,132353,3,2,3,05,17,3,0,0,1,1,0,0,0,0
"POINT (10.513421287000028 52.220243409000034)",Unfall 132385 (2018) Kat:2, Licht: 0,132385,2,7,0,05,20,1,0,0,0,0,0,1,0,0
"POINT (10.507383778000076 52.271912119000035)",Unfall 132390 (2018) Kat:2, Licht: 0,132390,2,5,3,05,21,2,0,0,0,1,0,1,0,0
"POINT (10.515389200000072 52.311418833000062)",Unfall 132415 (2018) Kat:3, Licht: 0,132415,3,2,5,05,08,7,0,0,0,1,0,0,0,0
"POINT (10.527284044000055 52.268543418000036)",Unfall 132497 (2018) Kat:3, Licht: 0,132497,3,2,5,05,14,3,0,0,1,1,0,0,0,0
"POINT (10.549162487000046 52.276384527000062)",Unfall 132498 (2018) Kat:3, Licht: 0,132498,3,3,5,05,08,5,0,0,1,1,0,0,0,0
"POINT (10.540841950000072 52.295880995000061)",Unfall 132502 (2018) Kat:3, Licht: 0,132502,3,5,1,05,15,5,0,0,0,1,0,0,0,0
"POINT (10.561904599000059 52.278214219000063)",Unfall 132554 (2018) Kat:3, Licht: 0,132554,3,3,5,05,11,1,0,0,1,1,0,0,0,0
"POINT (10.495207684000036 52.253680438000060)",Unfall 132562 (2018) Kat:3, Licht: 0,132562,3,2,2,05,16,7,0,0,0,1,0,0,0,0
"POINT (10.517057318000070 52.266603288000056)",Unfall 132563 (2018) Kat:3, Licht: 2,132563,3,1,9,05,03,1,0,2,0,1,0,0,0,0
"POINT (10.511333684000022 52.248835855000038)",Unfall 132618 (2018) Kat:3, Licht: 0,132618,3,3,5,05,16,4,0,0,0,1,0,0,0,0
"POINT (10.476704082000026 52.241867994000074)",Unfall 132643 (2018) Kat:3, Licht: 0,132643,3,3,5,05,20,6,0,0,1,1,0,0,0,0
"POINT (10.497366911000029 52.266727898000056)",Unfall 132715 (2018) Kat:3, Licht: 0,132715,3,6,2,06,16,6,0,0,1,1,0,0,0,0
"POINT (10.536441228000058 52.229855632000067)",Unfall 132725 (2018) Kat:3, Licht: 0,132725,3,2,5,06,17,3,0,0,1,1,0,0,0,0
"POINT (10.533828276000065 52.275373992000027)",Unfall 132726 (2018) Kat:2, Licht: 0,132726,2,3,5,05,17,5,0,0,1,1,0,0,0,0
"POINT (10.519970660000070 52.298168133000047)",Unfall 132730 (2018) Kat:3, Licht: 0,132730,3,4,6,05,14,5,0,0,1,0,1,0,0,0
"POINT (10.505869857000050 52.268962202000068)",Unfall 132744 (2018) Kat:3, Licht: 0,132744,3,3,5,06,14,2,0,0,0,1,0,0,0,0
"POINT (10.519327997000062 52.287972054000079)",Unfall 132745 (2018) Kat:3, Licht: 0,132745,3,3,5,06,17,7,0,0,1,1,0,0,0,0
"POINT (10.537807849000046 52.284224873000028)",Unfall 132766 (2018) Kat:3, Licht: 0,132766,3,3,5,06,14,6,1,0,1,1,0,0,0,0
"POINT (10.566289448000077 52.258170151000058)",Unfall 132795 (2018) Kat:3, Licht: 0,132795,3,6,3,06,12,2,0,0,1,1,0,0,0,0
"POINT (10.509072402000072 52.255430741000055)",Unfall 132833 (2018) Kat:3, Licht: 0,132833,3,4,6,06,18,2,0,0,1,0,1,0,0,0
"POINT (10.526642286000026 52.226273345000038)",Unfall 132876 (2018) Kat:3, Licht: 0,132876,3,3,6,06,13,6,0,0,1,0,1,0,0,0
"POINT (10.540657180000039 52.267232926000077)",Unfall 132900 (2018) Kat:3, Licht: 0,132900,3,2,3,06,14,3,0,0,1,1,0,0,0,0
"POINT (10.526372526000046 52.264214847000062)",Unfall 132903 (2018) Kat:3, Licht: 0,132903,3,6,2,06,14,2,0,0,0,1,0,0,0,0
"POINT (10.516362552000032 52.259005125000044)",Unfall 132915 (2018) Kat:2, Licht: 0,132915,2,3,5,05,16,4,0,0,0,1,0,0,0,0
"POINT (10.540968225000029 52.260802445000081)",Unfall 132922 (2018) Kat:3, Licht: 0,132922,3,5,1,06,09,6,0,0,1,1,0,0,0,0
"POINT (10.501430605000053 52.260754519000045)",Unfall 132983 (2018) Kat:2, Licht: 0,132983,2,7,0,06,20,2,0,0,1,0,0,0,0,0
"POINT (10.523244682000040 52.261506614000041)",Unfall 132997 (2018) Kat:3, Licht: 0,132997,3,2,2,06,16,3,0,0,0,1,0,0,0,0
"POINT (10.514181462000067 52.262718691000032)",Unfall 133012 (2018) Kat:3, Licht: 0,133012,3,6,2,06,13,2,0,0,0,1,0,1,0,0
"POINT (10.515444235000075 52.260793939000052)",Unfall 133088 (2018) Kat:3, Licht: 0,133088,3,3,5,06,14,2,0,0,1,1,0,0,0,0
"POINT (10.557963765000068 52.278650797000068)",Unfall 133105 (2018) Kat:3, Licht: 0,133105,3,2,5,06,15,5,0,0,0,1,0,0,0,0
"POINT (10.543028908000053 52.256771719000028)",Unfall 133107 (2018) Kat:3, Licht: 0,133107,3,7,6,06,09,5,0,0,0,1,1,0,0,0
"POINT (10.495561408000071 52.272380135000049)",Unfall 133108 (2018) Kat:3, Licht: 0,133108,3,1,6,06,09,5,0,0,0,1,1,0,0,0
"POINT (10.534578955000029 52.260490154000081)",Unfall 133110 (2018) Kat:3, Licht: 0,133110,3,7,0,06,18,3,0,0,0,0,0,0,0,1
"POINT (10.532248975000073 52.266280808000033)",Unfall 133111 (2018) Kat:3, Licht: 0,133111,3,5,0,06,09,5,0,0,0,1,0,0,0,1
"POINT (10.511202836000052 52.268611571000065)",Unfall 133114 (2018) Kat:2, Licht: 0,133114,2,4,6,06,06,5,0,0,0,1,1,0,0,0
"POINT (10.602602022000042 52.314285983000048)",Unfall 133176 (2018) Kat:3, Licht: 0,133176,3,5,1,06,09,4,0,0,1,1,0,0,0,0
"POINT (10.557423442000072 52.290073002000042)",Unfall 133189 (2018) Kat:3, Licht: 0,133189,3,6,4,06,16,1,0,0,0,1,0,0,0,0
"POINT (10.560725462000050 52.292537247000041)",Unfall 133191 (2018) Kat:2, Licht: 0,133191,2,3,5,06,10,1,0,0,0,1,0,1,0,0
"POINT (10.495262904000072 52.271776972000055)",Unfall 133212 (2018) Kat:3, Licht: 1,133212,3,2,4,06,21,3,0,1,1,1,0,0,0,0
"POINT (10.523771492000037 52.267267508000032)",Unfall 133244 (2018) Kat:3, Licht: 0,133244,3,4,6,06,18,4,0,0,1,0,1,0,0,0
"POINT (10.522077118000027 52.266720859000031)",Unfall 133260 (2018) Kat:3, Licht: 0,133260,3,3,5,06,13,3,0,0,1,1,0,0,0,0
"POINT (10.524487413000031 52.264071253000054)",Unfall 133284 (2018) Kat:3, Licht: 0,133284,3,6,3,06,12,2,0,0,1,0,0,0,0,1
"POINT (10.518785906000062 52.260644095000032)",Unfall 133328 (2018) Kat:3, Licht: 0,133328,3,6,3,06,20,6,0,0,1,0,0,0,0,0
"POINT (10.513417337000021 52.267582206000043)",Unfall 133330 (2018) Kat:3, Licht: 0,133330,3,3,5,06,08,6,0,0,1,1,0,0,0,0
"POINT (10.525990404000027 52.278265284000042)",Unfall 133332 (2018) Kat:3, Licht: 0,133332,3,6,2,06,08,6,1,0,0,1,0,0,0,0
"POINT (10.560714966000035 52.292535813000029)",Unfall 133372 (2018) Kat:3, Licht: 0,133372,3,3,5,06,15,3,0,0,1,1,0,0,0,0
"POINT (10.514307974000076 52.263417441000058)",Unfall 133423 (2018) Kat:2, Licht: 0,133423,2,4,6,06,13,4,0,0,0,0,1,1,0,0
"POINT (10.530917693000049 52.255761989000064)",Unfall 133438 (2018) Kat:3, Licht: 0,133438,3,3,5,06,06,3,0,0,1,1,0,0,0,0
"POINT (10.511234561000038 52.268599205000044)",Unfall 133461 (2018) Kat:3, Licht: 2,133461,3,6,0,06,01,1,0,2,1,0,0,0,0,0
"POINT (10.506138318000069 52.255231230000049)",Unfall 133462 (2018) Kat:2, Licht: 0,133462,2,3,5,06,13,5,0,0,0,1,0,0,0,0
"POINT (10.528542575000074 52.275505087000056)",Unfall 133481 (2018) Kat:3, Licht: 0,133481,3,6,2,06,12,4,0,0,0,1,0,0,1,0
"POINT (10.526973210000051 52.258285171000068)",Unfall 133483 (2018) Kat:3, Licht: 0,133483,3,2,5,06,18,3,0,0,1,1,0,0,0,0
"POINT (10.528119878000041 52.264881936000052)",Unfall 133493 (2018) Kat:3, Licht: 1,133493,3,5,1,06,05,7,0,1,1,1,0,0,0,0
"POINT (10.504967985000064 52.272105822000071)",Unfall 133519 (2018) Kat:3, Licht: 0,133519,3,3,5,06,19,4,0,0,0,1,0,0,0,0
"POINT (10.509141738000039 52.255285725000078)",Unfall 133530 (2018) Kat:2, Licht: 0,133530,2,4,6,06,12,5,0,0,0,1,1,0,0,0
"POINT (10.510031022000021 52.269182277000027)",Unfall 133566 (2018) Kat:3, Licht: 0,133566,3,6,2,06,13,6,0,0,0,1,0,0,0,0
"POINT (10.523618573000022 52.267393543000026)",Unfall 133567 (2018) Kat:3, Licht: 0,133567,3,1,0,06,12,6,0,0,1,0,0,0,0,1
"POINT (10.514855511000064 52.257378743000061)",Unfall 133570 (2018) Kat:2, Licht: 0,133570,2,5,5,06,19,5,0,0,1,1,0,0,0,0
"POINT (10.535419783000066 52.246932346000051)",Unfall 133573 (2018) Kat:3, Licht: 0,133573,3,3,5,06,16,4,0,0,1,1,0,0,0,0
"POINT (10.536349645000030 52.234299411000052)",Unfall 133631 (2018) Kat:3, Licht: 0,133631,3,2,5,06,17,4,0,0,1,1,0,0,0,0
"POINT (10.535943707000058 52.229194091000068)",Unfall 133643 (2018) Kat:3, Licht: 0,133643,3,3,5,06,05,5,0,0,0,1,0,1,0,0
"POINT (10.540681359000075 52.259139126000036)",Unfall 133645 (2018) Kat:3, Licht: 0,133645,3,3,5,06,05,5,0,0,1,1,0,0,0,0
"POINT (10.521874579000041 52.261360030000048)",Unfall 133648 (2018) Kat:3, Licht: 0,133648,3,1,0,06,17,3,0,0,1,0,0,0,0,0
"POINT (10.507258887000035 52.261271121000050)",Unfall 133682 (2018) Kat:3, Licht: 0,133682,3,5,1,06,20,5,0,0,1,1,0,0,0,0
"POINT (10.510875378000037 52.268657711000060)",Unfall 133684 (2018) Kat:3, Licht: 0,133684,3,3,5,06,15,4,0,0,1,1,0,0,0,0
"POINT (10.527437441000075 52.266206878000048)",Unfall 133754 (2018) Kat:3, Licht: 0,133754,3,3,5,07,10,3,0,0,1,1,0,0,0,0
"POINT (10.504379093000068 52.268631697000046)",Unfall 133760 (2018) Kat:3, Licht: 0,133760,3,5,2,06,20,7,0,0,0,1,0,0,0,0
"POINT (10.487797178000051 52.272397769000065)",Unfall 133764 (2018) Kat:3, Licht: 0,133764,3,7,6,06,11,7,0,0,0,1,1,0,0,0
"POINT (10.487531470000022 52.248899966000067)",Unfall 133767 (2018) Kat:3, Licht: 0,133767,3,4,6,06,07,7,0,0,0,1,1,0,0,0
"POINT (10.559821068000076 52.297272811000028)",Unfall 133782 (2018) Kat:3, Licht: 0,133782,3,6,4,07,20,6,0,0,1,0,0,0,0,0
"POINT (10.536967713000024 52.247132221000072)",Unfall 133804 (2018) Kat:3, Licht: 0,133804,3,7,0,07,14,1,0,0,0,1,0,1,0,0
"POINT (10.523291136000068 52.267025405000027)",Unfall 133837 (2018) Kat:3, Licht: 0,133837,3,6,2,07,15,2,0,0,0,1,0,1,0,0
"POINT (10.516555042000050 52.259074404000046)",Unfall 133842 (2018) Kat:3, Licht: 0,133842,3,7,4,07,18,4,0,0,1,0,0,0,0,0
"POINT (10.524744070000054 52.273143165000079)",Unfall 133899 (2018) Kat:2, Licht: 0,133899,2,3,5,06,16,6,0,0,1,1,0,0,0,0
"POINT (10.547463732000040 52.264561679000053)",Unfall 133902 (2018) Kat:3, Licht: 0,133902,3,3,5,06,10,6,0,0,0,1,0,0,0,1
"POINT (10.509437348000063 52.238446931000055)",Unfall 133922 (2018) Kat:3, Licht: 0,133922,3,6,3,07,07,3,0,0,0,1,0,0,1,0
"POINT (10.523067881000031 52.258517376000043)",Unfall 133933 (2018) Kat:3, Licht: 0,133933,3,2,2,07,17,3,0,0,0,1,0,1,0,0
"POINT (10.526624487000049 52.279672728000037)",Unfall 133941 (2018) Kat:3, Licht: 0,133941,3,2,5,07,15,3,0,0,1,1,0,0,0,0
"POINT (10.527572376000023 52.256413542000075)",Unfall 133944 (2018) Kat:3, Licht: 0,133944,3,2,3,07,14,3,0,0,1,1,0,0,0,0
"POINT (10.540084096000044 52.256767092000075)",Unfall 133953 (2018) Kat:3, Licht: 0,133953,3,3,5,07,15,2,0,0,0,1,0,0,0,0
"POINT (10.528863397000066 52.287755775000051)",Unfall 134020 (2018) Kat:3, Licht: 0,134020,3,1,0,07,13,3,1,0,0,0,0,1,0,0
"POINT (10.524000290000060 52.271480218000079)",Unfall 134032 (2018) Kat:3, Licht: 0,134032,3,2,5,07,17,4,0,0,1,0,0,0,0,1
"POINT (10.598603789000038 52.311946373000069)",Unfall 134036 (2018) Kat:3, Licht: 0,134036,3,2,5,07,17,6,0,0,1,1,0,0,0,0
"POINT (10.523261751000064 52.212797554000076)",Unfall 134041 (2018) Kat:3, Licht: 0,134041,3,3,5,07,16,1,0,0,1,1,0,0,0,0
"POINT (10.566386098000066 52.257915104000062)",Unfall 134086 (2018) Kat:3, Licht: 0,134086,3,7,1,07,12,7,0,0,0,1,0,0,0,0
"POINT (10.518896544000029 52.264521198000068)",Unfall 134095 (2018) Kat:3, Licht: 0,134095,3,3,5,07,20,5,0,0,1,1,0,0,0,0
"POINT (10.523422463000031 52.267083148000040)",Unfall 134103 (2018) Kat:3, Licht: 0,134103,3,6,2,07,10,5,0,0,0,1,0,0,0,0
"POINT (10.496848686000021 52.254450962000078)",Unfall 134116 (2018) Kat:3, Licht: 0,134116,3,1,0,07,16,3,1,0,1,1,0,0,0,0
"POINT (10.513244734000068 52.233896354000080)",Unfall 134138 (2018) Kat:3, Licht: 0,134138,3,6,3,07,07,2,0,0,0,1,0,0,1,0
"POINT (10.510324701000059 52.268831063000050)",Unfall 134150 (2018) Kat:3, Licht: 0,134150,3,7,4,07,16,6,0,0,1,1,0,0,0,0
"POINT (10.539773173000071 52.256781612000054)",Unfall 134208 (2018) Kat:2, Licht: 0,134208,2,3,5,07,10,6,0,0,1,1,0,0,0,0
"POINT (10.517135704000054 52.258687792000046)",Unfall 134213 (2018) Kat:3, Licht: 0,134213,3,1,0,07,12,1,0,0,1,0,0,0,0,0
"POINT (10.515500561000067 52.248957117000032)",Unfall 134222 (2018) Kat:3, Licht: 0,134222,3,2,5,07,16,4,0,0,1,1,0,0,0,0
"POINT (10.543310834000067 52.262250125000037)",Unfall 134306 (2018) Kat:3, Licht: 0,134306,3,6,2,07,14,5,0,0,0,1,0,0,0,0
"POINT (10.545423663000065 52.277698558000054)",Unfall 134309 (2018) Kat:3, Licht: 0,134309,3,2,4,07,07,5,0,0,1,0,0,0,0,1
"POINT (10.518108540000071 52.259573794000062)",Unfall 134324 (2018) Kat:3, Licht: 0,134324,3,2,2,07,12,4,0,0,0,1,0,1,0,0
"POINT (10.530247926000072 52.269333049000068)",Unfall 134388 (2018) Kat:2, Licht: 0,134388,2,3,5,07,06,5,0,0,1,1,0,0,0,0
"POINT (10.535633677000021 52.238658193000049)",Unfall 134418 (2018) Kat:3, Licht: 2,134418,3,6,4,07,00,1,0,2,1,0,0,0,0,0
"POINT (10.540509610000072 52.225798655000062)",Unfall 134437 (2018) Kat:3, Licht: 0,134437,3,5,1,07,12,6,0,0,0,1,0,0,0,0
"POINT (10.517341181000063 52.248796812000080)",Unfall 134438 (2018) Kat:3, Licht: 2,134438,3,3,5,07,23,4,0,2,0,1,0,0,0,0
"POINT (10.525987375000057 52.262776268000039)",Unfall 134504 (2018) Kat:2, Licht: 2,134504,2,1,0,07,23,5,0,2,0,0,0,1,0,0
"POINT (10.535945709000032 52.262726878000080)",Unfall 134541 (2018) Kat:2, Licht: 0,134541,2,4,6,08,20,6,0,0,0,1,1,0,0,0
"POINT (10.481126202000041 52.319550566000032)",Unfall 134545 (2018) Kat:3, Licht: 0,134545,3,3,5,07,16,2,0,0,0,1,0,0,0,1
"POINT (10.567444762000036 52.253726774000029)",Unfall 134548 (2018) Kat:3, Licht: 0,134548,3,2,5,07,09,2,0,0,1,0,0,0,0,1
"POINT (10.536968859000069 52.272795107000036)",Unfall 134657 (2018) Kat:3, Licht: 0,134657,3,3,5,08,07,1,0,0,0,1,0,0,0,1
"POINT (10.521594590000063 52.245418890000053)",Unfall 134715 (2018) Kat:3, Licht: 0,134715,3,2,3,08,08,4,0,0,1,0,0,0,0,0
"POINT (10.524427217000039 52.267580614000053)",Unfall 134748 (2018) Kat:3, Licht: 2,134748,3,3,5,07,21,6,0,2,1,1,0,0,0,0
"POINT (10.519969151000055 52.211887938000075)",Unfall 134753 (2018) Kat:3, Licht: 0,134753,3,6,4,07,15,6,0,0,1,0,0,0,0,0
"POINT (10.510065957000052 52.255921561000036)",Unfall 134783 (2018) Kat:3, Licht: 0,134783,3,7,0,07,14,3,0,0,0,0,0,0,0,1
"POINT (10.507780230000037 52.271463029000074)",Unfall 134810 (2018) Kat:3, Licht: 0,134810,3,3,5,08,12,7,0,0,0,1,0,1,0,0
"POINT (10.502081718000056 52.219277785000031)",Unfall 134820 (2018) Kat:3, Licht: 0,134820,3,6,2,08,18,5,0,0,0,1,0,0,0,0
"POINT (10.521136615000046 52.284102797000060)",Unfall 134823 (2018) Kat:3, Licht: 0,134823,3,3,5,08,10,5,0,0,1,1,0,0,0,0
"POINT (10.471270183000058 52.244522670000038)",Unfall 134845 (2018) Kat:3, Licht: 0,134845,3,7,0,08,13,3,1,0,0,0,1,0,0,1
"POINT (10.502485615000069 52.261509176000061)",Unfall 134889 (2018) Kat:3, Licht: 0,134889,3,6,2,08,16,4,0,0,0,1,0,0,0,0
"POINT (10.538323975000026 52.276526705000038)",Unfall 134890 (2018) Kat:3, Licht: 0,134890,3,3,0,08,08,6,0,0,1,1,0,0,0,0
"POINT (10.565470595000022 52.223106220000034)",Unfall 134899 (2018) Kat:3, Licht: 0,134899,3,6,2,08,09,7,0,0,0,1,0,0,0,0
"POINT (10.543235812000034 52.235505593000028)",Unfall 134911 (2018) Kat:3, Licht: 0,134911,3,4,6,08,09,7,0,0,0,1,1,0,0,0
"POINT (10.528583526000034 52.245933139000044)",Unfall 134997 (2018) Kat:3, Licht: 1,134997,3,3,5,08,20,6,0,1,0,1,0,0,0,0
"POINT (10.527569681000045 52.266229676000080)",Unfall 135016 (2018) Kat:3, Licht: 0,135016,3,3,5,08,16,3,1,0,1,1,0,0,0,0
"POINT (10.486455847000059 52.231376563000026)",Unfall 135061 (2018) Kat:3, Licht: 0,135061,3,3,5,08,09,6,0,0,0,1,0,0,0,0
"POINT (10.519740864000028 52.278927367000051)",Unfall 135069 (2018) Kat:3, Licht: 0,135069,3,3,5,08,16,2,0,0,1,1,0,0,0,0
"POINT (10.535128155000052 52.287104764000048)",Unfall 135073 (2018) Kat:3, Licht: 0,135073,3,2,3,08,15,7,0,0,1,1,0,0,0,0
"POINT (10.511683390000030 52.256333233000078)",Unfall 135104 (2018) Kat:3, Licht: 0,135104,3,6,2,08,13,6,0,0,0,1,0,0,0,0
"POINT (10.525887091000072 52.261700267000037)",Unfall 135142 (2018) Kat:3, Licht: 0,135142,3,6,2,08,13,2,0,0,0,1,0,0,0,0