WKT,Name,OBJECTID,UKATEGORIE,UTYP1,UART,UMONAT,USTUNDE,UWOCHENTAG,STRZUSTAND,ULICHTVERH,ISTRAD,ISTPKW,ISTFUSS,ISTKRAD,ISTGKFZ,ISTSONSTIG
"POINT (10.533251215000064 52.277422360000060)",Unfall 135143 (2018) Kat:3, Licht: 2,135143,3,6,4,08,21,6,0,2,0,1,0,0,0,0
"POINT (10.544625269000051 52.265920740000070)",Unfall 135171 (2018) Kat:3, Licht: 0,135171,3,3,5,08,14,5,0,0,1,0,0,1,0,0
"POINT (10.486510974000055 52.257820586000037)",Unfall 135175 (2018) Kat:3, Licht: 0,135175,3,6,4,08,18,1,0,0,1,1,0,0,0,0
"POINT (10.560732531000042 52.292538212000068)",Unfall 135177 (2018) Kat:3, Licht: 0,135177,3,3,5,08,12,7,0,0,1,1,0,0,0,0
"POINT (10.520018806000053 52.249001880000037)",Unfall 135181 (2018) Kat:3, Licht: 0,135181,3,3,0,08,14,1,0,0,1,0,0,0,0,0
"POINT (10.528258652000034 52.250653740000075)",Unfall 135189 (2018) Kat:2, Licht: 0,135189,2,6,3,08,11,1,0,0,1,0,0,0,0,0
"POINT (10.510178742000051 52.275507768000068)",Unfall 135211 (2018) Kat:3, Licht: 0,135211,3,5,1,08,16,6,0,0,1,1,0,0,0,0
"POINT (10.506939791000036 52.272456559000034)",Unfall 135253 (2018) Kat:3, Licht: 0,135253,3,2,2,08,18,2,0,0,0,1,0,0,0,0
"POINT (10.541102055000067 52.266605462000030)",Unfall 135267 (2018) Kat:3, Licht: 0,135267,3,6,2,08,13,6,0,0,0,1,0,0,0,0
"POINT (10.524421345000064 52.272048263000045)",Unfall 135270 (2018) Kat:3, Licht: 2,135270,3,3,5,08,04,7,0,2,1,1,0,0,0,0
"POINT (10.531148111000050 52.263629604000073)",Unfall 135305 (2018) Kat:3, Licht: 0,135305,3,3,5,08,17,4,0,0,1,1,0,0,0,0
"POINT (10.545364418000077 52.273286358000064)",Unfall 135318 (2018) Kat:3, Licht: 0,135318,3,6,4,08,07,2,0,0,1,0,0,0,0,0
"POINT (10.511942422000061 52.317365740000071)",Unfall 135319 (2018) Kat:3, Licht: 0,135319,3,3,5,08,16,6,0,0,0,1,0,0,0,0
"POINT (10.525681570000074 52.260578751000082)",Unfall 135331 (2018) Kat:2, Licht: 0,135331,2,6,2,08,12,1,0,0,1,0,0,0,0,0
"POINT (10.518225402000041 52.262546405000080)",Unfall 135336 (2018) Kat:3, Licht: 0,135336,3,7,1,08,13,3,0,0,0,0,0,1,0,1
"POINT (10.536088743000050 52.266814975000045)",Unfall 135348 (2018) Kat:3, Licht: 0,135348,3,2,2,08,18,4,0,0,1,1,0,0,0,0
"POINT (10.520038008000029 52.266436649000070)",Unfall 135375 (2018) Kat:3, Licht: 0,135375,3,3,5,08,13,4,0,0,0,1,0,0,0,1
"POINT (10.495793701000025 52.253948705000028)",Unfall 135433 (2018) Kat:2, Licht: 0,135433,2,3,5,08,11,6,0,0,1,1,0,0,0,0
"POINT (10.507973752000055 52.271242165000046)",Unfall 135435 (2018) Kat:3, Licht: 0,135435,3,5,3,08,14,6,0,0,0,1,0,0,0,0
"POINT (10.538505430000043 52.286755659000050)",Unfall 135437 (2018) Kat:3, Licht: 2,135437,3,2,4,08,22,3,0,2,0,1,0,0,0,0
"POINT (10.540830012000072 52.296191830000055)",Unfall 135438 (2018) Kat:2, Licht: 0,135438,2,1,0,08,16,2,0,0,0,0,0,0,0,1
"POINT (10.535660962000065 52.244981454000026)",Unfall 135445 (2018) Kat:3, Licht: 0,135445,3,2,5,08,07,2,0,0,1,1,0,0,0,0
"POINT (10.544025216000023 52.266823141000032)",Unfall 135448 (2018) Kat:3, Licht: 0,135448,3,3,5,08,07,2,1,0,1,1,0,0,0,0
"POINT (10.448464816000069 52.281630433000032)",Unfall 135456 (2018) Kat:3, Licht: 0,135456,3,4,6,08,07,2,1,0,1,0,1,0,0,0
"POINT (10.508650496000030 52.255807191000031)",Unfall 135507 (2018) Kat:3, Licht: 1,135507,3,6,8,08,20,5,0,1,0,1,0,1,0,0
"POINT (10.509050511000055 52.253023456000051)",Unfall 135508 (2018) Kat:3, Licht: 0,135508,3,2,5,08,18,5,0,0,1,1,0,0,0,0
"POINT (10.513142977000030 52.267851023000048)",Unfall 135511 (2018) Kat:2, Licht: 0,135511,2,3,5,08,13,5,0,0,1,1,0,0,0,0
"POINT (10.495819888000028 52.268888201000038)",Unfall 135581 (2018) Kat:3, Licht: 0,135581,3,2,4,08,17,4,0,0,1,1,0,0,0,0
"POINT (10.502004539000040 52.240582195000059)",Unfall 135584 (2018) Kat:3, Licht: 1,135584,3,7,3,08,20,4,0,1,0,1,0,0,0,0
"POINT (10.517531812000072 52.297621973000048)",Unfall 135586 (2018) Kat:3, Licht: 0,135586,3,7,0,09,10,7,1,0,0,1,0,1,0,0
"POINT (10.531884191000074 52.257989140000063)",Unfall 135715 (2018) Kat:3, Licht: 0,135715,3,3,5,09,15,3,0,0,1,0,0,0,0,1
"POINT (10.537985753000044 52.277197539000042)",Unfall 135750 (2018) Kat:3, Licht: 0,135750,3,5,1,09,10,5,0,0,1,1,0,0,0,0
"POINT (10.528355494000039 52.262595360000034)",Unfall 135753 (2018) Kat:3, Licht: 0,135753,3,6,2,09,16,4,0,0,0,1,0,0,0,0
"POINT (10.503909741000029 52.257882762000065)",Unfall 135823 (2018) Kat:2, Licht: 0,135823,2,7,0,08,18,5,0,0,1,0,0,0,0,0
"POINT (10.543386071000043 52.286328399000070)",Unfall 135825 (2018) Kat:3, Licht: 0,135825,3,3,5,08,17,5,1,0,1,1,0,0,0,0
"POINT (10.545752157000038 52.276286610000056)",Unfall 135829 (2018) Kat:3, Licht: 0,135829,3,1,0,08,17,5,0,0,1,0,0,0,0,0
"POINT (10.524678676000065 52.267769467000051)",Unfall 135830 (2018) Kat:3, Licht: 0,135830,3,3,5,08,16,5,1,0,1,1,0,0,0,0
"POINT (10.524381808000044 52.271984809000060)",Unfall 135850 (2018) Kat:3, Licht: 0,135850,3,3,5,09,14,2,0,0,1,1,0,0,0,0
"POINT (10.510057562000043 52.257359341000040)",Unfall 135853 (2018) Kat:3, Licht: 0,135853,3,3,5,09,11,2,0,0,1,1,0,0,0,0
"POINT (10.497053391000065 52.217252769000027)",Unfall 135877 (2018) Kat:3, Licht: 0,135877,3,6,4,09,19,3,0,0,1,1,0,0,0,0
"POINT (10.515396908000071 52.260784014000080)",Unfall 135879 (2018) Kat:3, Licht: 1,135879,3,3,5,09,18,5,0,1,1,1,0,0,0,0
"POINT (10.527834618000043 52.259493881000026)",Unfall 135893 (2018) Kat:3, Licht: 0,135893,3,4,6,09,08,6,0,0,0,1,1,0,0,0
"POINT (10.545262445000049 52.267248382000048)",Unfall 135901 (2018) Kat:3, Licht: 1,135901,3,5,1,09,06,6,0,1,1,1,0,1,0,0
"POINT (10.542998543000067 52.262937214000033)",Unfall 135922 (2018) Kat:3, Licht: 0,135922,3,7,5,09,13,6,0,0,0,1,0,0,0,0
"POINT (10.530921348000049 52.266425327000036)",Unfall 135925 (2018) Kat:3, Licht: 0,135925,3,1,0,09,17,5,1,0,1,0,0,0,0,0
"POINT (10.502862628000059 52.254560814000058)",Unfall 135927 (2018) Kat:3, Licht: 0,135927,3,6,2,09,14,3,0,0,0,1,0,0,0,0
"POINT (10.541096251000056 52.260148461000028)",Unfall 135980 (2018) Kat:3, Licht: 0,135980,3,3,5,09,08,5,1,0,1,1,0,0,0,0
"POINT (10.530143173000056 52.214936420000072)",Unfall 135982 (2018) Kat:2, Licht: 0,135982,2,3,5,09,14,3,0,0,1,1,0,0,0,0
"POINT (10.563538088000030 52.283318300000076)",Unfall 135988 (2018) Kat:3, Licht: 0,135988,3,3,5,09,09,7,0,0,0,1,0,0,0,0
"POINT (10.528464064000048 52.235294044000057)",Unfall 136016 (2018) Kat:3, Licht: 0,136016,3,6,2,09,13,4,0,0,0,1,0,0,0,0
"POINT (10.537630711000077 52.283413839000048)",Unfall 136020 (2018) Kat:3, Licht: 0,136020,3,2,4,09,13,4,0,0,1,1,0,0,0,0
"POINT (10.512095632000069 52.269715762000033)",Unfall 136023 (2018) Kat:3, Licht: 0,136023,3,6,4,09,08,4,0,0,0,1,0,0,0,1
"POINT (10.512646425000071 52.323897865000049)",Unfall 136029 (2018) Kat:2, Licht: 0,136029,2,4,6,09,16,4,0,0,0,1,1,0,0,0
"POINT (10.526483208000059 52.268327348000071)",Unfall 136034 (2018) Kat:2, Licht: 2,136034,2,3,5,09,22,6,0,2,0,1,0,0,0,0
"POINT (10.514183832000072 52.262555739000049)",Unfall 136038 (2018) Kat:3, Licht: 1,136038,3,6,2,09,19,5,1,1,0,1,0,0,0,0
"POINT (10.531083102000025 52.228024678000054)",Unfall 136087 (2018) Kat:2, Licht: 0,136087,2,3,5,09,09,5,1,0,1,1,0,0,0,0
"POINT (10.505875339000056 52.258894352000027)",Unfall 136089 (2018) Kat:3, Licht: 0,136089,3,3,5,09,15,3,0,0,1,1,0,0,0,0
"POINT (10.536432297000033 52.319140814000036)",Unfall 136147 (2018) Kat:3, Licht: 0,136147,3,3,5,09,17,3,0,0,1,1,0,0,0,0
"POINT (10.525918987000068 52.261766862000059)",Unfall 136148 (2018) Kat:3, Licht: 0,136148,3,4,6,09,16,3,0,0,0,1,1,0,0,0
"POINT (10.518674409000027 52.221173601000032)",Unfall 136150 (2018) Kat:3, Licht: 0,136150,3,3,5,09,07,3,0,0,1,1,0,0,0,0
"POINT (10.471911040000066 52.248637375000044)",Unfall 136152 (2018) Kat:3, Licht: 0,136152,3,3,5,09,10,3,0,0,1,1,0,0,0,0
"POINT (10.534435692000045 52.266552496000031)",Unfall 136166 (2018) Kat:1, Licht: 0,136166,1,2,5,09,11,4,0,0,1,1,0,0,0,0
"POINT (10.535921291000022 52.272343601000046)",Unfall 136192 (2018) Kat:3, Licht: 2,136192,3,3,5,09,19,6,0,2,1,0,0,0,0,0
"POINT (10.510785351000038 52.256188284000075)",Unfall 136213 (2018) Kat:3, Licht: 0,136213,3,3,5,09,08,4,0,0,1,1,0,0,0,0
"POINT (10.540592028000049 52.296239696000043)",Unfall 136241 (2018) Kat:3, Licht: 0,136241,3,2,5,09,13,2,0,0,1,1,0,0,0,0
"POINT (10.534509540000045 52.256744094000055)",Unfall 136243 (2018) Kat:3, Licht: 0,136243,3,6,2,09,18,2,0,0,0,1,0,0,0,0
"POINT (10.497073417000024 52.261877537000032)",Unfall 136246 (2018) Kat:3, Licht: 0,136246,3,3,5,09,16,2,0,0,1,1,0,0,0,0
"POINT (10.532376203000069 52.228282278000052)",Unfall 136247 (2018) Kat:3, Licht: 0,136247,3,3,5,09,10,2,0,0,1,1,0,0,0,0
"POINT (10.524271300000066 52.267682235000052)",Unfall 136248 (2018) Kat:3, Licht: 0,136248,3,6,3,09,07,2,0,0,0,1,0,1,0,0
"POINT (10.589660551000065 52.286655773000064)",Unfall 136338 (2018) Kat:3, Licht: 0,136338,3,3,5,09,10,7,0,0,1,1,0,0,0,0
"POINT (10.487369824000041 52.278999678000048)",Unfall 136340 (2018) Kat:3, Licht: 2,136340,3,5,1,09,19,7,0,2,0,1,0,0,0,0
"POINT (10.525897939000060 52.277033021000079)",Unfall 136341 (2018) Kat:3, Licht: 0,136341,3,6,3,09,08,7,0,0,1,1,0,0,0,0
"POINT (10.500098833000038 52.255848549000063)",Unfall 136385 (2018) Kat:3, Licht: 0,136385,3,5,1,09,08,6,1,0,1,1,0,0,0,0
"POINT (10.528882025000030 52.277083420000054)",Unfall 136470 (2018) Kat:3, Licht: 0,136470,3,7,0,09,15,2,1,0,0,1,0,1,0,0
"POINT (10.517148173000066 52.297585364000042)",Unfall 136474 (2018) Kat:3, Licht: 0,136474,3,2,5,09,15,2,1,0,1,1,0,0,0,0
"POINT (10.582784528000047 52.283988851000061)",Unfall 136480 (2018) Kat:3, Licht: 0,136480,3,2,5,09,16,7,0,0,1,1,0,0,0,0
"POINT (10.569464823000033 52.224011004000033)",Unfall 136481 (2018) Kat:3, Licht: 0,136481,3,2,2,09,07,3,0,0,1,0,0,0,0,0
"POINT (10.525870185000031 52.261306986000079)",Unfall 136521 (2018) Kat:3, Licht: 0,136521,3,2,5,09,08,5,0,0,1,1,0,0,0,0
"POINT (10.510470118000057 52.268866394000042)",Unfall 136536 (2018) Kat:3, Licht: 0,136536,3,1,0,09,11,3,0,0,0,0,0,1,0,0
"POINT (10.531486362000066 52.228070859000070)",Unfall 136650 (2018) Kat:3, Licht: 1,136650,3,1,0,09,06,7,0,1,0,1,0,0,0,0
"POINT (10.535848544000032 52.252254611000069)",Unfall 136651 (2018) Kat:2, Licht: 0,136651,2,5,0,09,12,3,0,0,0,1,0,0,0,1
"POINT (10.508995833000029 52.255590885000061)",Unfall 136694 (2018) Kat:3, Licht: 0,136694,3,3,5,10,17,4,0,0,1,1,0,0,0,0
"POINT (10.473959601000047 52.246109090000061)",Unfall 136704 (2018) Kat:3, Licht: 0,136704,3,6,2,10,14,5,0,0,0,1,0,0,0,0
"POINT (10.530981138000072 52.265827160000072)",Unfall 136706 (2018) Kat:3, Licht: 0,136706,3,2,3,10,10,5,1,0,1,1,0,0,0,0
"POINT (10.498125682000023 52.266650759000072)",Unfall 136708 (2018) Kat:3, Licht: 1,136708,3,3,5,10,07,5,0,1,1,1,0,0,0,0
"POINT (10.508825403000060 52.231071947000032)",Unfall 136710 (2018) Kat:3, Licht: 0,136710,3,1,9,10,16,2,1,0,0,1,0,0,0,0
"POINT (10.540407905000052 52.256758792000028)",Unfall 136723 (2018) Kat:3, Licht: 0,136723,3,6,2,10,14,3,0,0,0,1,0,0,0,0
"POINT (10.528487063000057 52.285981373000027)",Unfall 136730 (2018) Kat:3, Licht: 0,136730,3,3,4,10,08,6,0,0,1,1,0,0,0,0
"POINT (10.539917287000037 52.254210144000069)",Unfall 136743 (2018) Kat:3, Licht: 0,136743,3,2,5,10,16,4,0,0,1,1,0,0,0,0
"POINT (10.570893251000030 52.275689962000058)",Unfall 136797 (2018) Kat:3, Licht: 0,136797,3,6,4,10,17,5,0,0,1,1,0,0,0,0
"POINT (10.538866972000051 52.275457586000073)",Unfall 136828 (2018) Kat:3, Licht: 0,136828,3,5,3,10,15,3,0,0,1,1,0,0,0,0
"POINT (10.460825284000066 52.300219187000039)",Unfall 136832 (2018) Kat:2, Licht: 0,136832,2,2,5,10,16,3,1,0,1,1,0,0,0,0
"POINT (10.508187964000058 52.309479434000082)",Unfall 136841 (2018) Kat:3, Licht: 2,136841,3,2,2,10,20,6,0,2,0,1,0,0,0,0
"POINT (10.523742518000063 52.296569318000081)",Unfall 136845 (2018) Kat:2, Licht: 0,136845,2,1,0,10,11,2,0,0,0,0,0,1,0,0
"POINT (10.525658191000048 52.228395843000044)",Unfall 136851 (2018) Kat:3, Licht: 0,136851,3,5,1,10,09,2,0,0,0,1,0,0,0,1
"POINT (10.472137355000029 52.302931591000061)",Unfall 136861 (2018) Kat:2, Licht: 0,136861,2,3,5,10,14,4,0,0,0,1,0,1,0,1
"POINT (10.523487682000052 52.267111823000050)",Unfall 136936 (2018) Kat:3, Licht: 0,136936,3,6,4,10,18,3,0,0,1,0,1,0,0,0
"POINT (10.546819549000077 52.266829964000067)",Unfall 136937 (2018) Kat:2, Licht: 0,136937,2,3,5,10,10,3,0,0,1,0,0,0,0,0
"POINT (10.522162777000062 52.275080731000060)",Unfall 136969 (2018) Kat:2, Licht: 0,136969,2,3,5,10,09,5,0,0,1,1,0,0,0,0
"POINT (10.513961315000074 52.262539693000065)",Unfall 136981 (2018) Kat:3, Licht: 1,136981,3,2,5,10,18,4,0,1,1,1,0,0,0,0
"POINT (10.540065862000063 52.256768958000066)",Unfall 136999 (2018) Kat:3, Licht: 0,136999,3,3,5,10,09,6,0,0,0,1,0,0,0,0
"POINT (10.516738287000067 52.260066706000032)",Unfall 137011 (2018) Kat:3, Licht: 0,137011,3,7,6,10,07,5,0,0,0,1,1,0,0,0
"POINT (10.536564976000022 52.270887689000062)",Unfall 137038 (2018) Kat:3, Licht: 0,137038,3,2,5,10,16,4,0,0,1,1,0,0,0,0
"POINT (10.522339908000049 52.245863380000060)",Unfall 137067 (2018) Kat:3, Licht: 0,137067,3,7,6,10,12,1,0,0,0,1,1,0,0,0
"POINT (10.529375570000070 52.266131621000056)",Unfall 137083 (2018) Kat:3, Licht: 0,137083,3,6,2,10,13,5,0,0,0,1,0,0,0,0
"POINT (10.524466659000041 52.267619297000067)",Unfall 137096 (2018) Kat:3, Licht: 2,137096,3,4,6,10,21,6,0,2,0,1,1,0,0,0
"POINT (10.472801464000042 52.248079563000033)",Unfall 137115 (2018) Kat:3, Licht: 0,137115,3,4,6,10,13,7,0,0,0,1,1,0,0,0
"POINT (10.498658481000064 52.255025793000073)",Unfall 137116 (2018) Kat:3, Licht: 0,137116,3,3,5,10,10,7,0,0,1,0,0,0,0,1
"POINT (10.485960078000062 52.247747026000070)",Unfall 137129 (2018) Kat:3, Licht: 0,137129,3,7,5,10,12,4,0,0,1,1,0,0,0,0
"POINT (10.480837703000077 52.244986503000064)",Unfall 137159 (2018) Kat:3, Licht: 0,137159,3,4,6,10,17,4,0,0,0,1,1,0,0,0
"POINT (10.514183832000072 52.262555739000049)",Unfall 137175 (2018) Kat:3, Licht: 0,137175,3,2,5,10,08,6,0,0,1,1,0,0,0,0
"POINT (10.511129677000042 52.246173320000082)",Unfall 137186 (2018) Kat:2, Licht: 2,137186,2,2,3,10,20,5,0,2,1,1,0,0,0,0
"POINT (10.499783556000068 52.280098145000068)",Unfall 137202 (2018) Kat:3, Licht: 1,137202,3,7,5,10,18,6,0,1,1,1,0,0,0,0
"POINT (10.525753224000027 52.268068769000081)",Unfall 137232 (2018) Kat:2, Licht: 0,137232,2,1,0,10,15,5,1,0,0,0,0,1,0,0
"POINT (10.519590683000047 52.275276461000033)",Unfall 137235 (2018) Kat:3, Licht: 0,137235,3,3,5,10,15,4,0,0,1,1,0,0,0,0
"POINT (10.494779183000048 52.260520712000073)",Unfall 137236 (2018) Kat:3, Licht: 0,137236,3,2,5,10,13,4,1,0,0,1,0,0,0,0
"POINT (10.539827737000053 52.240923869000028)",Unfall 137237 (2018) Kat:2, Licht: 2,137237,2,3,5,10,06,4,1,2,1,1,0,0,0,0
"POINT (10.532795616000044 52.257067115000041)",Unfall 137260 (2018) Kat:3, Licht: 2,137260,3,3,5,10,07,6,1,2,1,0,0,0,0,1
"POINT (10.526281770000026 52.260067000000049)",Unfall 137275 (2018) Kat:3, Licht: 0,137275,3,7,5,10,17,5,1,0,1,1,0,0,0,0
"POINT (10.512307886000031 52.233171479000077)",Unfall 137277 (2018) Kat:3, Licht: 2,137277,3,1,8,10,22,3,1,2,0,1,0,0,0,0
"POINT (10.525248029000068 52.258155168000030)",Unfall 137278 (2018) Kat:3, Licht: 1,137278,3,6,3,10,19,3,0,1,0,0,0,1,0,1
"POINT (10.511390196000036 52.248495425000044)",Unfall 137279 (2018) Kat:3, Licht: 0,137279,3,3,5,10,16,3,1,0,1,1,0,0,0,0
"POINT (10.531253540000023 52.265604696000082)",Unfall 137281 (2018) Kat:3, Licht: 2,137281,3,2,5,10,20,3,1,2,1,1,0,0,0,0
"POINT (10.513136266000060 52.273674750000055)",Unfall 137284 (2018) Kat:3, Licht: 0,137284,3,3,5,10,16,3,1,0,1,1,0,0,0,0
"POINT (10.486829136000040 52.251753829000052)",Unfall 137298 (2018) Kat:3, Licht: 2,137298,3,3,5,10,20,5,1,2,1,1,0,0,0,0
"POINT (10.478751319000025 52.240332549000073)",Unfall 137299 (2018) Kat:3, Licht: 2,137299,3,3,5,10,21,6,1,2,1,1,0,0,0,0
"POINT (10.528016437000076 52.235855629000071)",Unfall 137359 (2018) Kat:3, Licht: 0,137359,3,1,9,10,13,2,1,0,0,1,0,0,0,0
"POINT (10.555580240000040 52.290062202000058)",Unfall 137362 (2018) Kat:3, Licht: 0,137362,3,7,0,10,12,2,1,0,0,1,0,0,0,1
"POINT (10.526886722000029 52.258279000000073)",Unfall 137365 (2018) Kat:2, Licht: 0,137365,2,2,5,10,09,6,1,0,0,1,0,1,0,0
"POINT (10.469557575000067 52.210023598000078)",Unfall 137375 (2018) Kat:3, Licht: 0,137375,3,2,4,10,16,5,0,0,1,0,0,0,0,1
"POINT (10.517671958000051 52.248906487000056)",Unfall 137408 (2018) Kat:3, Licht: 2,137408,3,3,5,10,23,6,1,2,0,1,0,0,0,0
"POINT (10.527203046000068 52.258301572000050)",Unfall 137416 (2018) Kat:3, Licht: 0,137416,3,6,3,10,13,7,0,0,0,1,0,0,0,0
"POINT (10.470095757000024 52.303888899000071)",Unfall 137453 (2018) Kat:3, Licht: 0,137453,3,2,2,10,18,5,1,0,0,1,0,0,0,0
"POINT (10.511491840000076 52.298564227000043)",Unfall 137454 (2018) Kat:3, Licht: 2,137454,3,2,4,10,21,6,1,2,0,1,0,0,0,0
"POINT (10.534093422000069 52.260672017000047)",Unfall 137505 (2018) Kat:3, Licht: 0,137505,3,5,1,11,07,5,0,0,1,1,0,0,0,0
"POINT (10.516181980000056 52.258941300000060)",Unfall 137519 (2018) Kat:3, Licht: 2,137519,3,3,5,11,22,7,0,2,0,1,0,0,0,0
"POINT (10.533443544000022 52.272451885000066)",Unfall 137523 (2018) Kat:3, Licht: 2,137523,3,2,3,10,20,4,0,2,1,1,0,0,0,0
"POINT (10.520700908000038 52.279098340000075)",Unfall 137525 (2018) Kat:3, Licht: 0,137525,3,2,5,10,16,4,0,0,1,1,0,0,0,0
"POINT (10.489050830000053 52.243701671000053)",Unfall 137617 (2018) Kat:2, Licht: 1,137617,2,4,6,11,16,6,0,1,0,1,1,0,0,0
"POINT (10.481664657000067 52.252216288000056)",Unfall 137623 (2018) Kat:2, Licht: 0,137623,2,7,6,11,10,7,0,0,0,1,1,0,0,0
"POINT (10.520219162000046 52.267239705000065)",Unfall 137624 (2018) Kat:3, Licht: 0,137624,3,5,1,11,10,6,0,0,1,1,0,0,0,0
"POINT (10.539512849000062 52.226130840000053)",Unfall 137713 (2018) Kat:3, Licht: 0,137713,3,3,5,10,15,7,0,0,1,1,0,0,0,0
"POINT (10.536681476000069 52.272670690000041)",Unfall 137747 (2018) Kat:3, Licht: 0,137747,3,2,0,11,11,2,1,0,0,1,0,1,0,0
"POINT (10.515936694000061 52.317894478000028)",Unfall 137752 (2018) Kat:3, Licht: 0,137752,3,3,5,11,13,4,0,0,0,1,0,0,0,0
"POINT (10.545444671000041 52.277602240000078)",Unfall 137757 (2018) Kat:3, Licht: 0,137757,3,2,5,11,14,4,0,0,1,1,0,0,0,0
"POINT (10.525830489000043 52.262830443000041)",Unfall 137811 (2018) Kat:3, Licht: 2,137811,3,6,2,11,22,7,0,2,0,1,0,0,0,0
"POINT (10.519720432000042 52.278924390000043)",Unfall 137852 (2018) Kat:3, Licht: 0,137852,3,3,5,11,12,2,0,0,1,0,0,0,0,1
"POINT (10.499216279000052 52.316918808000082)",Unfall 137864 (2018) Kat:3, Licht: 2,137864,3,1,8,11,00,7,0,2,0,1,0,0,0,0
"POINT (10.534587692000059 52.266436212000031)",Unfall 137866 (2018) Kat:3, Licht: 0,137866,3,2,4,11,13,6,0,0,1,1,0,0,0,0
"POINT (10.527413684000066 52.266688042000055)",Unfall 137882 (2018) Kat:3, Licht: 0,137882,3,6,3,11,09,5,1,0,0,1,0,0,0,1
"POINT (10.489630630000022 52.246390525000038)",Unfall 137942 (2018) Kat:3, Licht: 0,137942,3,1,0,11,10,3,1,0,0,1,0,1,0,0
"POINT (10.538421718000052 52.286755614000072)",Unfall 137962 (2018) Kat:3, Licht: 1,137962,3,2,0,11,15,2,0,1,1,1,0,0,0,0
"POINT (10.500825363000047 52.218266142000061)",Unfall 137974 (2018) Kat:3, Licht: 2,137974,3,7,0,11,18,7,0,2,0,1,1,0,0,0
"POINT (10.502353911000057 52.262208893000036)",Unfall 137976 (2018) Kat:2, Licht: 2,137976,2,3,5,11,22,6,0,2,1,1,0,0,0,0
"POINT (10.548943755000039 52.277203797000027)",Unfall 137988 (2018) Kat:3, Licht: 2,137988,3,3,5,11,17,2,1,2,1,1,0,0,0,0
"POINT (10.535015409000039 52.262872571000059)",Unfall 137990 (2018) Kat:3, Licht: 0,137990,3,6,2,11,15,2,0,0,1,1,0,0,0,0
"POINT (10.515750065000077 52.259917330000064)",Unfall 137992 (2018) Kat:2, Licht: 2,137992,2,4,6,11,07,2,1,2,0,1,1,0,0,0
"POINT (10.519695339000066 52.278920735000042)",Unfall 138042 (2018) Kat:3, Licht: 0,138042,3,3,5,11,11,7,0,0,1,1,0,0,0,0
"POINT (10.518415197000024 52.291769478000049)",Unfall 138100 (2018) Kat:3, Licht: 0,138100,3,2,2,11,12,6,0,0,0,1,0,0,0,0
"POINT (10.562695029000054 52.264969777000033)",Unfall 138155 (2018) Kat:3, Licht: 0,138155,3,3,5,11,14,5,0,0,0,1,0,0,0,0
"POINT (10.526167608000037 52.262640287000067)",Unfall 138157 (2018) Kat:3, Licht: 2,138157,3,3,5,11,05,5,0,2,1,1,0,0,0,0
"POINT (10.545288394000067 52.270201438000072)",Unfall 138212 (2018) Kat:3, Licht: 0,138212,3,6,4,11,12,5,1,0,0,1,0,0,0,0
"POINT (10.517451824000034 52.258024579000050)",Unfall 138218 (2018) Kat:3, Licht: 0,138218,3,2,3,11,09,4,0,0,0,0,0,1,0,1
"POINT (10.523834396000041 52.268699655000034)",Unfall 138220 (2018) Kat:3, Licht: 0,138220,3,3,5,11,09,4,0,0,1,1,0,0,0,0
"POINT (10.518029183000067 52.258200552000062)",Unfall 138221 (2018) Kat:3, Licht: 0,138221,3,3,0,11,07,4,0,0,0,1,0,0,0,0
"POINT (10.535620191000021 52.268626592000032)",Unfall 138293 (2018) Kat:3, Licht: 1,138293,3,7,2,11,08,4,0,1,1,1,0,0,0,0
"POINT (10.480399570000031 52.242184034000047)",Unfall 138302 (2018) Kat:3, Licht: 0,138302,3,5,1,11,09,6,0,0,0,1,0,0,0,1
"POINT (10.524747554000044 52.274232309000070)",Unfall 138308 (2018) Kat:3, Licht: 0,138308,3,2,3,11,14,6,0,0,1,1,0,0,0,0
"POINT (10.529702489000044 52.269193039000072)",Unfall 138321 (2018) Kat:3, Licht: 2,138321,3,6,2,11,17,3,0,2,0,1,0,0,0,0
"POINT (10.536430394000035 52.319140993000076)",Unfall 138340 (2018) Kat:3, Licht: 1,138340,3,2,4,12,16,2,0,1,1,1,0,0,0,0
"POINT (10.519003958000042 52.260415688000080)",Unfall 138397 (2018) Kat:2, Licht: 2,138397,2,7,6,11,17,2,0,2,0,1,1,0,0,0
"POINT (10.502142490000040 52.219438874000048)",Unfall 138453 (2018) Kat:3, Licht: 2,138453,3,2,6,11,07,6,1,2,0,1,1,0,0,0
"POINT (10.521585789000028 52.266092780000065)",Unfall 138462 (2018) Kat:3, Licht: 2,138462,3,7,0,11,04,6,0,2,0,0,1,0,0,1
"POINT (10.518099325000037 52.262767968000048)",Unfall 138471 (2018) Kat:2, Licht: 0,138471,2,7,6,11,10,7,1,0,0,1,1,0,0,0
"POINT (10.508307376000062 52.246034659000031)",Unfall 138502 (2018) Kat:3, Licht: 2,138502,3,2,4,12,06,2,1,2,1,0,0,0,1,0
"POINT (10.537874223000074 52.310501078000073)",Unfall 138522 (2018) Kat:2, Licht: 0,138522,2,3,5,12,14,2,0,0,1,1,0,0,0,0
"POINT (10.520082981000030 52.267530746000034)",Unfall 138536 (2018) Kat:3, Licht: 0,138536,3,7,6,12,13,3,0,0,0,1,1,0,0,0