WKT,Name,OBJECTID,UKATEGORIE,UTYP1,UART,UMONAT,USTUNDE,UWOCHENTAG,STRZUSTAND,ULICHTVERH,ISTRAD,ISTPKW,ISTFUSS,ISTKRAD,ISTGKFZ,ISTSONSTIG
"POINT (10.540144370000064 52.267920369000080)",Unfall 138565 (2018) Kat:3, Licht: 2,138565,3,6,2,12,16,3,0,2,0,1,0,0,0,0
"POINT (10.502862628000059 52.254560814000058)",Unfall 138572 (2018) Kat:3, Licht: 0,138572,3,2,5,12,07,3,1,0,1,1,0,0,0,0
"POINT (10.484590499000035 52.280017335000082)",Unfall 138596 (2018) Kat:2, Licht: 2,138596,2,3,5,12,18,6,0,2,1,1,0,0,0,0
"POINT (10.521402242000022 52.245900016000064)",Unfall 138597 (2018) Kat:3, Licht: 1,138597,3,1,8,12,15,6,1,1,0,1,0,0,0,0
"POINT (10.513497965000056 52.262414027000034)",Unfall 138603 (2018) Kat:3, Licht: 2,138603,3,3,5,12,18,1,1,2,1,1,0,0,0,0
"POINT (10.529857923000066 52.286501028000032)",Unfall 138615 (2018) Kat:3, Licht: 0,138615,3,3,5,12,11,1,1,0,1,1,0,0,0,0
"POINT (10.605086161000031 52.280813621000050)",Unfall 138621 (2018) Kat:3, Licht: 2,138621,3,3,5,12,07,3,1,2,0,1,1,0,0,0
"POINT (10.539932196000052 52.254206294000028)",Unfall 138626 (2018) Kat:2, Licht: 2,138626,2,1,0,12,05,1,1,2,0,0,0,1,0,0
"POINT (10.502932991000023 52.260526948000063)",Unfall 138629 (2018) Kat:3, Licht: 2,138629,3,2,6,12,17,2,1,2,0,1,1,0,0,0
"POINT (10.540873905000069 52.265921270000035)",Unfall 138667 (2018) Kat:3, Licht: 1,138667,3,2,4,12,07,5,1,1,1,1,0,0,0,0
"POINT (10.545772144000068 52.274615022000035)",Unfall 138685 (2018) Kat:3, Licht: 1,138685,3,3,5,12,07,2,1,1,1,1,0,0,0,0
"POINT (10.557457942000042 52.279111454000031)",Unfall 138728 (2018) Kat:2, Licht: 0,138728,2,4,0,12,16,2,0,0,0,1,1,0,0,0
"POINT (10.514612473000057 52.266911855000046)",Unfall 138806 (2018) Kat:3, Licht: 2,138806,3,1,9,12,21,7,1,2,0,1,0,0,0,0
"POINT (10.540753387000052 52.259119687000066)",Unfall 138826 (2018) Kat:3, Licht: 1,138826,3,3,5,12,16,5,1,1,1,1,0,0,0,0
"POINT (10.511101314000030 52.268653577000066)",Unfall 138850 (2018) Kat:3, Licht: 0,138850,3,3,5,12,11,4,0,0,1,0,0,0,0,0
"POINT (10.543237786000077 52.256948152000064)",Unfall 138871 (2018) Kat:2, Licht: 0,138871,2,6,2,12,15,2,0,0,1,0,0,0,0,0
"POINT (10.525724540000056 52.268117173000064)",Unfall 138872 (2018) Kat:2, Licht: 0,138872,2,3,6,12,13,2,0,0,1,0,1,0,0,0
"POINT (10.513110873000073 52.273717112000043)",Unfall 138879 (2018) Kat:3, Licht: 0,138879,3,2,5,12,14,5,1,0,1,1,0,0,0,0
"POINT (10.546610378000025 52.267444677000071)",Unfall 138894 (2018) Kat:2, Licht: 2,138894,2,5,1,12,01,1,0,2,1,0,0,0,0,1
"POINT (10.531242028000065 52.228005740000071)",Unfall 138901 (2018) Kat:3, Licht: 0,138901,3,3,5,12,09,4,0,0,0,1,0,0,0,0
"POINT (10.511030642000037 52.245923194000056)",Unfall 138905 (2018) Kat:3, Licht: 2,138905,3,3,5,12,17,4,1,2,0,1,0,0,0,0
"POINT (10.507057379000059 52.272312368000030)",Unfall 138915 (2018) Kat:3, Licht: 2,138915,3,6,2,12,19,7,0,2,0,1,0,0,0,0
"POINT (10.591353524000056 52.286606083000038)",Unfall 139002 (2018) Kat:2, Licht: 0,139002,2,7,0,12,14,5,0,0,0,1,0,0,0,1
"POINT (10.475397514000065 52.252210038000044)",Unfall 139017 (2018) Kat:3, Licht: 1,139017,3,5,1,12,07,5,1,1,1,1,0,0,0,0
"POINT (10.539781899000047 52.265616202000047)",Unfall 139054 (2018) Kat:3, Licht: 0,139054,3,3,5,12,12,5,0,0,1,0,0,0,0,0
"POINT (10.540155182000035 52.256759814000077)",Unfall 139100 (2018) Kat:3, Licht: 0,139100,3,3,5,12,15,1,0,0,0,1,0,0,0,0
"POINT (10.527795251000043 52.237666649000062)",Unfall 139146 (2018) Kat:3, Licht: 0,139146,3,1,9,12,11,7,1,0,0,1,0,0,0,0
"POINT (10.531990213000029 52.228281102000039)",Unfall 139333 (2018) Kat:3, Licht: 2,139333,3,3,5,12,19,1,1,2,0,1,0,0,0,0
"POINT (10.531336336000038 52.287448042000051)",Unfall 139334 (2018) Kat:3, Licht: 0,139334,3,3,5,12,14,1,1,0,0,1,0,0,0,0
"POINT (10.474139044000026 52.323925901000052)",Unfall 79387 (2019) Kat:2, Licht: 2,79387,2,2,4,06,22,2,1,2,0,1,0,1,0,0
"POINT (10.466859340000042 52.265806715000053)",Unfall 79487 (2019) Kat:2, Licht: 0,79487,2,3,5,06,16,7,0,0,1,1,0,0,0,0
"POINT (10.513010570000063 52.273766554000076)",Unfall 79577 (2019) Kat:2, Licht: 0,79577,2,7,0,06,13,2,0,0,0,0,0,0,0,1
"POINT (10.540157368000052 52.320557544000053)",Unfall 79793 (2019) Kat:3, Licht: 0,79793,3,6,2,06,16,5,0,0,0,1,0,0,0,0
"POINT (10.508627258000047 52.238959099000056)",Unfall 79987 (2019) Kat:1, Licht: 0,79987,1,6,4,06,12,4,0,0,0,1,0,1,0,0
"POINT (10.459635640000045 52.262144106000051)",Unfall 79989 (2019) Kat:3, Licht: 0,79989,3,7,4,06,16,4,0,0,0,1,0,1,0,0
"POINT (10.508247168000025 52.303286167000067)",Unfall 79992 (2019) Kat:3, Licht: 0,79992,3,6,2,06,14,6,0,0,0,1,0,0,0,0
"POINT (10.571036018000029 52.249942337000050)",Unfall 79996 (2019) Kat:3, Licht: 0,79996,3,2,5,06,13,6,0,0,0,1,0,1,0,0
"POINT (10.519408132000024 52.227468447000035)",Unfall 80232 (2019) Kat:3, Licht: 0,80232,3,2,5,06,07,2,0,0,1,1,0,0,0,0
"POINT (10.492627813000070 52.229661141000065)",Unfall 80278 (2019) Kat:2, Licht: 2,80278,2,1,9,06,03,1,0,2,0,0,0,1,0,0
"POINT (10.452645185000051 52.260419948000049)",Unfall 80385 (2019) Kat:3, Licht: 0,80385,3,6,2,06,13,7,0,0,0,1,0,0,0,0
"POINT (10.504726851000044 52.317533480000066)",Unfall 80448 (2019) Kat:3, Licht: 0,80448,3,7,0,06,14,4,0,0,0,1,0,0,1,0
"POINT (10.501323075000073 52.225900881000030)",Unfall 80572 (2019) Kat:2, Licht: 0,80572,2,1,9,06,19,5,0,0,0,1,0,0,0,0
"POINT (10.514328195000076 52.315222908000067)",Unfall 80716 (2019) Kat:2, Licht: 2,80716,2,6,3,07,01,2,0,2,0,1,0,0,1,0
"POINT (10.530454802000065 52.230343410000046)",Unfall 80948 (2019) Kat:3, Licht: 0,80948,3,6,3,07,17,5,0,0,0,1,0,0,0,0
"POINT (10.509492075000026 52.316382365000038)",Unfall 81102 (2019) Kat:3, Licht: 0,81102,3,6,9,06,19,6,0,0,0,1,0,0,0,0
"POINT (10.508051007000063 52.234631554000032)",Unfall 81104 (2019) Kat:3, Licht: 0,81104,3,6,2,06,13,6,0,0,0,1,0,0,0,0
"POINT (10.491781952000053 52.289150348000078)",Unfall 81141 (2019) Kat:3, Licht: 0,81141,3,6,2,07,16,3,0,0,0,1,0,0,0,0
"POINT (10.529984484000067 52.236988426000039)",Unfall 81468 (2019) Kat:3, Licht: 0,81468,3,6,2,07,15,4,0,0,0,1,0,0,0,0
"POINT (10.601399209000022 52.310335452000061)",Unfall 81969 (2019) Kat:3, Licht: 2,81969,3,7,9,08,03,7,0,2,0,1,0,0,0,0
"POINT (10.518125575000056 52.235851326000045)",Unfall 81984 (2019) Kat:3, Licht: 0,81984,3,6,2,08,13,6,0,0,0,1,0,0,0,0
"POINT (10.582519289000061 52.283776954000075)",Unfall 82112 (2019) Kat:3, Licht: 0,82112,3,2,5,08,10,6,0,0,1,1,0,0,0,0
"POINT (10.512653574000069 52.310178001000054)",Unfall 82295 (2019) Kat:3, Licht: 0,82295,3,6,2,07,14,5,0,0,0,1,0,0,0,1
"POINT (10.480128232000027 52.323288471000069)",Unfall 82301 (2019) Kat:3, Licht: 2,82301,3,7,8,07,00,5,0,2,0,1,0,0,1,0
"POINT (10.492944013000056 52.200990142000080)",Unfall 82303 (2019) Kat:1, Licht: 0,82303,1,6,4,07,15,5,0,0,0,1,0,0,0,0
"POINT (10.502728477000062 52.227213799000026)",Unfall 82402 (2019) Kat:3, Licht: 0,82402,3,3,5,08,10,3,0,0,0,1,0,0,0,0
"POINT (10.479167515000029 52.298444983000081)",Unfall 82934 (2019) Kat:2, Licht: 0,82934,2,6,4,08,16,2,0,0,0,1,0,0,0,1
"POINT (10.564015851000022 52.248447491000036)",Unfall 82939 (2019) Kat:3, Licht: 0,82939,3,6,2,08,07,2,0,0,0,1,0,0,0,0
"POINT (10.540437261000022 52.320647815000029)",Unfall 82940 (2019) Kat:3, Licht: 0,82940,3,2,4,08,08,2,0,0,0,1,0,0,0,0
"POINT (10.490097089000074 52.283762439000043)",Unfall 82992 (2019) Kat:3, Licht: 0,82992,3,1,4,08,15,1,1,0,0,1,0,0,0,0
"POINT (10.514579816000037 52.315275511000038)",Unfall 83261 (2019) Kat:3, Licht: 0,83261,3,1,2,08,09,4,0,0,0,0,0,0,1,0
"POINT (10.522161321000056 52.236963534000040)",Unfall 83394 (2019) Kat:3, Licht: 0,83394,3,6,3,08,07,3,0,0,0,1,0,0,1,0
"POINT (10.515365444000054 52.311388390000047)",Unfall 83397 (2019) Kat:3, Licht: 0,83397,3,6,2,08,13,3,0,0,0,1,0,0,0,0
"POINT (10.478824749000069 52.275151283000071)",Unfall 83594 (2019) Kat:3, Licht: 0,83594,3,6,0,09,14,2,0,0,0,0,0,0,0,1
"POINT (10.429112434000047 52.304879838000033)",Unfall 83709 (2019) Kat:3, Licht: 0,83709,3,1,8,08,15,7,0,0,0,0,0,1,0,0
"POINT (10.541046938000022 52.259829717000059)",Unfall 83711 (2019) Kat:3, Licht: 0,83711,3,6,3,08,06,7,0,0,0,1,0,0,1,0
"POINT (10.504298556000037 52.248200282000028)",Unfall 83773 (2019) Kat:3, Licht: 0,83773,3,6,2,09,16,4,0,0,0,1,0,0,0,0
"POINT (10.529544353000063 52.232753530000082)",Unfall 83799 (2019) Kat:3, Licht: 0,83799,3,1,1,08,13,6,0,0,0,1,0,0,0,0
"POINT (10.532160556000065 52.346346023000081)",Unfall 83914 (2019) Kat:2, Licht: 0,83914,2,6,4,09,17,3,0,0,0,1,0,0,0,1
"POINT (10.471611425000049 52.267573935000030)",Unfall 83915 (2019) Kat:3, Licht: 0,83915,3,6,4,09,14,3,0,0,0,1,0,0,1,0
"POINT (10.505094526000050 52.272029364000048)",Unfall 83918 (2019) Kat:3, Licht: 0,83918,3,2,6,08,08,5,0,0,1,0,1,0,0,0
"POINT (10.533985922000056 52.215539229000058)",Unfall 84265 (2019) Kat:3, Licht: 2,84265,3,7,8,09,02,5,1,2,0,1,0,0,0,0
"POINT (10.580003936000026 52.317515806000074)",Unfall 84266 (2019) Kat:2, Licht: 2,84266,2,1,8,09,22,5,0,2,0,0,0,1,0,0
"POINT (10.576216638000062 52.312585505000072)",Unfall 84362 (2019) Kat:2, Licht: 2,84362,2,6,2,09,03,6,0,2,0,0,0,0,1,0
"POINT (10.560314087000052 52.313173551000034)",Unfall 84364 (2019) Kat:3, Licht: 2,84364,3,6,2,09,02,6,0,2,0,1,0,0,1,1
"POINT (10.492841463000047 52.252019273000030)",Unfall 84367 (2019) Kat:3, Licht: 0,84367,3,2,2,09,18,6,0,0,0,1,0,0,0,0
"POINT (10.527284534000046 52.330684536000035)",Unfall 84371 (2019) Kat:3, Licht: 0,84371,3,6,2,09,14,4,0,0,0,1,0,0,0,0
"POINT (10.561824251000075 52.289421680000032)",Unfall 84529 (2019) Kat:3, Licht: 0,84529,3,3,5,09,14,5,0,0,1,1,0,0,0,0
"POINT (10.530476108000073 52.230948507000051)",Unfall 84859 (2019) Kat:3, Licht: 0,84859,3,6,2,09,17,1,0,0,0,1,0,0,0,0
"POINT (10.494948736000026 52.215763663000075)",Unfall 84863 (2019) Kat:3, Licht: 0,84863,3,6,2,09,12,1,0,0,0,1,0,0,0,0
"POINT (10.507327875000044 52.220283201000029)",Unfall 85049 (2019) Kat:3, Licht: 0,85049,3,1,0,09,09,2,1,0,0,0,0,1,0,0
"POINT (10.492177669000057 52.217232741000032)",Unfall 85078 (2019) Kat:3, Licht: 0,85078,3,1,8,09,10,4,1,0,0,0,0,0,0,1
"POINT (10.629808159000049 52.289570368000057)",Unfall 85254 (2019) Kat:3, Licht: 1,85254,3,1,4,09,18,7,1,1,0,1,0,1,0,0
"POINT (10.528599309000072 52.200769688000037)",Unfall 85338 (2019) Kat:3, Licht: 0,85338,3,6,3,10,14,2,0,0,0,1,0,0,0,0
"POINT (10.507569563000061 52.281880811000065)",Unfall 85415 (2019) Kat:2, Licht: 2,85415,2,1,8,10,21,1,0,2,0,1,0,0,0,0
"POINT (10.629874611000048 52.289583611000069)",Unfall 85490 (2019) Kat:3, Licht: 0,85490,3,1,4,09,13,6,1,0,0,1,0,0,0,0
"POINT (10.466871518000062 52.240608124000062)",Unfall 85709 (2019) Kat:2, Licht: 0,85709,2,1,9,10,15,5,0,0,0,1,0,0,0,0
"POINT (10.492322005000062 52.274577080000029)",Unfall 85969 (2019) Kat:3, Licht: 0,85969,3,6,2,10,17,3,0,0,0,1,0,0,0,0
"POINT (10.462096688000031 52.215302901000030)",Unfall 86160 (2019) Kat:2, Licht: 2,86160,2,1,8,10,22,4,0,2,0,1,0,0,0,0
"POINT (10.629798947000040 52.289568532000033)",Unfall 86163 (2019) Kat:3, Licht: 0,86163,3,6,4,10,15,4,0,0,0,1,0,1,0,0
"POINT (10.518889414000057 52.315369139000040)",Unfall 87060 (2019) Kat:3, Licht: 2,87060,3,6,2,11,05,2,1,2,0,1,0,0,1,0
"POINT (10.515359013000023 52.315107961000081)",Unfall 87221 (2019) Kat:3, Licht: 0,87221,3,6,2,11,08,2,1,0,0,0,0,0,1,0
"POINT (10.475792854000076 52.301350608000064)",Unfall 87273 (2019) Kat:3, Licht: 0,87273,3,6,2,11,08,1,1,0,0,1,0,0,0,1
"POINT (10.506078402000071 52.273497677000080)",Unfall 87287 (2019) Kat:3, Licht: 2,87287,3,3,5,11,18,5,1,2,0,1,0,0,0,0
"POINT (10.517680577000021 52.297624581000036)",Unfall 87425 (2019) Kat:3, Licht: 2,87425,3,2,5,11,17,6,0,2,1,1,0,0,0,0
"POINT (10.491053194000074 52.286904727000035)",Unfall 87460 (2019) Kat:3, Licht: 2,87460,3,1,8,11,18,4,1,2,0,1,0,0,0,0
"POINT (10.535598329000038 52.243369978000032)",Unfall 87463 (2019) Kat:3, Licht: 0,87463,3,6,2,11,09,4,1,0,0,1,0,0,0,0
"POINT (10.524615459000074 52.337553993000029)",Unfall 87478 (2019) Kat:3, Licht: 2,87478,3,1,8,11,20,7,1,2,0,1,0,0,0,0
"POINT (10.511358627000050 52.307917380000049)",Unfall 87550 (2019) Kat:3, Licht: 0,87550,3,6,2,11,14,3,0,0,0,1,0,0,0,0
"POINT (10.491839197000047 52.271647681000047)",Unfall 87617 (2019) Kat:2, Licht: 2,87617,2,1,9,11,21,5,0,2,0,0,0,1,0,0
"POINT (10.551906779000035 52.277594342000043)",Unfall 87761 (2019) Kat:3, Licht: 0,87761,3,6,2,11,09,3,1,0,0,1,0,0,0,1
"POINT (10.502111277000040 52.219356139000070)",Unfall 87818 (2019) Kat:3, Licht: 2,87818,3,3,5,11,20,5,0,2,0,1,0,0,0,0
"POINT (10.612244817000033 52.309868199000050)",Unfall 87824 (2019) Kat:3, Licht: 0,87824,3,6,2,10,10,5,0,0,0,1,0,0,0,0
"POINT (10.602565213000048 52.281193725000037)",Unfall 87831 (2019) Kat:3, Licht: 2,87831,3,6,0,10,18,5,0,2,1,0,1,0,0,0
"POINT (10.488516707000031 52.268231873000047)",Unfall 88106 (2019) Kat:3, Licht: 0,88106,3,6,2,11,15,6,0,0,0,0,0,0,1,1
"POINT (10.509973817000059 52.242963115000066)",Unfall 88108 (2019) Kat:3, Licht: 0,88108,3,6,3,11,08,6,0,0,0,1,0,0,1,0
"POINT (10.529341077000026 52.236940466000078)",Unfall 88152 (2019) Kat:3, Licht: 1,88152,3,6,2,12,17,3,1,1,0,1,0,0,0,0
"POINT (10.588064912000050 52.249287267000057)",Unfall 88322 (2019) Kat:2, Licht: 0,88322,2,7,8,11,15,7,0,0,0,0,0,1,0,0
"POINT (10.571583824000072 52.252648226000076)",Unfall 88458 (2019) Kat:3, Licht: 2,88458,3,2,2,11,17,5,1,2,0,1,0,0,0,0
"POINT (10.543182333000061 52.262155432000043)",Unfall 88459 (2019) Kat:3, Licht: 0,88459,3,7,0,11,08,5,1,0,1,0,0,0,0,0
"POINT (10.502053061000026 52.270889871000065)",Unfall 88651 (2019) Kat:3, Licht: 2,88651,3,3,5,12,16,4,1,2,0,1,0,0,0,0
"POINT (10.492894212000067 52.217335126000080)",Unfall 88653 (2019) Kat:3, Licht: 2,88653,3,1,9,12,19,4,1,2,0,1,0,0,0,0
"POINT (10.498183059000041 52.318945501000030)",Unfall 88656 (2019) Kat:2, Licht: 0,88656,2,6,2,12,13,6,0,0,0,0,0,0,1,0
"POINT (10.509965496000063 52.243153323000058)",Unfall 88762 (2019) Kat:3, Licht: 1,88762,3,6,2,12,07,3,1,1,0,1,0,0,0,0
"POINT (10.567353081000022 52.253487984000060)",Unfall 88764 (2019) Kat:3, Licht: 1,88764,3,2,5,12,07,3,1,1,1,0,0,0,0,1
"POINT (10.486267799000075 52.273536288000059)",Unfall 88779 (2019) Kat:2, Licht: 0,88779,2,3,5,12,08,5,2,0,0,1,0,0,0,0
"POINT (10.500699818000044 52.225318270000059)",Unfall 88892 (2019) Kat:2, Licht: 1,88892,2,6,2,12,07,2,0,1,0,1,0,0,0,0
"POINT (10.509047424000073 52.244755579000071)",Unfall 88893 (2019) Kat:3, Licht: 1,88893,3,6,3,12,07,2,0,1,0,1,0,0,1,0
"POINT (10.508842374000039 52.307438778000062)",Unfall 88919 (2019) Kat:3, Licht: 2,88919,3,1,8,12,04,1,2,2,0,1,0,0,0,0
"POINT (10.523290430000031 52.237107100000060)",Unfall 89038 (2019) Kat:3, Licht: 0,89038,3,6,3,12,11,5,0,0,0,1,0,0,0,0
"POINT (10.510969802000034 52.232557085000053)",Unfall 89068 (2019) Kat:2, Licht: 2,89068,2,6,2,12,16,6,1,2,0,1,0,0,0,0
"POINT (10.510666452000066 52.231902773000058)",Unfall 89303 (2019) Kat:3, Licht: 0,89303,3,6,9,01,09,7,1,0,0,1,0,0,0,0
"POINT (10.591269803000046 52.318066954000074)",Unfall 89425 (2019) Kat:3, Licht: 2,89425,3,1,8,01,20,5,2,2,0,1,0,0,0,0
"POINT (10.526451397000073 52.203692941000043)",Unfall 89503 (2019) Kat:2, Licht: 0,89503,2,1,0,01,08,4,1,0,1,0,0,0,0,0
"POINT (10.494406985000069 52.252954884000076)",Unfall 89636 (2019) Kat:3, Licht: 0,89636,3,2,3,12,11,2,0,0,1,0,0,0,0,1
"POINT (10.489064580000047 52.282900230000052)",Unfall 89759 (2019) Kat:3, Licht: 2,89759,3,1,8,12,00,5,1,2,0,1,0,0,0,0
"POINT (10.486448557000074 52.262204821000068)",Unfall 89927 (2019) Kat:3, Licht: 0,89927,3,6,2,01,11,5,0,0,0,1,0,0,0,0
"POINT (10.541411588000074 52.239912172000061)",Unfall 89929 (2019) Kat:3, Licht: 0,89929,3,6,2,01,07,5,1,0,0,1,0,0,0,0
"POINT (10.522200303000034 52.236820552000040)",Unfall 89938 (2019) Kat:3, Licht: 0,89938,3,6,2,01,16,6,1,0,0,1,0,0,0,0
"POINT (10.587866421000058 52.285438776000035)",Unfall 90098 (2019) Kat:3, Licht: 2,90098,3,3,5,01,17,4,1,2,1,1,0,0,0,0
"POINT (10.507700385000021 52.302331397000046)",Unfall 90373 (2019) Kat:3, Licht: 2,90373,3,6,2,01,19,1,1,2,0,1,0,0,0,0
"POINT (10.530454995000071 52.230989409000074)",Unfall 90452 (2019) Kat:3, Licht: 0,90452,3,6,2,02,10,1,1,0,0,1,0,0,0,0
"POINT (10.503757700000051 52.271716148000053)",Unfall 90509 (2019) Kat:3, Licht: 2,90509,3,1,0,02,06,7,0,2,1,0,0,0,0,0
"POINT (10.514554669000063 52.281599597000081)",Unfall 90541 (2019) Kat:3, Licht: 1,90541,3,6,2,01,07,3,1,1,0,1,0,0,0,0
"POINT (10.514887294000062 52.281734774000029)",Unfall 90583 (2019) Kat:3, Licht: 0,90583,3,6,2,02,07,6,1,0,0,1,0,0,0,0
"POINT (10.515512003000026 52.281517149000081)",Unfall 90679 (2019) Kat:3, Licht: 2,90679,3,6,2,01,06,7,1,2,0,1,0,0,0,0
"POINT (10.491797074000033 52.277345825000054)",Unfall 90783 (2019) Kat:3, Licht: 2,90783,3,6,2,02,17,5,0,2,0,1,0,0,0,0
"POINT (10.530569525000033 52.202875801000062)",Unfall 90786 (2019) Kat:3, Licht: 0,90786,3,3,5,02,16,5,0,0,0,1,0,0,0,0
"POINT (10.504459467000061 52.281745802000046)",Unfall 90910 (2019) Kat:3, Licht: 2,90910,3,3,5,01,18,3,0,2,0,1,0,0,0,0
"POINT (10.443748028000073 52.235887089000073)",Unfall 91093 (2019) Kat:1, Licht: 2,91093,1,6,2,01,06,5,0,2,1,1,0,0,0,0
"POINT (10.529070951000051 52.201271779000081)",Unfall 91143 (2019) Kat:3, Licht: 2,91143,3,3,5,02,18,6,0,2,0,1,0,0,0,0
"POINT (10.529143155000042 52.236964721000049)",Unfall 91147 (2019) Kat:3, Licht: 0,91147,3,6,3,02,14,6,0,0,0,1,0,0,0,0
"POINT (10.518373808000035 52.189883570000063)",Unfall 91151 (2019) Kat:3, Licht: 0,91151,3,6,2,02,14,6,0,0,0,1,0,0,0,0
"POINT (10.534350211000060 52.209021684000049)",Unfall 91153 (2019) Kat:3, Licht: 0,91153,3,6,2,02,13,6,0,0,0,1,0,0,0,0
"POINT (10.491783021000060 52.272230437000076)",Unfall 91243 (2019) Kat:3, Licht: 0,91243,3,2,3,02,08,3,0,0,1,0,0,0,0,1
"POINT (10.490834801000062 52.281627345000061)",Unfall 91321 (2019) Kat:2, Licht: 0,91321,2,6,2,02,06,3,0,0,0,1,0,0,0,0
"POINT (10.560640312000032 52.267437647000065)",Unfall 91456 (2019) Kat:2, Licht: 0,91456,2,3,0,02,08,3,1,0,1,1,0,0,0,0
"POINT (10.477480845000059 52.299100785000064)",Unfall 91473 (2019) Kat:3, Licht: 2,91473,3,1,4,02,18,2,0,2,0,1,0,0,0,0
"POINT (10.493992385000070 52.202400039000054)",Unfall 91477 (2019) Kat:3, Licht: 0,91477,3,6,2,02,15,2,0,0,0,1,0,0,0,0
"POINT (10.524871343000029 52.329952814000080)",Unfall 91865 (2019) Kat:3, Licht: 0,91865,3,6,2,02,14,5,0,0,0,1,0,0,0,0
"POINT (10.489620215000059 52.283659522000050)",Unfall 92313 (2019) Kat:3, Licht: 0,92313,3,1,8,03,14,5,1,0,0,1,0,0,0,0
"POINT (10.480798568000068 52.292190638000079)",Unfall 92338 (2019) Kat:3, Licht: 0,92338,3,1,9,03,09,2,0,0,0,0,0,0,1,0
"POINT (10.462069410000026 52.308161747000042)",Unfall 92416 (2019) Kat:3, Licht: 0,92416,3,6,2,03,08,2,1,0,0,1,0,0,0,0
"POINT (10.502267484000072 52.248897438000029)",Unfall 92467 (2019) Kat:3, Licht: 0,92467,3,6,2,03,08,2,1,0,0,1,0,0,0,1
"POINT (10.584158784000067 52.344418931000064)",Unfall 92522 (2019) Kat:3, Licht: 2,92522,3,1,8,03,18,2,1,2,0,1,0,0,0,0
"POINT (10.525589743000069 52.313637921000065)",Unfall 93474 (2019) Kat:2, Licht: 0,93474,2,6,2,04,08,3,0,0,0,1,0,0,1,0
"POINT (10.522490474000051 52.313910157000066)",Unfall 93476 (2019) Kat:3, Licht: 0,93476,3,6,2,04,16,3,0,0,0,0,0,0,1,0
"POINT (10.524194670000043 52.237030306000065)",Unfall 93719 (2019) Kat:3, Licht: 0,93719,3,6,2,04,14,4,0,0,0,1,0,0,1,0
"POINT (10.499105457000041 52.228095199000052)",Unfall 93720 (2019) Kat:2, Licht: 0,93720,2,6,2,04,16,4,0,0,0,1,0,0,0,0
"POINT (10.514907929000060 52.274168623000037)",Unfall 93823 (2019) Kat:3, Licht: 0,93823,3,6,2,04,17,3,0,0,0,1,0,0,0,0
"POINT (10.530161165000038 52.313454762000049)",Unfall 93954 (2019) Kat:2, Licht: 0,93954,2,6,2,04,19,1,0,0,0,1,0,0,0,0
"POINT (10.889123095000059 52.288376405000065)",Unfall 94026 (2019) Kat:2, Licht: 0,94026,2,7,9,04,15,7,0,0,0,1,0,0,0,1
"POINT (10.561111204000042 52.267546233000076)",Unfall 94073 (2019) Kat:3, Licht: 0,94073,3,3,5,04,15,5,0,0,1,1,0,0,0,0
"POINT (10.479187774000025 52.298434338000050)",Unfall 94132 (2019) Kat:3, Licht: 0,94132,3,1,8,04,17,6,0,0,0,1,0,0,0,0
"POINT (10.541344114000026 52.265870912000082)",Unfall 94179 (2019) Kat:3, Licht: 0,94179,3,5,1,04,15,4,0,0,0,1,1,0,0,0
"POINT (10.513525252000022 52.315509125000062)",Unfall 94303 (2019) Kat:3, Licht: 0,94303,3,6,3,04,15,3,0,0,0,1,0,0,1,0
"POINT (10.542848477000064 52.240296159000081)",Unfall 94449 (2019) Kat:2, Licht: 0,94449,2,6,3,05,13,4,1,0,0,1,0,0,1,0
"POINT (10.492317586000070 52.274865134000038)",Unfall 94451 (2019) Kat:3, Licht: 0,94451,3,6,2,05,17,4,1,0,0,1,0,0,0,0
"POINT (10.492131949000054 52.276683863000073)",Unfall 94559 (2019) Kat:3, Licht: 0,94559,3,6,2,04,07,3,0,0,0,1,0,0,0,0
"POINT (10.492441586000041 52.200306079000029)",Unfall 94635 (2019) Kat:3, Licht: 0,94635,3,2,5,04,10,2,1,0,0,1,0,0,0,0
"POINT (10.453824594000025 52.285419239000078)",Unfall 94644 (2019) Kat:3, Licht: 0,94644,3,6,2,05,08,2,0,0,0,1,0,0,0,0
"POINT (10.587128714000073 52.311709500000063)",Unfall 94666 (2019) Kat:3, Licht: 0,94666,3,6,2,04,11,1,0,0,0,1,0,0,0,0
"POINT (10.492467612000041 52.274274879000075)",Unfall 94668 (2019) Kat:2, Licht: 2,94668,2,7,8,04,00,1,1,2,0,1,0,0,0,0
"POINT (10.591805582000063 52.311170228000037)",Unfall 94762 (2019) Kat:2, Licht: 0,94762,2,6,3,04,14,7,0,0,0,1,0,0,0,0
"POINT (10.468646226000033 52.304564452000079)",Unfall 95257 (2019) Kat:3, Licht: 0,95257,3,2,2,05,09,6,0,0,0,1,0,1,0,0
"POINT (10.546030797000071 52.313303842000039)",Unfall 95343 (2019) Kat:2, Licht: 0,95343,2,6,2,05,06,5,1,0,0,1,0,0,1,0
"POINT (10.523073381000074 52.269332407000036)",Unfall 222486 (2019) Kat:3, Licht: 0,222486,3,6,2,05,09,7,0,0,0,1,0,0,0,0
"POINT (10.540022730000032 52.267881671000055)",Unfall 222785 (2019) Kat:3, Licht: 0,222785,3,2,5,06,11,6,0,0,1,1,0,0,0,0
"POINT (10.503125285000067 52.260612879000064)",Unfall 222817 (2019) Kat:3, Licht: 0,222817,3,2,3,06,14,5,0,0,1,1,0,0,0,0
"POINT (10.526119076000043 52.264114480000046)",Unfall 222858 (2019) Kat:3, Licht: 0,222858,3,6,3,06,20,4,0,0,1,0,0,0,0,0
"POINT (10.519794830000023 52.275129358000072)",Unfall 222930 (2019) Kat:3, Licht: 1,222930,3,3,5,06,19,2,1,1,1,1,0,0,0,0