WKT,Name,OBJECTID,UKATEGORIE,UTYP1,UART,UMONAT,USTUNDE,UWOCHENTAG,STRZUSTAND,ULICHTVERH,ISTRAD,ISTPKW,ISTFUSS,ISTKRAD,ISTGKFZ,ISTSONSTIG
"POINT (10.542342350000069 52.266339920000064)",Unfall 226344 (2019) Kat:3, Licht: 0,226344,3,1,1,09,17,7,0,0,1,1,0,0,0,0
"POINT (10.539931156000023 52.268010596000067)",Unfall 226345 (2019) Kat:3, Licht: 0,226345,3,2,4,09,16,7,0,0,0,1,0,1,0,0
"POINT (10.553129463000062 52.276650362000055)",Unfall 226372 (2019) Kat:2, Licht: 0,226372,2,3,5,09,15,6,0,0,1,0,0,0,0,0
"POINT (10.470132974000023 52.319714120000071)",Unfall 226373 (2019) Kat:3, Licht: 0,226373,3,3,5,09,13,6,0,0,1,1,0,0,0,0
"POINT (10.513644712000030 52.267813037000053)",Unfall 226374 (2019) Kat:3, Licht: 0,226374,3,3,5,09,12,6,0,0,1,1,0,0,0,0
"POINT (10.519238967000035 52.263285157000041)",Unfall 226375 (2019) Kat:3, Licht: 0,226375,3,7,6,09,15,6,0,0,0,1,1,0,0,0
"POINT (10.525749195000060 52.262841572000070)",Unfall 226413 (2019) Kat:3, Licht: 2,226413,3,3,0,10,19,2,0,2,1,1,0,0,0,0
"POINT (10.527926752000042 52.284642682000026)",Unfall 226414 (2019) Kat:2, Licht: 0,226414,2,4,6,10,11,2,0,0,0,1,1,0,0,0
"POINT (10.525372288000028 52.206945739000048)",Unfall 226424 (2019) Kat:3, Licht: 2,226424,3,1,8,10,02,1,0,2,1,0,0,0,0,0
"POINT (10.517802167000070 52.258138391000045)",Unfall 226465 (2019) Kat:3, Licht: 2,226465,3,3,5,10,22,6,1,2,0,1,0,0,0,0
"POINT (10.530745869000043 52.287504517000059)",Unfall 226466 (2019) Kat:3, Licht: 0,226466,3,6,2,10,10,6,1,0,0,1,0,0,0,1
"POINT (10.523692963000030 52.213111123000033)",Unfall 226467 (2019) Kat:3, Licht: 2,226467,3,3,5,10,06,6,0,2,0,1,0,0,0,1
"POINT (10.498964158000035 52.316999711000051)",Unfall 226514 (2019) Kat:3, Licht: 0,226514,3,3,5,10,09,4,0,0,1,0,0,0,0,1
"POINT (10.516008088000035 52.304425435000041)",Unfall 226550 (2019) Kat:2, Licht: 0,226550,2,3,5,10,13,3,1,0,0,1,0,0,0,0
"POINT (10.508448207000072 52.269769118000056)",Unfall 226551 (2019) Kat:3, Licht: 0,226551,3,6,2,10,11,3,1,0,0,1,0,0,0,0
"POINT (10.559234616000026 52.279533568000033)",Unfall 226552 (2019) Kat:3, Licht: 2,226552,3,3,5,10,06,3,1,2,1,1,0,0,0,0
"POINT (10.527396810000027 52.281229133000068)",Unfall 226591 (2019) Kat:3, Licht: 2,226591,3,6,2,09,19,2,0,2,1,1,0,0,0,0
"POINT (10.538360184000055 52.286755581000079)",Unfall 226592 (2019) Kat:3, Licht: 2,226592,3,2,4,09,06,2,1,2,1,1,0,0,0,0
"POINT (10.519975615000021 52.218966003000048)",Unfall 226603 (2019) Kat:3, Licht: 0,226603,3,3,5,09,14,1,1,0,0,1,0,0,0,0
"POINT (10.450584267000067 52.285981525000068)",Unfall 226604 (2019) Kat:3, Licht: 0,226604,3,2,5,09,16,1,1,0,0,1,0,0,0,0
"POINT (10.506230525000035 52.255158592000043)",Unfall 226628 (2019) Kat:3, Licht: 2,226628,3,2,4,09,19,7,0,2,1,1,0,0,0,0
"POINT (10.502848003000054 52.260619130000066)",Unfall 226676 (2019) Kat:3, Licht: 0,226676,3,2,5,10,11,3,1,0,0,1,0,0,0,0
"POINT (10.515593097000021 52.259740934000035)",Unfall 226703 (2019) Kat:3, Licht: 2,226703,3,1,0,10,23,5,1,2,1,0,0,0,0,0
"POINT (10.467371736000075 52.321455828000069)",Unfall 226704 (2019) Kat:3, Licht: 0,226704,3,3,5,10,16,5,0,0,0,1,0,0,1,0
"POINT (10.523549495000054 52.262362286000041)",Unfall 226705 (2019) Kat:3, Licht: 0,226705,3,4,6,10,12,5,0,0,1,0,1,0,0,0
"POINT (10.514204166000070 52.262970543000051)",Unfall 226706 (2019) Kat:3, Licht: 0,226706,3,5,3,10,12,5,0,0,0,1,0,0,0,0
"POINT (10.522362322000049 52.261384582000062)",Unfall 226707 (2019) Kat:3, Licht: 0,226707,3,1,0,10,09,5,1,0,1,0,0,0,0,0
"POINT (10.526324772000066 52.264424940000026)",Unfall 226769 (2019) Kat:3, Licht: 2,226769,3,4,0,10,18,3,0,2,0,0,1,0,0,1
"POINT (10.507595207000065 52.239679151000075)",Unfall 226811 (2019) Kat:1, Licht: 2,226811,1,1,8,10,20,1,0,2,0,0,0,1,0,0
"POINT (10.519254912000065 52.287967002000073)",Unfall 226903 (2019) Kat:3, Licht: 1,226903,3,3,5,10,06,4,0,1,1,1,0,0,0,0
"POINT (10.501980678000052 52.271039638000047)",Unfall 226904 (2019) Kat:3, Licht: 2,226904,3,7,0,10,23,4,1,2,1,1,0,0,0,0
"POINT (10.540145260000031 52.267920608000054)",Unfall 226956 (2019) Kat:3, Licht: 0,226956,3,6,2,10,16,6,0,0,0,1,0,0,0,1
"POINT (10.540067912000040 52.268049984000072)",Unfall 226957 (2019) Kat:3, Licht: 0,226957,3,7,4,10,12,6,0,0,0,1,0,1,0,0
"POINT (10.545592318000047 52.276853396000035)",Unfall 226958 (2019) Kat:2, Licht: 2,226958,2,5,1,10,02,6,0,2,1,1,0,0,0,0
"POINT (10.485993838000070 52.248813414000040)",Unfall 226987 (2019) Kat:2, Licht: 0,226987,2,3,5,10,12,5,0,0,0,1,0,0,0,0
"POINT (10.496848683000053 52.254450962000078)",Unfall 227019 (2019) Kat:3, Licht: 2,227019,3,3,5,10,18,4,0,2,1,1,0,0,0,0
"POINT (10.542248448000066 52.275105079000070)",Unfall 227020 (2019) Kat:3, Licht: 0,227020,3,2,5,10,16,4,0,0,0,1,0,1,0,0
"POINT (10.530159844000025 52.269140751000066)",Unfall 227060 (2019) Kat:3, Licht: 0,227060,3,4,6,10,11,3,0,0,0,0,1,1,0,0
"POINT (10.481059431000062 52.241599693000069)",Unfall 227061 (2019) Kat:3, Licht: 0,227061,3,7,0,10,09,3,0,0,1,1,0,0,0,0
"POINT (10.523822800000062 52.268698149000045)",Unfall 227095 (2019) Kat:3, Licht: 2,227095,3,3,5,10,18,2,0,2,1,1,0,0,0,0
"POINT (10.512049183000045 52.268370064000067)",Unfall 227096 (2019) Kat:3, Licht: 0,227096,3,3,5,10,08,2,1,0,1,0,0,0,0,1
"POINT (10.516791803000046 52.266485868000075)",Unfall 227113 (2019) Kat:3, Licht: 0,227113,3,3,5,10,16,1,1,0,0,1,0,0,0,0
"POINT (10.507495956000071 52.245791198000063)",Unfall 227114 (2019) Kat:3, Licht: 0,227114,3,3,5,10,16,1,1,0,0,1,0,0,0,0
"POINT (10.463091782000049 52.306452441000033)",Unfall 227140 (2019) Kat:2, Licht: 2,227140,2,2,5,10,18,7,0,2,1,1,0,0,0,0
"POINT (10.538697057000036 52.240275218000079)",Unfall 227167 (2019) Kat:2, Licht: 0,227167,2,2,5,10,10,6,1,0,1,1,0,0,0,0
"POINT (10.510971238000025 52.235121751000065)",Unfall 227213 (2019) Kat:3, Licht: 2,227213,3,1,8,11,19,7,1,2,0,1,0,0,0,0
"POINT (10.519978138000056 52.298128783000038)",Unfall 227214 (2019) Kat:3, Licht: 2,227214,3,3,5,11,20,7,1,2,0,1,0,0,0,0
"POINT (10.516655297000057 52.260040891000074)",Unfall 227215 (2019) Kat:3, Licht: 0,227215,3,3,5,11,12,7,1,0,1,1,0,0,0,0
"POINT (10.486858046000066 52.271983325000065)",Unfall 227269 (2019) Kat:2, Licht: 2,227269,2,4,6,10,20,5,0,2,0,1,1,0,0,0
"POINT (10.480278015000067 52.251307518000033)",Unfall 227302 (2019) Kat:3, Licht: 2,227302,3,5,3,10,18,4,0,2,0,1,0,0,0,0
"POINT (10.518092269000022 52.262790076000044)",Unfall 227303 (2019) Kat:3, Licht: 0,227303,3,6,2,10,13,4,0,0,0,1,0,1,0,0
"POINT (10.527694929000063 52.266243935000034)",Unfall 227304 (2019) Kat:3, Licht: 0,227304,3,3,5,10,08,4,0,0,1,1,0,0,0,0
"POINT (10.509495487000038 52.238904275000039)",Unfall 227335 (2019) Kat:3, Licht: 1,227335,3,6,3,10,06,3,0,1,0,1,0,0,1,0
"POINT (10.563838562000058 52.286763730000075)",Unfall 227336 (2019) Kat:3, Licht: 0,227336,3,3,5,10,15,3,0,0,0,1,0,0,0,1
"POINT (10.536362112000063 52.250859600000069)",Unfall 227337 (2019) Kat:3, Licht: 0,227337,3,4,0,10,14,3,0,0,0,0,1,0,0,1
"POINT (10.510319419000041 52.268829780000033)",Unfall 227338 (2019) Kat:3, Licht: 0,227338,3,3,5,10,08,3,0,0,1,1,0,0,0,0
"POINT (10.485849792000067 52.247854144000030)",Unfall 227385 (2019) Kat:3, Licht: 0,227385,3,3,5,10,13,2,0,0,0,1,0,0,0,0
"POINT (10.514208343000064 52.265918262000071)",Unfall 227386 (2019) Kat:3, Licht: 0,227386,3,3,5,10,07,2,0,0,0,1,0,0,1,0
"POINT (10.502536677000023 52.283661674000030)",Unfall 227450 (2019) Kat:3, Licht: 2,227450,3,6,4,11,17,1,0,2,1,1,0,0,0,0
"POINT (10.520122476000040 52.259562261000042)",Unfall 227451 (2019) Kat:3, Licht: 2,227451,3,6,2,11,02,1,0,2,0,1,0,0,0,0
"POINT (10.531467413000030 52.251298645000077)",Unfall 227473 (2019) Kat:3, Licht: 2,227473,3,2,3,11,22,7,0,2,0,1,0,0,0,1
"POINT (10.501725878000059 52.273001452000074)",Unfall 227514 (2019) Kat:3, Licht: 2,227514,3,3,5,11,22,6,1,2,1,1,0,0,0,0
"POINT (10.511968612000032 52.257539175000034)",Unfall 227515 (2019) Kat:3, Licht: 0,227515,3,3,5,11,08,6,0,0,1,1,0,0,0,0
"POINT (10.519731189000026 52.278925957000070)",Unfall 227560 (2019) Kat:3, Licht: 0,227560,3,1,0,11,15,5,1,0,1,0,0,0,0,0
"POINT (10.519743787000039 52.264758957000026)",Unfall 227597 (2019) Kat:2, Licht: 0,227597,2,1,0,11,13,4,1,0,1,0,0,0,0,0
"POINT (10.535769356000060 52.262755776000063)",Unfall 227636 (2019) Kat:3, Licht: 0,227636,3,4,6,11,13,3,1,0,1,0,1,0,0,0
"POINT (10.533601243000021 52.296007409000026)",Unfall 227637 (2019) Kat:3, Licht: 0,227637,3,7,5,11,09,3,1,0,0,1,0,1,0,0
"POINT (10.565204413000060 52.221706374000064)",Unfall 227638 (2019) Kat:3, Licht: 2,227638,3,3,5,11,06,3,1,2,1,1,0,0,0,0
"POINT (10.529744594000022 52.215498801000081)",Unfall 227680 (2019) Kat:3, Licht: 0,227680,3,7,6,11,14,2,0,0,0,1,1,0,0,0
"POINT (10.530652607000036 52.265796585000032)",Unfall 227681 (2019) Kat:3, Licht: 2,227681,3,4,6,11,06,2,1,2,1,0,1,0,0,0
"POINT (10.474958707000042 52.249422410000079)",Unfall 227682 (2019) Kat:3, Licht: 0,227682,3,3,5,11,08,2,1,0,1,1,0,0,0,0
"POINT (10.481017175000034 52.319484043000045)",Unfall 227683 (2019) Kat:3, Licht: 2,227683,3,3,5,11,05,2,1,2,1,1,0,0,0,0
"POINT (10.500104148000048 52.266875540000058)",Unfall 227758 (2019) Kat:2, Licht: 0,227758,2,2,6,11,15,2,1,0,0,1,1,0,0,0
"POINT (10.508870586000057 52.256001498000046)",Unfall 227772 (2019) Kat:3, Licht: 2,227772,3,3,5,11,19,1,1,2,1,1,0,0,0,0
"POINT (10.558247741000059 52.232526302000053)",Unfall 227793 (2019) Kat:3, Licht: 2,227793,3,7,7,11,17,7,0,2,1,0,1,0,0,0
"POINT (10.527800463000062 52.265186136000068)",Unfall 227828 (2019) Kat:3, Licht: 2,227828,3,6,2,11,19,6,0,2,0,1,0,0,0,0
"POINT (10.543526737000036 52.268968641000072)",Unfall 227829 (2019) Kat:3, Licht: 0,227829,3,2,4,11,09,6,0,0,1,1,0,0,0,0
"POINT (10.473593093000034 52.247415683000042)",Unfall 227870 (2019) Kat:3, Licht: 0,227870,3,4,6,11,15,5,0,0,0,1,1,0,0,0
"POINT (10.533736196000064 52.277454007000074)",Unfall 227871 (2019) Kat:2, Licht: 0,227871,2,2,5,11,16,5,0,0,1,0,0,0,0,0
"POINT (10.518509214000062 52.258301860000074)",Unfall 227872 (2019) Kat:3, Licht: 1,227872,3,6,2,11,07,5,0,1,1,0,0,0,0,0
"POINT (10.526274907000072 52.278933157000040)",Unfall 227919 (2019) Kat:3, Licht: 0,227919,3,6,3,11,14,3,0,0,1,1,0,0,0,0
"POINT (10.523764608000022 52.268690590000062)",Unfall 227949 (2019) Kat:3, Licht: 2,227949,3,3,5,11,17,2,1,2,1,1,0,0,0,0
"POINT (10.540922504000036 52.259078387000045)",Unfall 227950 (2019) Kat:3, Licht: 0,227950,3,2,4,11,15,2,0,0,0,1,0,1,0,0
"POINT (10.551344145000030 52.255306861000065)",Unfall 227951 (2019) Kat:3, Licht: 0,227951,3,3,5,11,13,2,0,0,0,1,0,0,0,1
"POINT (10.519218978000026 52.274961698000027)",Unfall 227952 (2019) Kat:3, Licht: 0,227952,3,3,5,11,15,2,0,0,1,1,0,0,0,0
"POINT (10.507659525000065 52.271955336000076)",Unfall 227953 (2019) Kat:2, Licht: 0,227953,2,2,4,11,09,2,0,0,0,1,0,0,0,0
"POINT (10.489234997000040 52.244612476000043)",Unfall 227962 (2019) Kat:3, Licht: 2,227962,3,3,5,11,21,6,1,2,0,1,0,0,0,0
"POINT (10.514182420000054 52.262652848000073)",Unfall 227963 (2019) Kat:3, Licht: 2,227963,3,6,3,11,16,6,0,2,0,0,0,0,0,1
"POINT (10.502254674000028 52.226088730000072)",Unfall 227964 (2019) Kat:2, Licht: 0,227964,2,7,3,11,10,6,1,0,1,0,0,0,0,1
"POINT (10.489480814000046 52.312852098000064)",Unfall 227965 (2019) Kat:3, Licht: 2,227965,3,5,1,11,05,6,1,2,0,1,0,0,1,0
"POINT (10.532449758000041 52.228299700000036)",Unfall 227966 (2019) Kat:3, Licht: 2,227966,3,3,5,11,06,6,0,2,1,1,0,0,0,0
"POINT (10.503371706000053 52.268375258000049)",Unfall 227999 (2019) Kat:3, Licht: 2,227999,3,3,5,11,16,5,1,2,0,1,0,0,0,0
"POINT (10.553731967000033 52.277755133000028)",Unfall 228000 (2019) Kat:3, Licht: 0,228000,3,6,2,11,12,5,0,0,0,1,0,0,0,0
"POINT (10.513850056000024 52.304898834000028)",Unfall 228001 (2019) Kat:3, Licht: 2,228001,3,6,4,11,06,5,1,2,0,1,0,0,0,0
"POINT (10.531811176000076 52.289077803000055)",Unfall 228036 (2019) Kat:2, Licht: 2,228036,2,7,5,11,18,4,1,2,1,1,0,0,0,0
"POINT (10.538216200000022 52.271153619000074)",Unfall 228037 (2019) Kat:3, Licht: 0,228037,3,6,2,11,12,4,1,0,0,1,0,0,1,0
"POINT (10.508391878000054 52.314293984000074)",Unfall 228057 (2019) Kat:3, Licht: 2,228057,3,3,5,11,16,3,0,2,0,1,0,1,0,0
"POINT (10.516991011000073 52.257870012000069)",Unfall 228058 (2019) Kat:3, Licht: 0,228058,3,3,5,11,10,3,1,0,0,1,0,0,0,0
"POINT (10.530191759000047 52.214867866000077)",Unfall 228080 (2019) Kat:3, Licht: 0,228080,3,3,5,11,11,2,0,0,1,1,0,0,0,0
"POINT (10.504744404000064 52.247156317000076)",Unfall 228143 (2019) Kat:2, Licht: 2,228143,2,6,3,11,19,6,0,2,1,1,0,0,0,0
"POINT (10.527592154000047 52.266145329000040)",Unfall 228144 (2019) Kat:3, Licht: 0,228144,3,6,2,11,09,6,1,0,0,1,0,0,0,0
"POINT (10.508491220000053 52.309727910000049)",Unfall 228145 (2019) Kat:3, Licht: 2,228145,3,1,9,11,05,6,1,2,0,1,0,0,0,0
"POINT (10.563776209000025 52.286756243000070)",Unfall 228181 (2019) Kat:3, Licht: 1,228181,3,3,5,11,18,5,0,1,0,1,0,1,0,0
"POINT (10.522296775000029 52.266651716000069)",Unfall 228182 (2019) Kat:3, Licht: 0,228182,3,3,5,11,15,5,1,0,1,1,0,0,0,0
"POINT (10.511365351000052 52.248645091000071)",Unfall 228183 (2019) Kat:3, Licht: 0,228183,3,6,2,11,08,5,1,0,0,1,0,0,0,0
"POINT (10.447013907000041 52.266356251000047)",Unfall 228184 (2019) Kat:2, Licht: 2,228184,2,2,4,11,06,5,1,2,0,0,0,1,0,1
"POINT (10.558600808000051 52.291978745000051)",Unfall 228217 (2019) Kat:2, Licht: 2,228217,2,5,1,11,16,4,1,2,1,1,0,0,0,0
"POINT (10.531214399000021 52.265510073000030)",Unfall 228249 (2019) Kat:2, Licht: 2,228249,2,1,0,12,04,1,0,2,1,0,0,0,0,0
"POINT (10.514289237000071 52.264246160000027)",Unfall 228299 (2019) Kat:2, Licht: 2,228299,2,4,6,12,19,6,0,2,0,1,1,0,0,0
"POINT (10.574368328000048 52.301853200000039)",Unfall 228333 (2019) Kat:2, Licht: 2,228333,2,6,6,12,18,5,0,2,1,0,1,0,0,0
"POINT (10.480058453000026 52.249060649000057)",Unfall 228334 (2019) Kat:3, Licht: 0,228334,3,6,2,12,11,5,1,0,0,1,0,0,0,0
"POINT (10.562153192000039 52.289473497000074)",Unfall 228335 (2019) Kat:3, Licht: 0,228335,3,2,4,12,09,5,1,0,1,1,0,0,0,0
"POINT (10.532049636000067 52.241431696000063)",Unfall 228367 (2019) Kat:3, Licht: 2,228367,3,5,1,12,16,4,1,2,1,0,0,0,0,1
"POINT (10.598493231000077 52.287469627000064)",Unfall 228368 (2019) Kat:2, Licht: 0,228368,2,1,0,12,08,4,2,0,1,0,0,0,0,0
"POINT (10.500298235000059 52.253043710000043)",Unfall 228369 (2019) Kat:3, Licht: 0,228369,3,3,5,12,09,4,1,0,0,1,0,0,0,0
"POINT (10.558276440000043 52.277420835000044)",Unfall 228393 (2019) Kat:3, Licht: 2,228393,3,6,6,12,22,3,1,2,0,0,1,0,0,1
"POINT (10.526369510000052 52.293055186000061)",Unfall 228394 (2019) Kat:3, Licht: 0,228394,3,3,5,12,14,3,1,0,0,1,0,1,0,0
"POINT (10.566933163000044 52.279553260000057)",Unfall 228424 (2019) Kat:3, Licht: 2,228424,3,7,2,12,21,2,1,2,0,1,0,0,0,0
"POINT (10.486848893000058 52.272006418000046)",Unfall 228425 (2019) Kat:3, Licht: 2,228425,3,2,2,12,19,2,1,2,0,1,0,0,0,0
"POINT (10.524521293000021 52.274229745000071)",Unfall 228426 (2019) Kat:3, Licht: 2,228426,3,3,5,12,18,2,1,2,0,1,0,0,0,0
"POINT (10.571352594000075 52.249926253000069)",Unfall 228427 (2019) Kat:3, Licht: 2,228427,3,3,5,12,18,2,1,2,1,0,0,0,0,1
"POINT (10.510301317000028 52.255955005000033)",Unfall 228428 (2019) Kat:3, Licht: 0,228428,3,6,2,12,13,2,1,0,0,1,0,0,0,0
"POINT (10.518312602000037 52.261630463000074)",Unfall 228463 (2019) Kat:3, Licht: 0,228463,3,5,1,11,14,7,0,0,1,1,0,0,0,0
"POINT (10.514247137000041 52.266335380000044)",Unfall 228519 (2019) Kat:3, Licht: 0,228519,3,1,0,12,08,4,1,0,1,0,0,0,0,0
"POINT (10.534443656000064 52.270461015000080)",Unfall 228520 (2019) Kat:3, Licht: 0,228520,3,6,2,12,08,4,1,0,0,1,0,0,0,0
"POINT (10.540170639000053 52.260146887000076)",Unfall 228556 (2019) Kat:3, Licht: 2,228556,3,6,2,12,18,3,0,2,0,1,0,0,0,0
"POINT (10.462069410000026 52.308161747000042)",Unfall 228557 (2019) Kat:3, Licht: 1,228557,3,6,2,12,16,3,0,1,0,1,0,0,0,0
"POINT (10.537791304000052 52.277583204000052)",Unfall 228558 (2019) Kat:3, Licht: 0,228558,3,6,6,12,11,3,0,0,0,1,1,0,0,0
"POINT (10.526188167000043 52.262531850000073)",Unfall 228559 (2019) Kat:3, Licht: 0,228559,3,7,6,12,15,3,0,0,0,1,1,0,0,0
"POINT (10.527231013000062 52.257248061000041)",Unfall 228594 (2019) Kat:3, Licht: 2,228594,3,6,2,12,04,1,1,2,0,1,0,0,0,0
"POINT (10.495815925000045 52.272743248000040)",Unfall 228681 (2019) Kat:3, Licht: 0,228681,3,2,3,12,13,5,0,0,1,1,0,0,0,0
"POINT (10.522533428000031 52.261412469000049)",Unfall 228682 (2019) Kat:2, Licht: 0,228682,2,7,0,12,11,5,0,0,1,0,0,0,0,0
"POINT (10.509288014000049 52.291437974000075)",Unfall 228683 (2019) Kat:3, Licht: 0,228683,3,3,5,12,11,5,1,0,1,1,0,0,0,0
"POINT (10.475807661000033 52.322790906000080)",Unfall 228684 (2019) Kat:3, Licht: 0,228684,3,2,2,12,07,5,1,0,0,1,0,0,0,0
"POINT (10.514426719000028 52.262572551000062)",Unfall 228719 (2019) Kat:3, Licht: 2,228719,3,2,6,12,16,4,1,2,0,1,1,0,0,0
"POINT (10.511627084000054 52.298668437000060)",Unfall 228720 (2019) Kat:3, Licht: 2,228720,3,3,5,12,07,4,1,2,1,1,0,0,0,0
"POINT (10.514639026000054 52.246570426000062)",Unfall 228721 (2019) Kat:3, Licht: 1,228721,3,6,3,12,07,4,1,1,0,1,0,0,0,1
"POINT (10.515815193000037 52.259816503000081)",Unfall 228722 (2019) Kat:3, Licht: 2,228722,3,2,6,12,07,4,1,2,0,1,1,0,0,0
"POINT (10.505075250000061 52.264902486000040)",Unfall 228760 (2019) Kat:3, Licht: 2,228760,3,2,4,12,16,3,0,2,1,1,0,0,0,0
"POINT (10.525724540000056 52.268117173000064)",Unfall 228789 (2019) Kat:3, Licht: 2,228789,3,3,5,01,19,6,1,2,1,1,0,0,0,0
"POINT (10.528496849000021 52.262417382000081)",Unfall 228790 (2019) Kat:3, Licht: 2,228790,3,1,0,01,18,6,1,2,1,0,0,0,0,0
"POINT (10.600171422000074 52.314191622000067)",Unfall 228791 (2019) Kat:3, Licht: 0,228791,3,5,5,01,13,6,1,0,0,1,0,0,0,0
"POINT (10.516155891000039 52.258932129000073)",Unfall 228806 (2019) Kat:3, Licht: 0,228806,3,2,4,01,09,5,1,0,1,1,0,0,0,0
"POINT (10.509406943000045 52.236845423000034)",Unfall 228821 (2019) Kat:3, Licht: 2,228821,3,1,9,01,00,4,1,2,0,1,0,0,0,0
"POINT (10.526065239000047 52.265292168000030)",Unfall 228822 (2019) Kat:3, Licht: 0,228822,3,2,6,01,12,4,0,0,0,1,1,0,0,0
"POINT (10.511315297000067 52.256169748000048)",Unfall 228860 (2019) Kat:3, Licht: 0,228860,3,3,5,12,10,2,0,0,0,1,0,0,0,0
"POINT (10.513135066000075 52.248707626000055)",Unfall 228923 (2019) Kat:3, Licht: 0,228923,3,3,5,12,13,3,1,0,1,1,0,0,0,0
"POINT (10.516953068000021 52.260132876000057)",Unfall 228950 (2019) Kat:3, Licht: 2,228950,3,5,3,12,19,1,0,2,1,1,0,0,0,0
"POINT (10.525943245000065 52.261817508000036)",Unfall 228979 (2019) Kat:3, Licht: 0,228979,3,4,6,12,11,7,0,0,0,1,1,0,0,0
"POINT (10.534141740000052 52.259758417000057)",Unfall 229042 (2019) Kat:3, Licht: 0,229042,3,3,5,12,13,5,1,0,1,1,0,0,0,0
"POINT (10.527888545000053 52.257473453000046)",Unfall 229070 (2019) Kat:3, Licht: 0,229070,3,6,0,01,12,2,0,0,0,1,0,0,0,1
"POINT (10.538029236000057 52.310552015000042)",Unfall 229071 (2019) Kat:3, Licht: 2,229071,3,2,5,01,06,2,1,2,0,1,0,0,0,0
"POINT (10.528607772000043 52.235689636000075)",Unfall 229079 (2019) Kat:3, Licht: 0,229079,3,1,8,01,13,1,1,0,0,1,0,0,0,0
"POINT (10.512595099000066 52.245762377000062)",Unfall 229099 (2019) Kat:3, Licht: 2,229099,3,6,2,01,18,7,1,2,0,1,0,0,0,0
"POINT (10.518692180000073 52.254220436000026)",Unfall 229132 (2019) Kat:3, Licht: 2,229132,3,6,2,01,18,6,1,2,0,1,0,0,0,0
"POINT (10.518842978000066 52.266692719000048)",Unfall 229133 (2019) Kat:3, Licht: 0,229133,3,7,6,01,08,6,1,0,0,1,1,0,0,0
"POINT (10.528045414000076 52.237575070000048)",Unfall 229184 (2019) Kat:3, Licht: 0,229184,3,6,2,01,13,4,1,0,0,1,0,0,0,0
"POINT (10.507461151000030 52.245785206000050)",Unfall 229218 (2019) Kat:2, Licht: 2,229218,2,2,5,01,16,3,1,2,1,1,0,0,0,0
"POINT (10.527582849000055 52.265457385000047)",Unfall 229219 (2019) Kat:3, Licht: 1,229219,3,2,2,01,16,3,1,1,0,1,0,0,0,0
"POINT (10.488595881000037 52.241251470000066)",Unfall 229220 (2019) Kat:3, Licht: 1,229220,3,2,6,01,07,3,1,1,0,1,1,0,0,0
"POINT (10.534578955000029 52.260490154000081)",Unfall 229265 (2019) Kat:2, Licht: 0,229265,2,7,0,01,14,2,1,0,0,0,0,0,0,1
"POINT (10.526334575000021 52.264381809000042)",Unfall 229266 (2019) Kat:2, Licht: 0,229266,2,4,6,01,10,2,1,0,1,0,1,0,0,0
"POINT (10.565855272000022 52.287005867000062)",Unfall 229267 (2019) Kat:3, Licht: 1,229267,3,3,5,01,08,2,1,1,0,1,0,0,0,0
"POINT (10.507643665000046 52.231565385000067)",Unfall 229300 (2019) Kat:3, Licht: 0,229300,3,1,9,01,12,7,1,0,0,1,0,0,0,0
"POINT (10.529760095000029 52.215476930000079)",Unfall 229301 (2019) Kat:3, Licht: 0,229301,3,3,5,01,11,7,1,0,0,1,0,0,0,0
"POINT (10.518317158000059 52.261598969000033)",Unfall 229302 (2019) Kat:3, Licht: 0,229302,3,7,1,01,10,7,1,0,1,1,0,0,0,0
"POINT (10.526929424000059 52.287808114000029)",Unfall 229370 (2019) Kat:3, Licht: 2,229370,3,2,4,01,06,3,1,2,0,1,0,0,0,0
"POINT (10.516932219000068 52.257840884000075)",Unfall 229429 (2019) Kat:3, Licht: 0,229429,3,3,5,01,09,7,1,0,0,1,0,0,0,0
"POINT (10.509777894000024 52.241141399000071)",Unfall 229479 (2019) Kat:3, Licht: 0,229479,3,6,3,01,07,6,1,0,0,1,0,0,0,0
"POINT (10.558097337000049 52.231910527000082)",Unfall 229480 (2019) Kat:2, Licht: 0,229480,2,1,0,01,08,6,2,0,1,0,0,0,0,0
"POINT (10.539946554000039 52.268014550000032)",Unfall 229518 (2019) Kat:2, Licht: 2,229518,2,2,6,01,17,5,1,2,0,0,1,0,0,1
"POINT (10.509492132000048 52.333958990000042)",Unfall 229519 (2019) Kat:3, Licht: 0,229519,3,3,5,01,12,5,0,0,1,1,0,0,0,0
"POINT (10.534619585000030 52.270955357000048)",Unfall 229545 (2019) Kat:3, Licht: 0,229545,3,5,1,01,12,4,0,0,0,1,0,0,0,0
"POINT (10.507312931000058 52.271998996000036)",Unfall 229572 (2019) Kat:3, Licht: 0,229572,3,7,0,01,09,3,0,0,0,0,0,0,0,1
"POINT (10.502579105000052 52.254478131000042)",Unfall 229573 (2019) Kat:2, Licht: 0,229573,2,6,3,01,09,3,1,0,0,1,0,0,0,0
"POINT (10.511582581000027 52.273521202000040)",Unfall 229586 (2019) Kat:3, Licht: 2,229586,3,2,2,02,18,3,1,2,0,1,0,0,0,0
"POINT (10.453024294000045 52.283722857000043)",Unfall 229587 (2019) Kat:3, Licht: 1,229587,3,7,9,02,06,3,0,1,0,1,0,0,0,0