WKT,Name,OBJECTID,UKATEGORIE,UTYP1,UART,UMONAT,USTUNDE,UWOCHENTAG,STRZUSTAND,ULICHTVERH,ISTRAD,ISTPKW,ISTFUSS,ISTKRAD,ISTGKFZ,ISTSONSTIG
"POINT (10.523279140000056 52.213482377000048)",Unfall 229621 (2019) Kat:3, Licht: 0,229621,3,5,1,02,09,2,2,0,0,1,0,0,0,0
"POINT (10.514247137000041 52.266335380000044)",Unfall 229622 (2019) Kat:3, Licht: 0,229622,3,6,2,02,08,2,2,0,0,1,0,0,0,0
"POINT (10.505950869000060 52.277969601000052)",Unfall 229623 (2019) Kat:3, Licht: 0,229623,3,7,6,02,10,2,0,0,0,1,1,0,0,0
"POINT (10.560434971000063 52.281389165000064)",Unfall 229624 (2019) Kat:3, Licht: 0,229624,3,6,4,02,07,2,2,0,0,1,0,0,0,0
"POINT (10.495445596000025 52.253791548000038)",Unfall 229639 (2019) Kat:3, Licht: 2,229639,3,6,2,02,18,1,0,2,0,1,0,0,0,0
"POINT (10.511140512000054 52.331603487000052)",Unfall 229699 (2019) Kat:3, Licht: 0,229699,3,2,2,01,16,5,0,0,0,1,0,0,0,0
"POINT (10.538666933000059 52.240260777000060)",Unfall 229719 (2019) Kat:3, Licht: 0,229719,3,3,5,01,15,4,0,0,0,1,0,0,0,0
"POINT (10.547500613000068 52.260708428000044)",Unfall 229743 (2019) Kat:3, Licht: 0,229743,3,5,1,01,09,3,1,0,0,1,0,0,0,1
"POINT (10.496516598000028 52.260579739000036)",Unfall 229787 (2019) Kat:2, Licht: 0,229787,2,4,6,01,13,1,0,0,0,1,1,0,0,0
"POINT (10.523407009000039 52.258807545000082)",Unfall 229788 (2019) Kat:3, Licht: 2,229788,3,3,5,01,03,1,1,2,0,1,0,0,0,0
"POINT (10.538520438000035 52.224421395000036)",Unfall 229810 (2019) Kat:3, Licht: 0,229810,3,5,1,02,13,4,0,0,1,1,0,0,0,0
"POINT (10.533453302000055 52.256776098000046)",Unfall 229811 (2019) Kat:2, Licht: 2,229811,2,2,6,01,18,7,1,2,0,1,1,0,0,0
"POINT (10.500596936000022 52.269986963000065)",Unfall 229848 (2019) Kat:2, Licht: 0,229848,2,4,6,02,16,7,0,0,1,0,1,0,0,0
"POINT (10.497485889000075 52.266696377000073)",Unfall 229849 (2019) Kat:2, Licht: 0,229849,2,1,8,02,12,7,0,0,0,0,0,1,0,0
"POINT (10.530229670000040 52.214814374000071)",Unfall 229891 (2019) Kat:3, Licht: 0,229891,3,3,5,02,15,6,0,0,0,1,0,0,0,0
"POINT (10.485849792000067 52.247854144000030)",Unfall 229925 (2019) Kat:2, Licht: 0,229925,2,4,6,02,11,5,0,0,0,0,1,0,0,1
"POINT (10.515968686000065 52.304415563000077)",Unfall 229952 (2019) Kat:2, Licht: 2,229952,2,4,6,02,21,4,0,2,0,1,1,0,0,0
"POINT (10.559236126000030 52.292312176000053)",Unfall 230013 (2019) Kat:3, Licht: 2,230013,3,7,0,02,20,1,1,2,1,0,0,0,0,0
"POINT (10.525725235000039 52.287710383000046)",Unfall 230014 (2019) Kat:3, Licht: 2,230014,3,1,0,02,20,1,1,2,0,0,0,1,0,0
"POINT (10.527173806000064 52.286823770000069)",Unfall 230027 (2019) Kat:3, Licht: 2,230027,3,6,2,02,23,7,0,2,0,1,0,0,0,0
"POINT (10.508772853000039 52.256246738000073)",Unfall 230047 (2019) Kat:3, Licht: 0,230047,3,5,1,02,10,6,0,0,1,1,0,0,0,0
"POINT (10.538942206000058 52.273715870000046)",Unfall 230048 (2019) Kat:3, Licht: 0,230048,3,4,6,02,10,6,0,0,0,1,1,0,0,0
"POINT (10.526281770000026 52.260067000000049)",Unfall 230081 (2019) Kat:1, Licht: 0,230081,1,4,6,02,11,5,0,0,1,0,1,0,0,0
"POINT (10.525457974000062 52.261240869000062)",Unfall 230148 (2019) Kat:3, Licht: 2,230148,3,7,0,02,19,4,0,2,0,1,0,0,0,1
"POINT (10.502035534000072 52.272812878000082)",Unfall 230149 (2019) Kat:3, Licht: 0,230149,3,3,5,02,15,4,0,0,0,1,0,0,0,1
"POINT (10.478240119000077 52.242537994000031)",Unfall 230182 (2019) Kat:3, Licht: 0,230182,3,5,1,03,13,6,0,0,0,1,0,0,0,0
"POINT (10.511315297000067 52.256169748000048)",Unfall 230183 (2019) Kat:3, Licht: 0,230183,3,7,0,02,08,3,0,0,1,1,0,0,0,0
"POINT (10.507806737000067 52.271432777000030)",Unfall 230218 (2019) Kat:3, Licht: 2,230218,3,6,2,02,18,2,0,2,0,1,0,1,0,0
"POINT (10.513484799000025 52.262520710000047)",Unfall 230248 (2019) Kat:3, Licht: 0,230248,3,3,5,02,12,7,0,0,0,1,0,0,0,0
"POINT (10.524553088000062 52.272025262000057)",Unfall 230250 (2019) Kat:3, Licht: 0,230250,3,6,2,02,12,7,0,0,1,1,0,0,0,0
"POINT (10.527303600000039 52.267011500000081)",Unfall 230293 (2019) Kat:3, Licht: 2,230293,3,1,0,03,20,6,0,2,1,1,0,0,0,0
"POINT (10.505138174000024 52.279754655000033)",Unfall 230294 (2019) Kat:3, Licht: 0,230294,3,6,2,02,10,5,0,0,0,1,0,1,0,0
"POINT (10.511855971000045 52.268305529000031)",Unfall 230360 (2019) Kat:3, Licht: 0,230360,3,3,5,03,09,6,1,0,0,1,0,0,0,0
"POINT (10.519960415000071 52.248725040000068)",Unfall 230382 (2019) Kat:2, Licht: 2,230382,2,1,0,03,20,2,1,2,0,0,0,1,0,0
"POINT (10.517940773000021 52.264363784000068)",Unfall 230427 (2019) Kat:3, Licht: 0,230427,3,7,0,03,12,7,0,0,0,1,0,0,0,1
"POINT (10.527930464000065 52.255402964000041)",Unfall 230428 (2019) Kat:3, Licht: 0,230428,3,7,0,03,15,7,0,0,1,0,0,0,0,1
"POINT (10.520057330000043 52.278975837000075)",Unfall 230469 (2019) Kat:3, Licht: 2,230469,3,1,0,03,22,6,0,2,1,0,0,0,0,0
"POINT (10.543364664000023 52.286401751000028)",Unfall 230470 (2019) Kat:3, Licht: 2,230470,3,3,5,03,20,6,0,2,1,1,0,0,0,0
"POINT (10.524438039000074 52.272075177000033)",Unfall 230499 (2019) Kat:3, Licht: 2,230499,3,3,5,03,21,5,0,2,1,1,0,0,0,0
"POINT (10.517530305000037 52.264898422000044)",Unfall 230501 (2019) Kat:3, Licht: 0,230501,3,3,5,03,13,5,0,0,1,1,0,0,0,0
"POINT (10.508221877000040 52.258434122000040)",Unfall 230502 (2019) Kat:3, Licht: 0,230502,3,3,5,03,12,5,0,0,1,1,0,0,0,0
"POINT (10.495376733000057 52.245716543000071)",Unfall 230527 (2019) Kat:2, Licht: 0,230527,2,7,7,03,16,4,0,0,1,0,0,0,1,0
"POINT (10.517690436000066 52.248934781000060)",Unfall 230603 (2019) Kat:3, Licht: 0,230603,3,2,6,03,15,2,1,0,0,1,1,0,0,0
"POINT (10.524026007000032 52.266607468000075)",Unfall 230655 (2019) Kat:2, Licht: 2,230655,2,4,6,03,00,1,0,2,0,0,1,1,0,0
"POINT (10.532823442000051 52.261644408000052)",Unfall 230669 (2019) Kat:3, Licht: 0,230669,3,3,5,03,11,6,0,0,0,1,0,0,0,0
"POINT (10.608972632000075 52.280720181000049)",Unfall 230702 (2019) Kat:3, Licht: 0,230702,3,3,5,03,14,5,0,0,1,1,0,0,0,0
"POINT (10.505531671000028 52.264540823000061)",Unfall 230723 (2019) Kat:3, Licht: 0,230723,3,3,5,03,09,4,0,0,0,1,0,0,0,0
"POINT (10.493439883000065 52.246918277000077)",Unfall 230765 (2019) Kat:3, Licht: 0,230765,3,5,5,03,16,7,0,0,0,1,0,0,0,0
"POINT (10.526753172000042 52.288541778000081)",Unfall 230849 (2019) Kat:3, Licht: 2,230849,3,3,5,03,20,6,0,2,1,1,0,0,0,0
"POINT (10.515403327000058 52.320577435000075)",Unfall 230850 (2019) Kat:3, Licht: 0,230850,3,7,6,03,11,6,1,0,0,1,1,0,0,0
"POINT (10.526434248000044 52.265351553000073)",Unfall 230886 (2019) Kat:2, Licht: 2,230886,2,4,6,03,19,5,1,2,0,1,1,0,0,0
"POINT (10.540112885000042 52.262652184000046)",Unfall 230887 (2019) Kat:3, Licht: 0,230887,3,6,3,03,07,5,1,0,1,0,0,0,0,1
"POINT (10.540022730000032 52.267881671000055)",Unfall 230909 (2019) Kat:3, Licht: 2,230909,3,2,4,03,19,4,1,2,0,1,0,0,0,0
"POINT (10.487932269000055 52.233924909000052)",Unfall 230910 (2019) Kat:2, Licht: 2,230910,2,2,6,03,18,4,1,2,0,1,1,0,0,0
"POINT (10.445476347000067 52.266251772000032)",Unfall 230971 (2019) Kat:3, Licht: 0,230971,3,5,0,04,08,4,1,0,1,1,0,0,0,0
"POINT (10.580241710000053 52.236146065000071)",Unfall 230972 (2019) Kat:3, Licht: 0,230972,3,3,5,04,16,2,0,0,1,1,0,0,0,0
"POINT (10.507054604000075 52.272315771000081)",Unfall 230973 (2019) Kat:3, Licht: 0,230973,3,2,5,04,07,2,0,0,1,1,0,0,0,0
"POINT (10.519373900000062 52.279244837000078)",Unfall 231067 (2019) Kat:2, Licht: 2,231067,2,3,5,03,22,6,0,2,1,1,0,0,0,0
"POINT (10.527881373000071 52.255603219000079)",Unfall 231121 (2019) Kat:3, Licht: 0,231121,3,6,2,03,13,4,0,0,0,1,0,0,0,0
"POINT (10.496848686000021 52.254450962000078)",Unfall 231180 (2019) Kat:2, Licht: 0,231180,2,3,5,03,16,2,0,0,1,1,0,0,0,0
"POINT (10.508872154000073 52.255997563000051)",Unfall 231181 (2019) Kat:3, Licht: 0,231181,3,3,5,03,14,2,1,0,1,1,0,0,0,0
"POINT (10.517107283000030 52.257716944000038)",Unfall 231182 (2019) Kat:1, Licht: 0,231182,1,3,5,04,19,3,0,0,1,1,0,0,0,0
"POINT (10.513648406000073 52.264242080000031)",Unfall 231191 (2019) Kat:3, Licht: 0,231191,3,2,3,04,08,3,0,0,1,1,0,0,0,0
"POINT (10.506219160000057 52.274395057000049)",Unfall 231202 (2019) Kat:3, Licht: 0,231202,3,5,1,03,17,1,0,0,1,1,0,0,0,0
"POINT (10.500899937000042 52.238190077000070)",Unfall 231203 (2019) Kat:3, Licht: 0,231203,3,6,4,03,12,1,0,0,1,0,0,0,0,0
"POINT (10.529706111000053 52.263416074000077)",Unfall 231252 (2019) Kat:3, Licht: 0,231252,3,3,5,04,15,5,0,0,1,1,0,0,0,0
"POINT (10.502483836000067 52.261512203000052)",Unfall 231253 (2019) Kat:3, Licht: 0,231253,3,6,2,04,14,5,0,0,0,1,0,0,0,0
"POINT (10.538526407000063 52.262269959000037)",Unfall 231272 (2019) Kat:3, Licht: 0,231272,3,7,0,04,13,4,0,0,1,0,0,0,0,0
"POINT (10.492718842000045 52.241986883000038)",Unfall 231346 (2019) Kat:2, Licht: 0,231346,2,4,6,04,15,2,0,0,0,1,1,0,0,0
"POINT (10.535803002000023 52.242137099000047)",Unfall 231347 (2019) Kat:3, Licht: 0,231347,3,3,5,04,15,2,0,0,1,0,0,0,0,1
"POINT (10.524539455000024 52.272027643000058)",Unfall 231349 (2019) Kat:3, Licht: 0,231349,3,3,5,04,12,2,0,0,1,1,0,0,0,0
"POINT (10.495092520000071 52.278862061000041)",Unfall 231350 (2019) Kat:2, Licht: 0,231350,2,3,5,04,08,2,0,0,1,1,0,0,0,0
"POINT (10.549331939000069 52.276930987000071)",Unfall 231375 (2019) Kat:3, Licht: 1,231375,3,1,7,04,06,1,0,1,0,1,0,0,0,0
"POINT (10.514810701000044 52.267067355000052)",Unfall 231398 (2019) Kat:3, Licht: 0,231398,3,4,6,04,13,7,0,0,0,1,1,0,0,0
"POINT (10.520195568000076 52.262706576000028)",Unfall 231416 (2019) Kat:3, Licht: 0,231416,3,6,6,04,13,6,0,0,1,0,1,0,0,0
"POINT (10.533906199000057 52.228733203000047)",Unfall 231443 (2019) Kat:3, Licht: 0,231443,3,6,2,04,13,5,0,0,0,1,0,0,0,0
"POINT (10.505850763000069 52.255460478000032)",Unfall 231444 (2019) Kat:3, Licht: 0,231444,3,1,0,04,08,5,1,0,1,0,0,0,0,0
"POINT (10.503921643000069 52.257727436000039)",Unfall 231505 (2019) Kat:3, Licht: 0,231505,3,3,5,04,15,4,0,0,1,1,0,0,0,0
"POINT (10.519252980000033 52.287966868000069)",Unfall 231506 (2019) Kat:3, Licht: 0,231506,3,3,5,04,14,4,0,0,1,1,0,0,0,0
"POINT (10.502055040000073 52.271001858000034)",Unfall 231507 (2019) Kat:3, Licht: 0,231507,3,3,0,04,09,4,0,0,1,1,0,0,0,0
"POINT (10.536193247000028 52.267041877000054)",Unfall 231540 (2019) Kat:3, Licht: 0,231540,3,7,0,04,14,3,0,0,1,0,0,0,0,0
"POINT (10.540158690000055 52.242876746000036)",Unfall 231564 (2019) Kat:3, Licht: 0,231564,3,2,4,04,18,2,0,0,0,1,0,0,0,0
"POINT (10.511030642000037 52.245923194000056)",Unfall 231565 (2019) Kat:2, Licht: 0,231565,2,2,5,04,14,2,0,0,0,1,0,0,0,0
"POINT (10.608972632000075 52.280720183000028)",Unfall 231582 (2019) Kat:2, Licht: 0,231582,2,3,5,04,19,1,0,0,0,1,0,1,0,0
"POINT (10.446630644000038 52.304717956000047)",Unfall 231602 (2019) Kat:3, Licht: 0,231602,3,6,2,04,14,7,0,0,0,1,0,0,0,0
"POINT (10.517374513000050 52.257365137000079)",Unfall 231651 (2019) Kat:3, Licht: 0,231651,3,3,5,04,08,5,0,0,0,1,0,0,0,1
"POINT (10.540022730000032 52.267881671000055)",Unfall 231680 (2019) Kat:3, Licht: 0,231680,3,1,0,04,17,4,0,0,1,0,0,0,0,0
"POINT (10.509779972000047 52.310852978000071)",Unfall 231681 (2019) Kat:3, Licht: 0,231681,3,2,4,04,13,4,0,0,0,1,0,1,0,0
"POINT (10.523715147000075 52.271174409000082)",Unfall 231716 (2019) Kat:3, Licht: 0,231716,3,2,2,04,18,3,0,0,0,1,0,0,0,0
"POINT (10.540097874000026 52.272582187000069)",Unfall 231717 (2019) Kat:3, Licht: 0,231717,3,5,1,04,16,3,0,0,1,1,0,0,0,0
"POINT (10.524508619000073 52.272033026000031)",Unfall 231718 (2019) Kat:3, Licht: 0,231718,3,3,5,04,13,3,0,0,1,1,0,0,0,0
"POINT (10.494026400000052 52.310522139000057)",Unfall 231766 (2019) Kat:3, Licht: 0,231766,3,3,5,05,17,5,1,0,0,1,0,0,0,0
"POINT (10.575289694000048 52.286234252000042)",Unfall 231767 (2019) Kat:2, Licht: 0,231767,2,2,5,05,13,5,0,0,1,0,0,0,0,1
"POINT (10.488577386000031 52.241154576000042)",Unfall 231787 (2019) Kat:3, Licht: 1,231787,3,3,5,05,20,4,0,1,1,1,0,0,0,0
"POINT (10.609425191000071 52.306372743000054)",Unfall 231833 (2019) Kat:3, Licht: 0,231833,3,1,0,04,12,3,0,0,1,0,0,0,0,0
"POINT (10.567450251000025 52.253576790000068)",Unfall 231834 (2019) Kat:3, Licht: 0,231834,3,2,3,04,06,3,0,0,1,0,0,0,0,1
"POINT (10.502910754000027 52.260613673000080)",Unfall 231863 (2019) Kat:3, Licht: 0,231863,3,2,0,04,09,2,0,0,0,1,0,1,0,0
"POINT (10.539946554000039 52.268014550000032)",Unfall 231864 (2019) Kat:3, Licht: 0,231864,3,2,5,04,07,2,0,0,1,1,0,0,0,0
"POINT (10.470789390000050 52.246592657000065)",Unfall 231878 (2019) Kat:3, Licht: 0,231878,3,1,8,04,11,1,1,0,0,1,0,0,0,0
"POINT (10.533699648000038 52.263086001000033)",Unfall 231906 (2019) Kat:2, Licht: 0,231906,2,1,0,04,08,7,0,0,1,1,0,0,0,0
"POINT (10.524556012000062 52.272024752000050)",Unfall 231945 (2019) Kat:3, Licht: 0,231945,3,3,5,04,13,5,0,0,1,1,0,0,0,0
"POINT (10.515815193000037 52.259816503000081)",Unfall 231946 (2019) Kat:3, Licht: 2,231946,3,3,5,04,22,6,1,2,0,1,0,0,0,0
"POINT (10.472505901000034 52.274819938000064)",Unfall 232027 (2019) Kat:3, Licht: 0,232027,3,7,6,05,12,6,0,0,0,1,1,0,0,0
"POINT (10.529112765000036 52.272667865000074)",Unfall 232067 (2019) Kat:2, Licht: 2,232067,2,7,0,05,21,5,0,2,1,0,0,0,0,1
"POINT (10.521361872000057 52.268015048000052)",Unfall 232068 (2019) Kat:3, Licht: 0,232068,3,7,6,05,14,5,0,0,0,1,1,0,0,0
"POINT (10.525868252000066 52.276722081000059)",Unfall 232093 (2019) Kat:3, Licht: 2,232093,3,3,5,05,22,4,1,2,1,1,0,0,0,0
"POINT (10.511412110000038 52.247276363000026)",Unfall 232138 (2019) Kat:3, Licht: 0,232138,3,3,5,05,17,3,0,0,0,1,0,0,0,0
"POINT (10.525541437000072 52.265161648000060)",Unfall 232139 (2019) Kat:3, Licht: 0,232139,3,7,0,05,16,3,0,0,0,0,0,0,0,1
"POINT (10.557339371000069 52.261515673000076)",Unfall 232177 (2019) Kat:3, Licht: 0,232177,3,3,5,05,14,1,0,0,1,0,0,0,0,0
"POINT (10.515815193000037 52.259816503000081)",Unfall 232178 (2019) Kat:2, Licht: 1,232178,2,3,5,05,20,1,0,1,0,1,0,0,0,0
"POINT (10.579337826000028 52.237964495000028)",Unfall 232179 (2019) Kat:3, Licht: 0,232179,3,3,5,05,15,1,0,0,1,1,0,0,0,0
"POINT (10.540022730000032 52.267881671000055)",Unfall 232203 (2019) Kat:2, Licht: 0,232203,2,2,4,05,15,7,0,0,0,1,0,1,0,0
"POINT (10.510057562000043 52.257359341000040)",Unfall 232246 (2019) Kat:3, Licht: 0,232246,3,3,5,05,16,6,0,0,1,1,0,0,0,0
"POINT (10.519831742000065 52.218961369000056)",Unfall 232247 (2019) Kat:3, Licht: 0,232247,3,2,5,05,10,6,0,0,1,1,0,0,0,0
"POINT (10.525019901000064 52.271943762000035)",Unfall 232264 (2019) Kat:3, Licht: 0,232264,3,5,1,05,17,1,0,0,1,1,0,0,0,0
"POINT (10.540863291000051 52.260744925000040)",Unfall 232296 (2019) Kat:3, Licht: 0,232296,3,3,5,05,11,7,0,0,1,1,0,0,0,0
"POINT (10.560603994000076 52.279288208000082)",Unfall 232331 (2019) Kat:3, Licht: 0,232331,3,3,5,05,19,6,0,0,1,1,0,0,0,0
"POINT (10.502862628000059 52.254560814000058)",Unfall 232337 (2019) Kat:2, Licht: 0,232337,2,3,5,05,15,2,0,0,1,1,0,0,0,0
"POINT (10.507831887000066 52.263394667000057)",Unfall 232370 (2019) Kat:3, Licht: 0,232370,3,5,0,05,19,5,1,0,1,1,0,0,0,0
"POINT (10.519767799000022 52.265612984000029)",Unfall 232371 (2019) Kat:3, Licht: 0,232371,3,2,6,05,16,5,1,0,0,1,1,0,0,0
"POINT (10.564445249000073 52.285069310000040)",Unfall 232379 (2019) Kat:3, Licht: 0,232379,3,7,5,05,15,2,0,0,0,1,0,1,0,0
"POINT (10.524534889000051 52.267803029000049)",Unfall 232415 (2019) Kat:3, Licht: 0,232415,3,6,4,05,18,4,0,0,1,0,0,0,0,0
"POINT (10.514477555000042 52.262576069000033)",Unfall 232416 (2019) Kat:3, Licht: 0,232416,3,6,3,05,09,4,0,0,1,1,1,0,0,0
"POINT (10.515815193000037 52.259816503000081)",Unfall 232453 (2019) Kat:3, Licht: 0,232453,3,3,5,05,18,3,0,0,1,1,0,0,0,0
"POINT (10.565567642000076 52.260046498000065)",Unfall 232455 (2019) Kat:3, Licht: 0,232455,3,6,2,05,18,3,0,0,0,1,0,0,0,0
"POINT (10.531143592000035 52.266099136000037)",Unfall 232517 (2019) Kat:3, Licht: 2,232517,3,2,3,05,22,3,0,2,1,1,0,0,0,0
"POINT (10.514810701000044 52.267067355000052)",Unfall 232518 (2019) Kat:3, Licht: 0,232518,3,2,5,05,07,3,0,0,1,1,0,0,0,0
"POINT (10.582762621000029 52.284012771000050)",Unfall 232519 (2019) Kat:3, Licht: 0,232519,3,3,5,05,13,3,0,0,1,1,0,0,0,0
"POINT (10.543364664000023 52.286401751000028)",Unfall 232566 (2019) Kat:3, Licht: 0,232566,3,2,0,05,17,2,0,0,1,1,0,0,0,0
"POINT (10.505500827000049 52.280339580000032)",Unfall 232568 (2019) Kat:3, Licht: 0,232568,3,2,3,05,10,2,0,0,0,1,0,0,0,1
"POINT (10.526273904000050 52.262623766000047)",Unfall 232583 (2019) Kat:3, Licht: 0,232583,3,2,5,05,12,1,0,0,0,1,0,0,0,0
"POINT (10.490840752000054 52.335886942000059)",Unfall 232655 (2019) Kat:3, Licht: 2,232655,3,7,0,05,22,6,0,2,0,1,0,0,0,0
"POINT (10.516833436000070 52.291505382000082)",Unfall 232697 (2019) Kat:3, Licht: 0,232697,3,3,5,05,07,4,0,0,1,0,0,0,0,0
"POINT (10.532220255000027 52.228339533000053)",Unfall 232707 (2019) Kat:3, Licht: 0,232707,3,2,5,05,18,5,0,0,1,1,0,0,0,0
"POINT (10.531409273000065 52.287441065000053)",Unfall 232708 (2019) Kat:2, Licht: 0,232708,2,3,5,05,16,5,0,0,1,1,0,0,0,0
"POINT (10.515936208000028 52.266676553000082)",Unfall 232710 (2019) Kat:3, Licht: 0,232710,3,6,2,05,16,5,0,0,0,1,0,0,0,0
"POINT (10.495534369000040 52.272355037000068)",Unfall 232736 (2019) Kat:3, Licht: 0,232736,3,3,5,05,07,4,0,0,1,1,0,0,0,0
"POINT (10.507303962000037 52.264249528000050)",Unfall 232771 (2019) Kat:3, Licht: 0,232771,3,7,2,05,17,3,0,0,0,1,0,0,0,1
"POINT (10.548306293000053 52.268190449000031)",Unfall 232772 (2019) Kat:3, Licht: 0,232772,3,4,6,05,09,3,1,0,0,1,1,0,0,0
"POINT (10.509170665000056 52.269876866000061)",Unfall 233039 (2019) Kat:3, Licht: 0,233039,3,2,2,05,20,4,0,0,0,1,0,0,0,0
"POINT (10.518518026000038 52.261085565000030)",Unfall 233041 (2019) Kat:3, Licht: 0,233041,3,3,5,05,15,4,0,0,1,1,0,0,0,0
"POINT (10.494326886000067 52.214707838000038)",Unfall 58992 (2020) Kat:2, Licht: 0,58992,2,1,3,01,15,7,1,0,0,1,0,0,0,0
"POINT (10.491762489000052 52.279108608000058)",Unfall 59390 (2020) Kat:3, Licht: 0,59390,3,6,3,01,09,5,1,0,0,1,0,0,1,0
"POINT (10.533434757000066 52.215644584000074)",Unfall 59529 (2020) Kat:3, Licht: 2,59529,3,3,5,01,17,1,0,2,1,1,0,0,0,0
"POINT (10.511674551000056 52.308687070000076)",Unfall 59574 (2020) Kat:2, Licht: 0,59574,2,6,3,01,13,6,0,0,0,1,0,0,1,0
"POINT (10.532745692000049 52.205325028000061)",Unfall 59575 (2020) Kat:3, Licht: 0,59575,3,6,2,01,12,6,0,0,0,1,0,0,0,0
"POINT (10.529051032000041 52.198707813000055)",Unfall 59639 (2020) Kat:2, Licht: 2,59639,2,1,9,01,19,3,1,2,0,1,0,0,0,0
"POINT (10.557029088000036 52.298019642000042)",Unfall 59702 (2020) Kat:2, Licht: 0,59702,2,5,1,01,09,5,1,0,0,1,1,0,0,1
"POINT (10.493163178000032 52.217308815000081)",Unfall 59771 (2020) Kat:3, Licht: 2,59771,3,1,9,01,02,7,1,2,0,1,0,0,0,0
"POINT (10.480652366000072 52.243886931000077)",Unfall 59859 (2020) Kat:3, Licht: 0,59859,3,3,5,01,15,3,0,0,1,0,0,0,0,0
"POINT (10.529593324000075 52.248422241000071)",Unfall 60005 (2020) Kat:3, Licht: 2,60005,3,6,2,01,19,6,0,2,0,1,0,0,0,0
"POINT (10.565554097000074 52.281385307000050)",Unfall 60176 (2020) Kat:3, Licht: 0,60176,3,6,2,01,14,3,1,0,0,1,0,0,0,0
"POINT (10.533036445000050 52.222500632000049)",Unfall 60219 (2020) Kat:3, Licht: 1,60219,3,6,2,01,16,1,1,1,0,1,0,0,0,0
"POINT (10.487663216000044 52.234093964000067)",Unfall 60422 (2020) Kat:3, Licht: 1,60422,3,2,6,02,07,2,0,1,0,1,1,0,0,0
"POINT (10.570619321000038 52.211718814000051)",Unfall 60664 (2020) Kat:3, Licht: 0,60664,3,1,9,02,08,7,2,0,0,1,0,0,0,0
"POINT (10.515371201000050 52.309040567000068)",Unfall 60718 (2020) Kat:3, Licht: 2,60718,3,6,2,02,05,5,0,2,0,1,0,0,0,0
"POINT (10.491197137000029 52.287518464000073)",Unfall 60885 (2020) Kat:3, Licht: 0,60885,3,6,2,02,13,6,1,0,0,1,0,0,0,0
"POINT (10.535135968000077 52.313352145000067)",Unfall 60929 (2020) Kat:2, Licht: 2,60929,2,1,8,02,01,1,0,2,0,1,0,0,0,0
"POINT (10.537611815000048 52.275985342000070)",Unfall 60971 (2020) Kat:3, Licht: 0,60971,3,1,0,02,17,2,0,0,1,0,0,0,0,0
"POINT (10.502505063000058 52.220507374000078)",Unfall 61195 (2020) Kat:3, Licht: 2,61195,3,4,6,02,18,2,1,2,0,1,1,0,0,0
"POINT (10.537132105000069 52.272825664000038)",Unfall 61246 (2020) Kat:3, Licht: 0,61246,3,2,5,02,08,2,0,0,1,1,0,0,0,0
"POINT (10.490536795000025 52.269744838000065)",Unfall 61513 (2020) Kat:3, Licht: 0,61513,3,3,5,02,12,6,0,0,0,1,0,0,0,0
"POINT (10.490317621000031 52.282765544000029)",Unfall 61522 (2020) Kat:3, Licht: 0,61522,3,1,9,02,07,6,1,0,0,0,0,1,0,0
"POINT (10.540015090000054 52.268035469000040)",Unfall 61566 (2020) Kat:3, Licht: 2,61566,3,2,5,03,21,5,0,2,1,1,0,0,0,0
"POINT (10.510431934000053 52.232526796000059)",Unfall 61666 (2020) Kat:2, Licht: 2,61666,2,1,8,03,21,2,0,2,0,1,0,0,0,0
"POINT (10.507613499000058 52.316667952000046)",Unfall 61678 (2020) Kat:3, Licht: 2,61678,3,6,3,02,18,5,0,2,0,1,0,0,1,0
"POINT (10.507262470000057 52.272529254000062)",Unfall 61752 (2020) Kat:3, Licht: 0,61752,3,6,2,03,09,4,1,0,0,1,0,0,0,0
"POINT (10.530970983000032 52.313143890000049)",Unfall 62064 (2020) Kat:2, Licht: 1,62064,2,6,2,03,05,7,0,1,0,1,0,0,1,0
"POINT (10.530951392000077 52.230131231000030)",Unfall 62092 (2020) Kat:2, Licht: 0,62092,2,6,2,03,16,2,0,0,0,1,0,0,0,1
"POINT (10.528175759000021 52.237169111000071)",Unfall 62095 (2020) Kat:3, Licht: 0,62095,3,6,2,03,15,2,0,0,0,1,0,0,0,0
"POINT (10.590553972000066 52.317972829000041)",Unfall 62174 (2020) Kat:2, Licht: 2,62174,2,1,8,03,03,1,0,2,0,1,0,0,0,0
"POINT (10.496845785000062 52.282603712000082)",Unfall 62258 (2020) Kat:2, Licht: 1,62258,2,4,6,03,05,1,0,1,0,1,1,0,0,0
"POINT (10.532449988000053 52.313426384000081)",Unfall 62537 (2020) Kat:3, Licht: 1,62537,3,6,2,03,18,5,0,1,0,1,0,0,0,0
"POINT (10.533426479000070 52.206332235000048)",Unfall 62974 (2020) Kat:2, Licht: 1,62974,2,6,2,04,05,1,0,1,0,1,0,0,0,0
"POINT (10.608758107000028 52.281048602000055)",Unfall 63121 (2020) Kat:2, Licht: 0,63121,2,1,8,04,16,1,0,0,0,0,0,1,0,0
"POINT (10.505094526000050 52.272029364000048)",Unfall 63294 (2020) Kat:3, Licht: 0,63294,3,4,6,04,16,6,0,0,1,0,1,0,0,0
"POINT (10.436469518000024 52.302568931000053)",Unfall 63609 (2020) Kat:3, Licht: 0,63609,3,5,1,05,08,7,0,0,0,0,0,0,0,1