WKT,Name,OBJECTID,UKATEGORIE,UTYP1,UART,UMONAT,USTUNDE,UWOCHENTAG,STRZUSTAND,ULICHTVERH,ISTRAD,ISTPKW,ISTFUSS,ISTKRAD,ISTGKFZ,ISTSONSTIG
"POINT (10.534280526000032 52.213429303000055)",Unfall 63784 (2020) Kat:3, Licht: 0,63784,3,6,2,05,11,3,0,0,0,1,0,0,0,0
"POINT (10.491171968000060 52.280393293000031)",Unfall 63785 (2020) Kat:3, Licht: 0,63785,3,6,2,05,08,3,0,0,0,1,0,0,0,0
"POINT (10.496882357000061 52.319258442000034)",Unfall 63824 (2020) Kat:3, Licht: 0,63824,3,6,2,05,14,4,0,0,0,1,0,0,0,1
"POINT (10.533919778000040 52.217986310000072)",Unfall 63987 (2020) Kat:2, Licht: 0,63987,2,6,2,05,15,6,0,0,0,1,0,1,0,0
"POINT (10.492319800000075 52.274720839000054)",Unfall 64131 (2020) Kat:3, Licht: 0,64131,3,6,2,05,14,2,1,0,0,1,0,0,0,0
"POINT (10.495596385000056 52.319736227000078)",Unfall 64324 (2020) Kat:3, Licht: 0,64324,3,6,2,05,12,2,1,0,0,1,0,0,1,0
"POINT (10.493485724000038 52.283562790000076)",Unfall 64558 (2020) Kat:3, Licht: 0,64558,3,1,8,06,07,6,1,0,0,1,0,0,0,0
"POINT (10.501988510000047 52.227402463000033)",Unfall 64605 (2020) Kat:3, Licht: 0,64605,3,3,5,06,14,5,1,0,1,1,0,0,0,0
"POINT (10.489494807000028 52.258875916000079)",Unfall 64754 (2020) Kat:3, Licht: 0,64754,3,6,3,06,18,3,0,0,0,1,0,0,0,0
"POINT (10.566442967000057 52.313076754000065)",Unfall 64758 (2020) Kat:3, Licht: 0,64758,3,7,0,06,10,3,0,0,0,0,0,0,0,1
"POINT (10.572269927000036 52.312681930000053)",Unfall 65221 (2020) Kat:3, Licht: 0,65221,3,6,2,06,16,4,0,0,0,0,0,0,1,1
"POINT (10.491814833000035 52.272231181000052)",Unfall 65359 (2020) Kat:3, Licht: 0,65359,3,2,4,06,11,7,0,0,1,1,0,0,0,0
"POINT (10.462472824000031 52.307347843000059)",Unfall 65942 (2020) Kat:3, Licht: 0,65942,3,3,5,06,09,3,0,0,1,0,0,0,0,1
"POINT (10.492012351000028 52.276394858000060)",Unfall 66251 (2020) Kat:3, Licht: 0,66251,3,6,2,07,15,3,0,0,0,1,0,0,0,1
"POINT (10.595992752000029 52.310980351000069)",Unfall 66344 (2020) Kat:3, Licht: 0,66344,3,6,2,07,16,1,0,0,0,1,0,0,0,0
"POINT (10.558956667000075 52.313226982000060)",Unfall 66459 (2020) Kat:3, Licht: 0,66459,3,6,2,07,05,3,0,0,0,1,0,0,1,0
"POINT (10.491035142000044 52.270304820000035)",Unfall 66612 (2020) Kat:3, Licht: 0,66612,3,6,2,07,14,2,0,0,0,1,0,0,0,0
"POINT (10.528997450000077 52.200935905000051)",Unfall 66618 (2020) Kat:3, Licht: 0,66618,3,6,2,07,09,2,0,0,0,1,0,0,0,0
"POINT (10.530773938000038 52.230371509000065)",Unfall 66621 (2020) Kat:3, Licht: 0,66621,3,6,2,07,16,4,1,0,0,1,0,0,0,1
"POINT (10.511439638000070 52.235035960000062)",Unfall 66667 (2020) Kat:3, Licht: 2,66667,3,1,9,07,00,1,0,2,0,1,0,0,0,0
"POINT (10.499356327000044 52.295907443000033)",Unfall 66849 (2020) Kat:3, Licht: 0,66849,3,6,2,08,09,2,0,0,0,1,0,0,0,0
"POINT (10.492272302000060 52.209533971000042)",Unfall 67091 (2020) Kat:3, Licht: 0,67091,3,3,5,07,15,7,0,0,0,1,0,0,0,0
"POINT (10.594810989000052 52.310924223000029)",Unfall 67368 (2020) Kat:2, Licht: 0,67368,2,6,2,07,19,5,0,0,0,0,0,0,1,0
"POINT (10.490493566000055 52.286238199000081)",Unfall 67669 (2020) Kat:3, Licht: 0,67669,3,6,0,08,15,7,0,0,0,1,0,1,0,0
"POINT (10.502762731000075 52.227205834000074)",Unfall 67841 (2020) Kat:3, Licht: 1,67841,3,3,5,08,05,5,1,1,0,1,0,1,0,0
"POINT (10.515943196000023 52.304578101000061)",Unfall 67860 (2020) Kat:3, Licht: 0,67860,3,2,5,08,09,7,0,0,1,1,0,0,0,0
"POINT (10.514413983000054 52.315346996000073)",Unfall 67885 (2020) Kat:2, Licht: 0,67885,2,6,2,08,12,3,0,0,0,0,0,0,1,0
"POINT (10.614790620000065 52.281192578000059)",Unfall 68180 (2020) Kat:2, Licht: 0,68180,2,3,5,08,09,2,0,0,0,1,0,0,0,0
"POINT (10.490833442000053 52.269826599000055)",Unfall 68255 (2020) Kat:3, Licht: 0,68255,3,6,2,08,17,3,0,0,0,1,0,0,0,0
"POINT (10.480785673000071 52.292963735000058)",Unfall 68286 (2020) Kat:3, Licht: 0,68286,3,6,2,08,14,3,0,0,0,1,0,0,1,0
"POINT (10.525534973000049 52.313724676000049)",Unfall 68782 (2020) Kat:2, Licht: 0,68782,2,6,2,09,14,3,0,0,0,0,0,0,1,0
"POINT (10.507500514000071 52.316863498000032)",Unfall 68906 (2020) Kat:3, Licht: 0,68906,3,6,2,09,09,4,0,0,0,0,0,0,1,0
"POINT (10.495206491000033 52.282816808000064)",Unfall 68927 (2020) Kat:3, Licht: 0,68927,3,1,9,09,08,7,1,0,0,1,0,0,0,0
"POINT (10.509974034000038 52.305431376000058)",Unfall 69047 (2020) Kat:3, Licht: 0,69047,3,6,2,09,16,4,0,0,0,1,0,1,0,0
"POINT (10.532742714000051 52.313424014000077)",Unfall 69063 (2020) Kat:3, Licht: 0,69063,3,6,2,09,07,3,0,0,0,1,0,0,0,0
"POINT (10.533434757000066 52.215644584000074)",Unfall 69114 (2020) Kat:3, Licht: 1,69114,3,3,5,09,19,4,1,1,0,1,0,0,0,0
"POINT (10.491686743000059 52.211143817000050)",Unfall 69164 (2020) Kat:3, Licht: 2,69164,3,6,3,09,20,4,0,2,0,1,0,0,0,0
"POINT (10.525512804000073 52.237360656000078)",Unfall 69317 (2020) Kat:3, Licht: 0,69317,3,3,5,09,15,3,0,0,0,1,0,0,1,0
"POINT (10.525315392000039 52.237299876000066)",Unfall 69434 (2020) Kat:3, Licht: 0,69434,3,3,5,09,16,4,0,0,0,1,0,0,1,0
"POINT (10.501947667000024 52.227412267000034)",Unfall 69457 (2020) Kat:3, Licht: 0,69457,3,3,5,09,08,2,0,0,0,1,0,0,0,1
"POINT (10.533601229000055 52.206653780000067)",Unfall 69487 (2020) Kat:3, Licht: 0,69487,3,6,2,09,16,7,0,0,0,1,0,0,0,0
"POINT (10.505645585000025 52.231125606000035)",Unfall 69593 (2020) Kat:3, Licht: 0,69593,3,2,2,09,11,1,0,0,0,1,0,0,0,0
"POINT (10.572056317000033 52.280108444000064)",Unfall 69596 (2020) Kat:2, Licht: 0,69596,2,4,6,09,07,5,0,0,1,0,1,0,0,0
"POINT (10.562729766000075 52.288129445000038)",Unfall 69599 (2020) Kat:3, Licht: 0,69599,3,6,6,09,09,4,0,0,1,0,1,0,0,0
"POINT (10.530417896000074 52.236625439000079)",Unfall 69771 (2020) Kat:3, Licht: 0,69771,3,6,2,09,07,3,0,0,0,1,0,0,0,0
"POINT (10.565204413000060 52.221706374000064)",Unfall 69876 (2020) Kat:3, Licht: 0,69876,3,2,5,09,07,5,0,0,0,1,0,1,0,0
"POINT (10.523441153000022 52.210841967000079)",Unfall 70060 (2020) Kat:3, Licht: 0,70060,3,2,5,09,09,4,0,0,1,1,0,0,0,0
"POINT (10.524134513000035 52.237032152000040)",Unfall 70074 (2020) Kat:3, Licht: 2,70074,3,6,2,09,19,6,0,2,0,1,0,0,0,0
"POINT (10.605980360000046 52.309968016000028)",Unfall 70190 (2020) Kat:1, Licht: 2,70190,1,1,8,10,01,6,1,2,0,1,0,0,1,0
"POINT (10.524574311000038 52.237018657000078)",Unfall 70401 (2020) Kat:3, Licht: 0,70401,3,6,2,10,12,6,0,0,0,1,0,0,0,0
"POINT (10.500447363000035 52.225188486000036)",Unfall 70801 (2020) Kat:2, Licht: 0,70801,2,6,2,10,13,5,0,0,0,1,0,0,0,1
"POINT (10.505073428000060 52.222551077000048)",Unfall 70806 (2020) Kat:3, Licht: 0,70806,3,4,6,10,09,6,0,0,0,1,1,0,0,0
"POINT (10.505370604000063 52.317209600000069)",Unfall 70884 (2020) Kat:3, Licht: 2,70884,3,6,2,10,05,2,1,2,0,1,0,0,0,0
"POINT (10.493558229000030 52.201800446000050)",Unfall 70894 (2020) Kat:3, Licht: 0,70894,3,2,2,10,15,4,0,0,0,1,0,0,0,0
"POINT (10.480183366000063 52.295136796000065)",Unfall 71119 (2020) Kat:2, Licht: 0,71119,2,1,8,10,08,5,1,0,0,1,0,0,0,0
"POINT (10.493101389000060 52.272867613000074)",Unfall 71146 (2020) Kat:3, Licht: 2,71146,3,1,0,10,20,7,0,2,0,0,0,1,0,0
"POINT (10.498684279000031 52.270777350000060)",Unfall 71216 (2020) Kat:3, Licht: 0,71216,3,3,5,10,09,6,1,0,0,1,0,0,0,0
"POINT (10.492555656000036 52.272651084000074)",Unfall 71382 (2020) Kat:2, Licht: 0,71382,2,1,9,11,11,5,0,0,0,1,0,0,0,0
"POINT (10.547314707000055 52.313140995000026)",Unfall 71492 (2020) Kat:3, Licht: 0,71492,3,6,2,10,07,4,0,0,0,1,0,0,1,0
"POINT (10.608737717000054 52.309818192000080)",Unfall 71762 (2020) Kat:3, Licht: 0,71762,3,6,9,10,13,2,1,0,0,1,0,0,0,0
"POINT (10.491128024000034 52.287243049000040)",Unfall 71767 (2020) Kat:3, Licht: 0,71767,3,6,9,10,15,2,1,0,0,1,0,0,0,0
"POINT (10.570769323000036 52.211438919000045)",Unfall 71837 (2020) Kat:3, Licht: 0,71837,3,6,6,11,16,7,0,0,1,0,1,0,0,0
"POINT (10.590656020000040 52.317995934000066)",Unfall 71987 (2020) Kat:3, Licht: 2,71987,3,1,8,11,21,5,1,2,0,1,0,0,0,0
"POINT (10.534515784000064 52.213363556000047)",Unfall 72049 (2020) Kat:3, Licht: 0,72049,3,7,7,11,07,2,0,0,0,1,0,0,1,0
"POINT (10.530490007000026 52.230921579000039)",Unfall 72078 (2020) Kat:3, Licht: 2,72078,3,6,2,11,06,5,1,2,0,1,0,0,0,1
"POINT (10.458774401000028 52.261783384000069)",Unfall 72217 (2020) Kat:3, Licht: 2,72217,3,1,9,11,23,6,1,2,0,1,0,0,0,0
"POINT (10.509306192000054 52.304850818000034)",Unfall 72231 (2020) Kat:3, Licht: 2,72231,3,6,2,11,16,4,0,2,0,1,0,0,0,0
"POINT (10.574591815000076 52.307307798000068)",Unfall 72580 (2020) Kat:2, Licht: 2,72580,2,7,8,11,17,7,0,2,0,1,0,0,0,0
"POINT (10.508533742000054 52.316613891000031)",Unfall 72585 (2020) Kat:3, Licht: 0,72585,3,6,2,11,14,3,0,0,0,1,0,0,1,0
"POINT (10.480807503000051 52.298892987000045)",Unfall 72749 (2020) Kat:3, Licht: 1,72749,3,3,5,12,15,7,0,1,1,1,0,0,0,0
"POINT (10.490266407000036 52.209326805000046)",Unfall 72753 (2020) Kat:3, Licht: 2,72753,3,1,9,12,23,6,0,2,0,1,0,0,0,0
"POINT (10.542833569000038 52.261269960000050)",Unfall 72765 (2020) Kat:3, Licht: 0,72765,3,6,3,12,14,6,0,0,0,1,0,0,0,0
"POINT (10.497078791000035 52.282572248000065)",Unfall 72931 (2020) Kat:3, Licht: 2,72931,3,6,8,12,19,5,1,2,0,1,0,0,0,0
"POINT (10.533434757000066 52.215644584000074)",Unfall 73153 (2020) Kat:3, Licht: 2,73153,3,6,2,12,16,3,1,2,0,1,0,0,0,0
"POINT (10.540756958000031 52.239285320000079)",Unfall 73188 (2020) Kat:3, Licht: 0,73188,3,6,3,12,08,5,0,0,0,1,0,0,1,0
"POINT (10.600356009000052 52.310433101000058)",Unfall 73309 (2020) Kat:3, Licht: 2,73309,3,6,8,12,22,2,0,2,0,1,0,0,0,0
"POINT (10.586811841000042 52.349549526000033)",Unfall 73361 (2020) Kat:3, Licht: 2,73361,3,6,4,12,17,3,1,2,0,1,1,0,0,0
"POINT (10.540492433000054 52.267235044000074)",Unfall 73459 (2020) Kat:3, Licht: 2,73459,3,3,5,12,17,5,1,2,1,1,0,0,0,0
"POINT (10.494809327000041 52.207889259000069)",Unfall 73483 (2020) Kat:3, Licht: 2,73483,3,3,5,12,18,3,1,2,0,1,0,0,0,0
"POINT (10.521556493000048 52.261357013000065)",Unfall 191896 (2020) Kat:3, Licht: 0,191896,3,1,0,01,14,6,1,0,1,0,0,0,0,0
"POINT (10.530744519000052 52.265805139000065)",Unfall 191897 (2020) Kat:3, Licht: 0,191897,3,3,5,01,09,1,2,0,1,1,0,0,0,0
"POINT (10.563845192000031 52.286764526000070)",Unfall 191898 (2020) Kat:2, Licht: 0,191898,2,2,5,01,09,6,1,0,1,1,0,0,0,0
"POINT (10.549004208000042 52.277606577000029)",Unfall 191905 (2020) Kat:3, Licht: 2,191905,3,2,5,01,22,4,1,2,0,1,0,0,0,1
"POINT (10.489573794000023 52.303428370000063)",Unfall 191930 (2020) Kat:3, Licht: 0,191930,3,1,0,01,14,2,1,0,0,0,0,1,0,0
"POINT (10.508089600000062 52.309398839000039)",Unfall 191980 (2020) Kat:3, Licht: 0,191980,3,2,4,01,14,7,0,0,0,1,0,0,0,0
"POINT (10.566386032000025 52.280442803000028)",Unfall 192010 (2020) Kat:3, Licht: 2,192010,3,2,6,01,17,4,1,2,0,1,1,0,0,0
"POINT (10.540096757000072 52.256765795000035)",Unfall 192012 (2020) Kat:3, Licht: 1,192012,3,2,4,01,16,5,1,1,0,1,0,0,0,0
"POINT (10.528340926000055 52.264904594000029)",Unfall 192032 (2020) Kat:3, Licht: 2,192032,3,2,4,01,16,5,0,2,0,1,0,0,0,0
"POINT (10.501797216000057 52.262149026000031)",Unfall 192037 (2020) Kat:3, Licht: 2,192037,3,3,5,01,19,2,0,2,1,1,0,0,0,0
"POINT (10.548985849000076 52.276737836000052)",Unfall 192097 (2020) Kat:3, Licht: 1,192097,3,2,5,01,08,6,1,1,1,1,0,0,0,0
"POINT (10.527026379000063 52.287896688000046)",Unfall 192109 (2020) Kat:2, Licht: 0,192109,2,3,5,01,08,2,1,0,1,1,0,0,0,0
"POINT (10.527621800000077 52.256419882000046)",Unfall 192118 (2020) Kat:3, Licht: 1,192118,3,2,6,01,17,4,0,1,0,1,1,0,0,0
"POINT (10.533822825000072 52.266309314000068)",Unfall 192133 (2020) Kat:3, Licht: 0,192133,3,6,3,01,16,1,0,0,1,0,0,0,0,1
"POINT (10.502821178000033 52.261504863000027)",Unfall 192167 (2020) Kat:3, Licht: 0,192167,3,3,5,01,11,3,0,0,0,1,0,0,0,1
"POINT (10.554007944000034 52.327665830000058)",Unfall 192189 (2020) Kat:3, Licht: 0,192189,3,4,0,01,13,4,1,0,0,0,1,0,0,1
"POINT (10.528680989000065 52.245952655000053)",Unfall 192200 (2020) Kat:3, Licht: 2,192200,3,6,2,01,20,6,1,2,0,1,0,0,0,0
"POINT (10.513996134000024 52.262542204000056)",Unfall 192214 (2020) Kat:3, Licht: 0,192214,3,2,5,01,13,2,0,0,1,1,0,0,0,0
"POINT (10.502917302000071 52.260588135000035)",Unfall 192259 (2020) Kat:2, Licht: 2,192259,2,3,5,01,05,5,1,2,0,1,0,1,0,0
"POINT (10.511399464000021 52.256117593000056)",Unfall 192265 (2020) Kat:3, Licht: 0,192265,3,2,5,01,10,2,0,0,1,1,0,0,0,0
"POINT (10.502939078000054 52.260503212000060)",Unfall 192272 (2020) Kat:3, Licht: 1,192272,3,3,5,01,16,3,0,1,1,1,0,0,0,0
"POINT (10.525500163000061 52.261486538000042)",Unfall 192275 (2020) Kat:3, Licht: 1,192275,3,2,6,01,17,7,0,1,0,1,1,0,0,0
"POINT (10.519214915000077 52.274967662000051)",Unfall 192287 (2020) Kat:3, Licht: 1,192287,3,3,5,01,16,3,0,1,1,1,0,0,0,0
"POINT (10.504416695000032 52.267425983000066)",Unfall 192290 (2020) Kat:3, Licht: 2,192290,3,3,5,01,23,6,1,2,0,1,0,0,0,0
"POINT (10.478068332000021 52.241636293000056)",Unfall 192295 (2020) Kat:3, Licht: 0,192295,3,3,0,01,15,4,1,0,0,1,0,1,0,0
"POINT (10.552288593000071 52.281834740000079)",Unfall 192298 (2020) Kat:3, Licht: 0,192298,3,5,1,01,10,3,0,0,1,1,0,0,0,0
"POINT (10.510152318000053 52.272970714000053)",Unfall 192304 (2020) Kat:2, Licht: 0,192304,2,2,3,01,08,3,0,0,1,0,0,0,0,1
"POINT (10.517521893000037 52.297620666000057)",Unfall 192314 (2020) Kat:3, Licht: 0,192314,3,7,4,01,14,1,1,0,0,1,0,0,0,0
"POINT (10.528542575000074 52.275505087000056)",Unfall 192373 (2020) Kat:3, Licht: 0,192373,3,7,3,01,15,7,0,0,0,1,0,0,0,1
"POINT (10.523367360000066 52.261809685000060)",Unfall 192376 (2020) Kat:3, Licht: 0,192376,3,5,0,01,13,7,0,0,0,1,0,0,0,1
"POINT (10.480175394000071 52.249800175000075)",Unfall 192431 (2020) Kat:3, Licht: 0,192431,3,7,0,01,15,5,0,0,0,0,0,0,0,1
"POINT (10.528367747000061 52.268281670000079)",Unfall 192483 (2020) Kat:3, Licht: 0,192483,3,3,5,01,15,4,1,0,0,1,0,0,0,0
"POINT (10.520130982000069 52.266534322000041)",Unfall 192524 (2020) Kat:2, Licht: 1,192524,2,3,5,01,07,3,1,1,1,1,0,0,0,0
"POINT (10.519767542000068 52.265603859000066)",Unfall 192525 (2020) Kat:3, Licht: 1,192525,3,3,5,01,07,3,1,1,1,1,0,0,0,0
"POINT (10.541197306000072 52.274796580000043)",Unfall 192539 (2020) Kat:3, Licht: 2,192539,3,2,5,01,20,6,0,2,0,1,0,0,0,0
"POINT (10.530090499000039 52.269379906000040)",Unfall 192560 (2020) Kat:3, Licht: 0,192560,3,2,5,02,10,7,1,0,1,1,0,0,0,0
"POINT (10.507544210000049 52.245799505000036)",Unfall 192579 (2020) Kat:3, Licht: 0,192579,3,3,5,01,12,2,0,0,1,1,0,0,0,0
"POINT (10.457552432000057 52.284398632000034)",Unfall 192584 (2020) Kat:3, Licht: 2,192584,3,7,0,02,19,2,1,2,0,0,0,0,0,1
"POINT (10.567237865000038 52.248189528000069)",Unfall 192613 (2020) Kat:3, Licht: 0,192613,3,3,5,02,12,6,0,0,1,1,0,0,0,0
"POINT (10.536806455000033 52.244196739000074)",Unfall 192637 (2020) Kat:2, Licht: 0,192637,2,4,6,02,14,5,1,0,0,1,1,0,0,0
"POINT (10.523052420000056 52.261483043000055)",Unfall 192690 (2020) Kat:2, Licht: 2,192690,2,7,0,02,18,5,1,2,1,0,0,0,0,0
"POINT (10.492053227000042 52.239118187000031)",Unfall 192704 (2020) Kat:3, Licht: 0,192704,3,7,0,02,07,5,1,0,0,1,0,1,0,0
"POINT (10.537409405000062 52.269542993000073)",Unfall 192716 (2020) Kat:2, Licht: 0,192716,2,2,4,02,13,6,0,0,1,0,0,0,0,0
"POINT (10.542348633000074 52.275279163000050)",Unfall 192745 (2020) Kat:3, Licht: 2,192745,3,3,5,02,17,5,1,2,0,1,0,0,0,0
"POINT (10.541790418000062 52.260343160000048)",Unfall 192748 (2020) Kat:3, Licht: 0,192748,3,2,5,02,07,4,0,0,1,1,0,0,0,0
"POINT (10.537856701000067 52.310519205000048)",Unfall 192750 (2020) Kat:3, Licht: 0,192750,3,3,5,02,16,4,0,0,1,1,0,0,0,0
"POINT (10.536115081000048 52.283217041000057)",Unfall 192770 (2020) Kat:3, Licht: 0,192770,3,7,5,02,12,6,0,0,0,0,0,0,0,1
"POINT (10.506020210000031 52.255136361000041)",Unfall 192810 (2020) Kat:3, Licht: 0,192810,3,2,0,02,16,6,0,0,0,1,0,1,0,0
"POINT (10.521610327000076 52.263659316000030)",Unfall 192813 (2020) Kat:3, Licht: 0,192813,3,4,6,02,11,5,0,0,0,0,1,0,0,1
"POINT (10.545949012000051 52.268812619000073)",Unfall 192848 (2020) Kat:3, Licht: 0,192848,3,5,1,02,13,1,0,0,1,1,0,0,0,0
"POINT (10.545957677000047 52.266115188000072)",Unfall 192850 (2020) Kat:2, Licht: 0,192850,2,5,1,02,16,5,1,0,0,1,0,1,0,0
"POINT (10.496076454000047 52.254059572000074)",Unfall 192853 (2020) Kat:3, Licht: 0,192853,3,4,6,02,16,4,0,0,0,0,1,0,0,1
"POINT (10.490003826000077 52.287324464000051)",Unfall 192899 (2020) Kat:3, Licht: 0,192899,3,2,3,02,12,6,0,0,1,0,0,0,0,0
"POINT (10.538578444000052 52.240218357000060)",Unfall 192936 (2020) Kat:3, Licht: 0,192936,3,3,5,02,14,5,0,0,0,1,0,0,0,0
"POINT (10.524164403000043 52.270572708000032)",Unfall 192972 (2020) Kat:3, Licht: 2,192972,3,2,5,02,18,4,1,2,1,1,0,0,0,0
"POINT (10.533233984000049 52.256745220000028)",Unfall 192989 (2020) Kat:3, Licht: 2,192989,3,3,5,02,18,2,1,2,1,1,0,0,0,0
"POINT (10.521516138000038 52.267788519000078)",Unfall 192999 (2020) Kat:3, Licht: 0,192999,3,7,6,02,13,4,0,0,0,1,1,0,0,0
"POINT (10.542969388000074 52.275450440000043)",Unfall 193007 (2020) Kat:3, Licht: 2,193007,3,3,5,02,18,3,0,2,1,0,0,0,0,0
"POINT (10.511055906000024 52.256062228000076)",Unfall 193060 (2020) Kat:2, Licht: 0,193060,2,4,6,02,10,2,0,0,0,1,1,0,0,0
"POINT (10.513278961000026 52.267642781000063)",Unfall 193171 (2020) Kat:3, Licht: 0,193171,3,3,5,03,14,2,0,0,1,1,0,0,0,0
"POINT (10.474959306000073 52.249377997000067)",Unfall 193174 (2020) Kat:3, Licht: 0,193174,3,3,5,02,10,6,0,0,1,1,0,0,0,0
"POINT (10.527351461000023 52.286328318000074)",Unfall 193178 (2020) Kat:3, Licht: 0,193178,3,4,6,02,09,6,1,0,1,0,1,0,0,0
"POINT (10.510157495000044 52.252420165000046)",Unfall 193181 (2020) Kat:2, Licht: 2,193181,2,3,5,02,01,6,1,2,1,1,0,0,0,0
"POINT (10.575416120000057 52.268890211000041)",Unfall 193190 (2020) Kat:1, Licht: 0,193190,1,7,0,03,13,1,0,0,1,0,0,0,0,0
"POINT (10.536415976000058 52.266181209000081)",Unfall 193205 (2020) Kat:3, Licht: 0,193205,3,2,3,03,07,5,0,0,1,1,0,0,0,0
"POINT (10.501949718000049 52.219461743000068)",Unfall 193208 (2020) Kat:2, Licht: 0,193208,2,4,6,03,16,3,0,0,0,1,1,0,0,0
"POINT (10.545005029000038 52.279778818000068)",Unfall 193221 (2020) Kat:3, Licht: 0,193221,3,2,4,03,08,2,1,0,1,0,0,0,0,1
"POINT (10.472615662000067 52.315620820000049)",Unfall 193230 (2020) Kat:3, Licht: 0,193230,3,1,8,02,15,7,0,0,0,0,0,0,0,1
"POINT (10.515797236000026 52.259725624000055)",Unfall 193276 (2020) Kat:3, Licht: 2,193276,3,6,3,03,19,2,0,2,0,1,0,0,0,0
"POINT (10.509880875000022 52.242065779000029)",Unfall 193288 (2020) Kat:3, Licht: 0,193288,3,6,2,02,07,5,0,0,0,1,0,0,0,0
"POINT (10.544065402000058 52.260073759000079)",Unfall 193294 (2020) Kat:3, Licht: 2,193294,3,7,1,02,19,5,0,2,1,1,0,0,0,0
"POINT (10.486703100000057 52.246770208000044)",Unfall 193301 (2020) Kat:3, Licht: 0,193301,3,2,5,02,14,5,0,0,1,1,0,0,0,0
"POINT (10.495782173000066 52.253943500000048)",Unfall 193312 (2020) Kat:3, Licht: 0,193312,3,3,5,03,14,5,0,0,1,1,0,0,0,0
"POINT (10.540375216000029 52.272682719000045)",Unfall 193327 (2020) Kat:3, Licht: 0,193327,3,3,5,03,10,2,0,0,1,1,0,0,0,0
"POINT (10.513497300000040 52.267547972000045)",Unfall 193334 (2020) Kat:2, Licht: 2,193334,2,3,5,03,20,1,0,2,1,1,0,0,0,0
"POINT (10.538149699000030 52.259687007000082)",Unfall 193363 (2020) Kat:2, Licht: 0,193363,2,1,3,03,17,3,0,0,1,0,0,0,0,0
"POINT (10.561284842000077 52.263184418000037)",Unfall 193383 (2020) Kat:2, Licht: 0,193383,2,2,0,03,13,4,1,0,1,1,0,0,0,0
"POINT (10.518415793000031 52.261032661000058)",Unfall 193411 (2020) Kat:3, Licht: 0,193411,3,4,6,03,11,4,0,0,1,0,1,0,0,0
"POINT (10.475873381000042 52.322831026000074)",Unfall 193442 (2020) Kat:3, Licht: 0,193442,3,2,5,03,13,2,0,0,0,1,0,0,0,0
"POINT (10.518565874000046 52.260786045000032)",Unfall 193443 (2020) Kat:3, Licht: 0,193443,3,5,1,03,11,2,0,0,1,0,0,0,0,1
"POINT (10.523845094000023 52.268701045000057)",Unfall 193480 (2020) Kat:3, Licht: 0,193480,3,3,5,03,15,3,1,0,1,1,0,0,0,0
"POINT (10.545741022000072 52.303837794000060)",Unfall 193485 (2020) Kat:3, Licht: 0,193485,3,2,4,03,16,5,0,0,0,1,0,0,0,0
"POINT (10.544876165000062 52.275390366000067)",Unfall 193519 (2020) Kat:3, Licht: 0,193519,3,7,2,03,13,6,0,0,1,0,0,0,0,1
"POINT (10.523826103000033 52.271326096000053)",Unfall 193535 (2020) Kat:3, Licht: 0,193535,3,6,4,03,13,6,1,0,1,0,0,0,0,0
"POINT (10.544961218000026 52.303717355000060)",Unfall 193538 (2020) Kat:3, Licht: 0,193538,3,6,2,03,07,6,1,0,0,1,0,1,0,0
"POINT (10.508631590000050 52.263633150000032)",Unfall 193569 (2020) Kat:3, Licht: 0,193569,3,5,1,03,16,5,0,0,1,1,0,0,0,0
"POINT (10.534593414000028 52.270831134000048)",Unfall 193627 (2020) Kat:3, Licht: 2,193627,3,2,5,03,19,4,0,2,1,1,0,0,0,0
"POINT (10.507614725000053 52.271946248000063)",Unfall 193631 (2020) Kat:3, Licht: 2,193631,3,3,5,03,19,4,0,2,1,1,0,0,0,0
"POINT (10.610644706000073 52.313650101000064)",Unfall 193634 (2020) Kat:3, Licht: 0,193634,3,6,4,03,17,4,0,0,0,1,0,0,0,0
"POINT (10.525947875000043 52.261827175000064)",Unfall 193680 (2020) Kat:3, Licht: 2,193680,3,6,2,03,22,4,0,2,0,1,0,0,0,0
"POINT (10.553302581000025 52.278459383000040)",Unfall 193685 (2020) Kat:3, Licht: 0,193685,3,7,6,03,10,4,0,0,0,1,1,0,0,0
"POINT (10.522037920000059 52.261361680000050)",Unfall 193686 (2020) Kat:3, Licht: 2,193686,3,7,0,04,02,1,0,2,1,0,0,0,0,0
"POINT (10.511495965000051 52.248508288000039)",Unfall 193687 (2020) Kat:3, Licht: 0,193687,3,2,4,04,14,4,0,0,0,1,0,0,0,0
"POINT (10.502821542000049 52.254653916000052)",Unfall 193688 (2020) Kat:3, Licht: 0,193688,3,3,5,04,18,5,0,0,0,1,0,0,0,0
"POINT (10.520030958000063 52.218970291000062)",Unfall 193709 (2020) Kat:3, Licht: 0,193709,3,2,3,03,08,3,0,0,1,1,0,0,0,0
"POINT (10.495788406000031 52.253539484000044)",Unfall 193738 (2020) Kat:3, Licht: 0,193738,3,6,3,04,13,5,0,0,1,0,0,0,0,0
"POINT (10.521797357000025 52.231154641000046)",Unfall 193764 (2020) Kat:3, Licht: 0,193764,3,3,5,04,15,6,0,0,1,1,0,0,0,0
"POINT (10.536165149000055 52.250866011000028)",Unfall 193780 (2020) Kat:3, Licht: 0,193780,3,6,2,04,13,4,0,0,0,1,0,0,0,0
"POINT (10.519279917000063 52.287968731000035)",Unfall 193783 (2020) Kat:3, Licht: 0,193783,3,3,5,03,07,2,0,0,1,1,0,0,0,0