WKT,Name,OBJECTID,UKATEGORIE,UTYP1,UART,UMONAT,USTUNDE,UWOCHENTAG,STRZUSTAND,ULICHTVERH,ISTRAD,ISTPKW,ISTFUSS,ISTKRAD,ISTGKFZ,ISTSONSTIG
"POINT (10.521663725000053 52.231199223000033)",Unfall 193792 (2020) Kat:3, Licht: 0,193792,3,3,5,03,08,5,0,0,1,1,0,0,0,0
"POINT (10.539718748000041 52.267957071000069)",Unfall 193849 (2020) Kat:3, Licht: 0,193849,3,2,5,04,18,5,0,0,1,1,0,0,0,0
"POINT (10.509526390000076 52.241656499000044)",Unfall 193953 (2020) Kat:3, Licht: 0,193953,3,6,3,04,17,3,0,0,0,1,0,0,1,0
"POINT (10.575626287000034 52.285106449000068)",Unfall 193996 (2020) Kat:2, Licht: 0,193996,2,6,2,04,16,2,0,0,0,1,0,1,0,0
"POINT (10.521307614000023 52.261354793000066)",Unfall 193999 (2020) Kat:3, Licht: 0,193999,3,1,0,04,15,2,0,0,1,0,0,0,0,0
"POINT (10.526303004000056 52.260053793000054)",Unfall 194020 (2020) Kat:3, Licht: 0,194020,3,2,2,04,11,6,0,0,0,1,0,0,0,0
"POINT (10.496385228000065 52.266763728000058)",Unfall 194076 (2020) Kat:3, Licht: 0,194076,3,3,5,04,18,7,0,0,1,1,0,0,0,0
"POINT (10.521663725000053 52.231199223000033)",Unfall 194129 (2020) Kat:3, Licht: 0,194129,3,6,3,04,18,5,0,0,1,0,0,0,0,0
"POINT (10.524721391000071 52.261669916000073)",Unfall 194130 (2020) Kat:1, Licht: 0,194130,1,7,0,04,16,5,0,0,1,0,0,0,0,0
"POINT (10.523413851000043 52.274061259000064)",Unfall 194132 (2020) Kat:2, Licht: 2,194132,2,1,0,04,00,5,0,2,1,0,0,0,0,0
"POINT (10.475453528000060 52.235370769000042)",Unfall 194195 (2020) Kat:2, Licht: 0,194195,2,1,9,04,16,1,0,0,0,0,0,1,0,0
"POINT (10.480140031000076 52.250316227000042)",Unfall 194207 (2020) Kat:3, Licht: 0,194207,3,3,0,05,15,4,0,0,0,1,0,1,0,0
"POINT (10.502944841000044 52.260480740000048)",Unfall 194228 (2020) Kat:3, Licht: 2,194228,3,2,6,04,22,5,1,2,0,1,1,0,0,0
"POINT (10.546584402000065 52.267726155000048)",Unfall 194256 (2020) Kat:2, Licht: 0,194256,2,2,4,05,08,4,0,0,1,1,0,0,0,0
"POINT (10.505026393000037 52.275069367000071)",Unfall 194258 (2020) Kat:3, Licht: 0,194258,3,6,3,04,12,3,0,0,0,1,0,0,0,1
"POINT (10.566386099000056 52.257915101000037)",Unfall 194334 (2020) Kat:3, Licht: 0,194334,3,3,5,04,13,4,0,0,1,1,0,0,0,0
"POINT (10.530515638000054 52.242019390000053)",Unfall 194335 (2020) Kat:3, Licht: 0,194335,3,3,5,05,07,5,0,0,1,0,0,0,1,0
"POINT (10.559677938000050 52.314653787000054)",Unfall 194337 (2020) Kat:3, Licht: 0,194337,3,2,4,04,16,2,0,0,0,1,0,1,0,0
"POINT (10.518997719000026 52.275569265000058)",Unfall 194355 (2020) Kat:3, Licht: 0,194355,3,7,5,04,14,3,0,0,1,1,0,0,0,0
"POINT (10.538743001000057 52.269869156000027)",Unfall 194369 (2020) Kat:2, Licht: 0,194369,2,4,6,05,11,4,0,0,0,1,1,0,0,0
"POINT (10.502403368000046 52.254480372000046)",Unfall 194396 (2020) Kat:3, Licht: 0,194396,3,6,3,05,14,2,0,0,0,1,0,1,0,0
"POINT (10.495157580000068 52.253384922000066)",Unfall 194397 (2020) Kat:3, Licht: 1,194397,3,2,5,05,20,6,0,1,0,1,0,0,0,1
"POINT (10.502862628000059 52.254560814000058)",Unfall 194446 (2020) Kat:3, Licht: 0,194446,3,2,3,05,13,2,0,0,1,0,0,0,0,0
"POINT (10.530650563000052 52.260270326000068)",Unfall 194447 (2020) Kat:3, Licht: 0,194447,3,5,5,05,18,6,0,0,1,1,0,0,0,0
"POINT (10.459466062000047 52.285616265000044)",Unfall 194450 (2020) Kat:3, Licht: 0,194450,3,5,1,05,17,5,0,0,1,1,0,0,0,0
"POINT (10.539925673000027 52.268009188000065)",Unfall 194496 (2020) Kat:2, Licht: 0,194496,2,2,0,05,15,2,0,0,0,0,0,0,0,1
"POINT (10.501292782000064 52.312206622000076)",Unfall 194498 (2020) Kat:3, Licht: 0,194498,3,2,4,05,15,4,0,0,0,1,0,0,0,0
"POINT (10.512740883000049 52.254534985000078)",Unfall 194511 (2020) Kat:2, Licht: 0,194511,2,1,0,05,06,2,0,0,1,0,0,0,0,0
"POINT (10.515922417000070 52.259844032000046)",Unfall 194512 (2020) Kat:3, Licht: 0,194512,3,2,5,05,14,6,0,0,0,1,0,0,0,0
"POINT (10.470538870000041 52.278966686000047)",Unfall 194517 (2020) Kat:3, Licht: 0,194517,3,2,2,05,12,3,0,0,0,1,0,0,0,0
"POINT (10.509502346000033 52.241575422000039)",Unfall 194533 (2020) Kat:3, Licht: 0,194533,3,7,8,05,13,1,0,0,0,0,0,0,1,0
"POINT (10.523619460000077 52.210904865000032)",Unfall 194553 (2020) Kat:3, Licht: 0,194553,3,2,5,05,16,2,0,0,0,1,0,0,0,0
"POINT (10.484751837000033 52.235574280000037)",Unfall 194555 (2020) Kat:2, Licht: 0,194555,2,3,5,05,11,6,0,0,1,1,0,0,0,0
"POINT (10.512652144000072 52.216135757000075)",Unfall 194561 (2020) Kat:3, Licht: 0,194561,3,3,5,05,12,5,0,0,1,1,0,0,0,0
"POINT (10.497645239000065 52.261906975000045)",Unfall 194597 (2020) Kat:2, Licht: 0,194597,2,3,5,05,17,3,0,0,1,1,0,0,0,0
"POINT (10.479753763000076 52.242349060000038)",Unfall 194608 (2020) Kat:3, Licht: 0,194608,3,2,5,05,08,2,0,0,1,1,0,0,0,0
"POINT (10.511904570000070 52.257258806000038)",Unfall 194615 (2020) Kat:2, Licht: 0,194615,2,5,4,05,14,5,0,0,0,1,0,1,0,0
"POINT (10.526548168000033 52.268230760000051)",Unfall 194624 (2020) Kat:3, Licht: 0,194624,3,6,2,05,17,6,0,0,0,1,0,1,0,0
"POINT (10.512665450000043 52.216140617000065)",Unfall 194629 (2020) Kat:3, Licht: 0,194629,3,3,5,05,14,3,0,0,1,1,0,0,0,0
"POINT (10.536907777000067 52.254535963000080)",Unfall 194638 (2020) Kat:2, Licht: 0,194638,2,4,6,05,11,3,0,0,0,1,1,0,0,0
"POINT (10.551584519000073 52.273563526000032)",Unfall 194656 (2020) Kat:3, Licht: 0,194656,3,7,0,05,16,7,0,0,1,0,0,0,0,0
"POINT (10.518767126000057 52.260656211000082)",Unfall 194660 (2020) Kat:3, Licht: 0,194660,3,4,6,05,11,4,0,0,1,0,1,0,0,0
"POINT (10.544886904000066 52.237722805000033)",Unfall 194705 (2020) Kat:3, Licht: 0,194705,3,5,0,05,13,2,0,0,0,1,0,1,0,0
"POINT (10.609724434000043 52.281629160000080)",Unfall 194812 (2020) Kat:3, Licht: 0,194812,3,5,6,05,14,7,0,0,0,1,1,0,0,0
"POINT (10.522937587000058 52.269852130000061)",Unfall 194890 (2020) Kat:3, Licht: 0,194890,3,2,5,05,14,4,0,0,0,1,0,1,0,0
"POINT (10.474130403000061 52.277500358000054)",Unfall 194891 (2020) Kat:3, Licht: 0,194891,3,2,4,05,10,4,0,0,1,1,0,0,0,0
"POINT (10.470967391000045 52.246189633000029)",Unfall 194976 (2020) Kat:2, Licht: 0,194976,2,7,8,05,17,2,0,0,0,1,0,0,0,0
"POINT (10.507592388000035 52.231609191000075)",Unfall 194993 (2020) Kat:3, Licht: 0,194993,3,6,3,06,11,4,0,0,0,1,0,0,0,0
"POINT (10.543553640000027 52.256963137000071)",Unfall 194999 (2020) Kat:3, Licht: 0,194999,3,3,5,06,20,4,0,0,1,1,0,0,0,0
"POINT (10.575012502000050 52.280215951000059)",Unfall 195002 (2020) Kat:3, Licht: 0,195002,3,3,5,06,13,4,0,0,1,1,0,0,0,0
"POINT (10.523151623000047 52.264494227000057)",Unfall 195007 (2020) Kat:2, Licht: 0,195007,2,6,6,06,12,3,0,0,0,1,1,0,0,0
"POINT (10.502949089000026 52.266004469000052)",Unfall 195010 (2020) Kat:3, Licht: 0,195010,3,5,1,06,08,5,1,0,1,1,0,0,0,0
"POINT (10.536043359000075 52.230918604000067)",Unfall 195028 (2020) Kat:3, Licht: 0,195028,3,7,6,06,09,5,1,0,0,1,1,0,0,0
"POINT (10.527717180000025 52.269296989000054)",Unfall 195062 (2020) Kat:3, Licht: 0,195062,3,3,5,06,10,4,0,0,1,1,0,0,0,0
"POINT (10.509840306000058 52.261273571000061)",Unfall 195117 (2020) Kat:3, Licht: 0,195117,3,2,4,06,09,7,0,0,1,1,0,0,0,0
"POINT (10.520085443000028 52.266317553000079)",Unfall 195121 (2020) Kat:3, Licht: 0,195121,3,2,3,06,13,3,0,0,1,0,0,0,0,0
"POINT (10.521030663000033 52.259336102000077)",Unfall 195142 (2020) Kat:3, Licht: 0,195142,3,2,3,06,08,5,0,0,1,1,0,0,0,0
"POINT (10.539946554000039 52.268014550000032)",Unfall 195151 (2020) Kat:3, Licht: 0,195151,3,2,5,06,15,6,0,0,1,0,0,0,0,1
"POINT (10.502198113000077 52.262207394000029)",Unfall 195160 (2020) Kat:3, Licht: 0,195160,3,3,5,06,13,4,0,0,1,1,0,0,0,0
"POINT (10.511023151000074 52.245982828000081)",Unfall 195214 (2020) Kat:3, Licht: 0,195214,3,2,5,06,20,3,0,0,0,1,0,0,0,0
"POINT (10.572174388000064 52.252536563000035)",Unfall 195251 (2020) Kat:3, Licht: 1,195251,3,7,0,06,20,5,1,1,0,0,0,1,0,1
"POINT (10.518336071000022 52.260934297000063)",Unfall 195275 (2020) Kat:3, Licht: 0,195275,3,5,1,06,15,7,1,0,0,1,0,0,0,0
"POINT (10.506437734000031 52.255172340000058)",Unfall 195277 (2020) Kat:3, Licht: 0,195277,3,2,4,06,16,7,0,0,0,1,0,0,0,0
"POINT (10.540015090000054 52.268035469000040)",Unfall 195292 (2020) Kat:3, Licht: 0,195292,3,7,4,06,15,5,0,0,0,1,0,1,0,0
"POINT (10.542248448000066 52.275105079000070)",Unfall 195353 (2020) Kat:3, Licht: 0,195353,3,3,5,06,15,4,0,0,1,1,0,0,0,0
"POINT (10.560606619000055 52.292521018000059)",Unfall 195399 (2020) Kat:3, Licht: 0,195399,3,3,5,06,14,3,0,0,1,1,0,0,0,0
"POINT (10.449173278000046 52.305574339000032)",Unfall 195416 (2020) Kat:3, Licht: 0,195416,3,1,0,06,17,6,0,0,0,0,0,1,0,0
"POINT (10.518530705000046 52.281155746000081)",Unfall 195418 (2020) Kat:3, Licht: 0,195418,3,6,2,06,16,6,0,0,0,1,0,0,0,1
"POINT (10.563294778000056 52.263939021000056)",Unfall 195422 (2020) Kat:3, Licht: 0,195422,3,3,5,06,13,6,0,0,1,1,0,0,0,0
"POINT (10.523803220000048 52.268695605000062)",Unfall 195428 (2020) Kat:3, Licht: 0,195428,3,3,5,06,15,6,0,0,0,1,0,0,0,1
"POINT (10.576107330000070 52.283680415000049)",Unfall 195430 (2020) Kat:2, Licht: 0,195430,2,6,3,06,15,6,0,0,1,1,0,0,0,0
"POINT (10.523071089000041 52.258522009000046)",Unfall 195435 (2020) Kat:3, Licht: 0,195435,3,1,0,06,13,6,0,0,0,0,0,1,0,0
"POINT (10.547491577000073 52.254838863000032)",Unfall 195447 (2020) Kat:3, Licht: 0,195447,3,6,1,06,15,6,0,0,0,1,1,0,0,0
"POINT (10.539252561000069 52.259429761000035)",Unfall 195454 (2020) Kat:3, Licht: 0,195454,3,3,5,06,12,2,0,0,1,1,0,0,0,0
"POINT (10.519413077000024 52.225332302000027)",Unfall 195524 (2020) Kat:3, Licht: 0,195524,3,3,5,06,17,5,0,0,1,1,0,0,0,0
"POINT (10.454721359000075 52.237912854000058)",Unfall 195548 (2020) Kat:2, Licht: 0,195548,2,4,6,06,17,4,0,0,0,1,1,0,0,0
"POINT (10.446104700000035 52.269794254000033)",Unfall 195549 (2020) Kat:3, Licht: 0,195549,3,4,6,06,16,6,0,0,0,0,1,1,0,0
"POINT (10.519249107000064 52.287966600000061)",Unfall 195573 (2020) Kat:2, Licht: 0,195573,2,3,5,06,11,5,0,0,1,1,0,0,0,0
"POINT (10.495837405000032 52.268817787000046)",Unfall 195576 (2020) Kat:3, Licht: 0,195576,3,6,2,06,16,2,0,0,1,1,0,0,0,0
"POINT (10.518311881000045 52.261635450000028)",Unfall 195585 (2020) Kat:3, Licht: 0,195585,3,5,1,06,12,2,0,0,0,1,0,0,0,1
"POINT (10.502862628000059 52.254560814000058)",Unfall 195612 (2020) Kat:3, Licht: 2,195612,3,7,0,06,00,4,0,2,1,0,0,0,0,0
"POINT (10.497652556000048 52.239890958000046)",Unfall 195614 (2020) Kat:3, Licht: 0,195614,3,7,0,06,09,6,0,0,0,1,0,0,0,0
"POINT (10.514247137000041 52.266335380000044)",Unfall 195652 (2020) Kat:3, Licht: 0,195652,3,6,4,06,15,4,0,0,1,0,0,0,0,0
"POINT (10.489390209000021 52.278935376000049)",Unfall 195669 (2020) Kat:3, Licht: 0,195669,3,2,5,06,11,1,0,0,1,1,0,0,0,0
"POINT (10.604287873000033 52.311929808000059)",Unfall 195678 (2020) Kat:3, Licht: 0,195678,3,7,5,06,17,5,0,0,1,0,0,0,0,1
"POINT (10.540591982000024 52.259162625000044)",Unfall 195702 (2020) Kat:2, Licht: 0,195702,2,6,4,06,07,4,0,0,1,0,0,0,0,0
"POINT (10.491415750000044 52.310410499000056)",Unfall 195717 (2020) Kat:3, Licht: 0,195717,3,2,2,06,13,6,0,0,0,1,0,0,0,0
"POINT (10.551569321000045 52.264341535000028)",Unfall 195752 (2020) Kat:3, Licht: 0,195752,3,7,5,06,18,4,0,0,1,0,0,0,0,0
"POINT (10.527838774000031 52.240878250000037)",Unfall 195777 (2020) Kat:3, Licht: 0,195777,3,3,5,07,09,7,0,0,1,0,0,0,0,1
"POINT (10.520498604000068 52.261553531000061)",Unfall 195778 (2020) Kat:3, Licht: 2,195778,3,1,0,07,03,7,0,2,1,0,0,0,0,0
"POINT (10.504967983000029 52.272105823000061)",Unfall 195831 (2020) Kat:3, Licht: 2,195831,3,3,5,07,22,6,0,2,1,0,0,0,0,0
"POINT (10.525699251000049 52.262849720000077)",Unfall 195832 (2020) Kat:3, Licht: 0,195832,3,2,2,06,16,2,0,0,0,1,0,0,0,0
"POINT (10.520966089000069 52.227531986000031)",Unfall 195834 (2020) Kat:2, Licht: 0,195834,2,5,1,07,16,6,0,0,1,1,0,0,0,0
"POINT (10.561831564000045 52.289411941000026)",Unfall 195835 (2020) Kat:3, Licht: 0,195835,3,3,5,06,17,2,0,0,0,1,0,1,0,0
"POINT (10.524313510000070 52.265505810000036)",Unfall 195843 (2020) Kat:3, Licht: 0,195843,3,3,5,06,15,2,0,0,1,0,0,0,0,0
"POINT (10.545201840000061 52.270384802000081)",Unfall 195846 (2020) Kat:3, Licht: 0,195846,3,5,1,06,12,2,0,0,1,1,0,0,0,0
"POINT (10.561365214000034 52.267606767000075)",Unfall 195871 (2020) Kat:3, Licht: 0,195871,3,7,7,07,15,5,0,0,1,0,1,0,0,0
"POINT (10.510835267000061 52.268626825000069)",Unfall 195883 (2020) Kat:3, Licht: 0,195883,3,2,5,07,18,2,1,0,1,1,0,0,0,0
"POINT (10.524442950000036 52.272083093000049)",Unfall 195894 (2020) Kat:3, Licht: 0,195894,3,3,5,07,08,2,0,0,1,1,0,0,0,0
"POINT (10.505385516000047 52.249410909000062)",Unfall 195942 (2020) Kat:2, Licht: 0,195942,2,3,5,06,20,1,0,0,1,1,0,0,0,0
"POINT (10.528586205000067 52.285933340000042)",Unfall 195945 (2020) Kat:2, Licht: 0,195945,2,1,0,06,12,1,1,0,1,0,0,0,0,0
"POINT (10.515027577000069 52.260991880000063)",Unfall 195950 (2020) Kat:2, Licht: 2,195950,2,3,5,06,01,1,0,2,0,1,0,0,0,0
"POINT (10.513010262000023 52.285165980000045)",Unfall 195976 (2020) Kat:3, Licht: 0,195976,3,3,5,06,15,3,0,0,1,0,0,0,0,0
"POINT (10.586772546000077 52.285043333000033)",Unfall 195977 (2020) Kat:3, Licht: 0,195977,3,3,5,06,18,3,0,0,0,1,0,0,0,0
"POINT (10.530827107000050 52.265812825000069)",Unfall 195978 (2020) Kat:3, Licht: 0,195978,3,3,5,06,18,3,0,0,1,1,0,0,0,0
"POINT (10.530570235000027 52.322731114000078)",Unfall 195979 (2020) Kat:3, Licht: 0,195979,3,3,5,06,16,3,0,0,0,1,0,0,0,0
"POINT (10.501275927000052 52.269586300000071)",Unfall 195981 (2020) Kat:3, Licht: 0,195981,3,3,5,06,12,3,0,0,1,1,0,0,0,0
"POINT (10.520009989000073 52.265660276000062)",Unfall 196032 (2020) Kat:3, Licht: 0,196032,3,7,0,07,10,5,1,0,0,0,1,0,0,1
"POINT (10.518729200000053 52.300169107000045)",Unfall 196035 (2020) Kat:3, Licht: 0,196035,3,5,1,07,16,5,0,0,0,1,0,0,0,0
"POINT (10.515340599000069 52.248989982000069)",Unfall 196046 (2020) Kat:3, Licht: 0,196046,3,2,2,07,16,3,0,0,1,1,0,0,0,0
"POINT (10.545444114000077 52.277605146000042)",Unfall 196058 (2020) Kat:3, Licht: 0,196058,3,2,4,07,19,7,0,0,0,1,0,0,0,0
"POINT (10.537345125000058 52.230841428000076)",Unfall 196108 (2020) Kat:2, Licht: 0,196108,2,1,0,07,08,4,1,0,1,0,0,0,0,0
"POINT (10.528112439000040 52.257414089000065)",Unfall 196110 (2020) Kat:3, Licht: 0,196110,3,2,5,07,08,6,1,0,1,1,0,0,0,0
"POINT (10.528274993000025 52.254995791000056)",Unfall 196124 (2020) Kat:3, Licht: 0,196124,3,2,5,07,15,2,0,0,1,1,0,0,0,0
"POINT (10.471720886000071 52.248737771000037)",Unfall 196151 (2020) Kat:3, Licht: 0,196151,3,7,5,07,09,4,1,0,1,1,0,0,0,0
"POINT (10.507361499000069 52.271939439000050)",Unfall 196154 (2020) Kat:3, Licht: 0,196154,3,3,5,07,14,3,0,0,0,1,0,0,0,0
"POINT (10.518940791000034 52.253986249000036)",Unfall 196217 (2020) Kat:3, Licht: 0,196217,3,5,2,07,14,7,0,0,0,1,0,0,0,0
"POINT (10.528210444000024 52.264891219000049)",Unfall 196242 (2020) Kat:3, Licht: 0,196242,3,7,5,07,18,4,0,0,1,1,0,0,0,0
"POINT (10.518883975000051 52.266505676000065)",Unfall 196260 (2020) Kat:3, Licht: 0,196260,3,6,6,07,13,3,0,0,1,0,1,0,0,0
"POINT (10.511030642000037 52.245923194000056)",Unfall 196262 (2020) Kat:3, Licht: 0,196262,3,3,5,07,16,3,0,0,0,1,0,0,0,0
"POINT (10.522001944000067 52.267174513000043)",Unfall 196264 (2020) Kat:3, Licht: 0,196264,3,4,6,07,09,3,0,0,0,1,1,0,0,0
"POINT (10.529768271000023 52.248420347000035)",Unfall 196269 (2020) Kat:3, Licht: 0,196269,3,3,5,07,07,3,0,0,1,1,0,0,0,0
"POINT (10.496861921000061 52.260585701000082)",Unfall 196284 (2020) Kat:3, Licht: 0,196284,3,3,5,07,07,2,0,0,1,1,0,0,0,0
"POINT (10.522620733000053 52.260250987000063)",Unfall 196358 (2020) Kat:3, Licht: 0,196358,3,4,0,07,17,3,0,0,1,0,1,0,0,0
"POINT (10.563922887000047 52.286773855000035)",Unfall 196376 (2020) Kat:3, Licht: 0,196376,3,3,5,07,08,6,0,0,1,0,0,0,0,1
"POINT (10.541719566000040 52.305304317000036)",Unfall 196402 (2020) Kat:3, Licht: 0,196402,3,6,4,07,20,5,0,0,0,1,0,1,0,0
"POINT (10.523466776000021 52.297521968000069)",Unfall 196404 (2020) Kat:2, Licht: 0,196404,2,6,3,07,14,5,0,0,1,0,0,0,0,0
"POINT (10.521432086000061 52.213653698000030)",Unfall 196406 (2020) Kat:2, Licht: 0,196406,2,2,4,07,10,2,0,0,0,1,0,0,0,0
"POINT (10.563146456000027 52.287394499000072)",Unfall 196408 (2020) Kat:3, Licht: 0,196408,3,3,5,07,08,2,1,0,1,1,0,0,0,0
"POINT (10.535330795000050 52.273688098000036)",Unfall 196421 (2020) Kat:3, Licht: 0,196421,3,5,1,07,15,5,0,0,1,1,0,0,0,0
"POINT (10.462092495000036 52.308161686000062)",Unfall 196440 (2020) Kat:2, Licht: 0,196440,2,3,5,07,17,5,0,0,1,0,0,1,0,0
"POINT (10.523338479000074 52.272951068000054)",Unfall 196443 (2020) Kat:3, Licht: 0,196443,3,6,4,07,13,5,0,0,1,1,0,0,0,0
"POINT (10.513683518000050 52.258805993000067)",Unfall 196483 (2020) Kat:3, Licht: 0,196483,3,3,5,07,10,6,0,0,1,0,0,0,0,0
"POINT (10.530207258000075 52.214845997000054)",Unfall 196486 (2020) Kat:3, Licht: 0,196486,3,3,5,07,16,7,0,0,1,1,0,0,0,0
"POINT (10.542998543000067 52.262937214000033)",Unfall 196592 (2020) Kat:3, Licht: 0,196592,3,3,5,07,10,1,1,0,0,1,0,0,0,0
"POINT (10.519604540000046 52.221030347000067)",Unfall 196604 (2020) Kat:3, Licht: 0,196604,3,3,5,07,06,6,0,0,1,1,0,0,0,0
"POINT (10.520435113000076 52.261196014000063)",Unfall 196627 (2020) Kat:2, Licht: 0,196627,2,1,0,08,18,2,0,0,1,0,0,0,0,0
"POINT (10.520498604000068 52.261553531000061)",Unfall 196648 (2020) Kat:3, Licht: 0,196648,3,3,5,07,18,2,1,0,1,0,0,0,0,0
"POINT (10.518425465000064 52.265723042000047)",Unfall 196649 (2020) Kat:3, Licht: 0,196649,3,6,4,07,12,5,0,0,1,1,0,0,0,0
"POINT (10.473815323000053 52.247062127000049)",Unfall 196656 (2020) Kat:3, Licht: 0,196656,3,7,8,07,16,2,1,0,0,1,0,0,0,0
"POINT (10.524855431000049 52.267141713000058)",Unfall 196690 (2020) Kat:3, Licht: 0,196690,3,7,0,07,13,2,0,0,0,0,0,0,0,1
"POINT (10.494115664000049 52.260538477000068)",Unfall 196700 (2020) Kat:3, Licht: 0,196700,3,2,5,07,14,3,0,0,1,0,0,1,0,0
"POINT (10.527880078000067 52.264857355000061)",Unfall 196703 (2020) Kat:3, Licht: 0,196703,3,2,5,07,13,2,0,0,1,1,0,0,0,0
"POINT (10.484921060000033 52.231336831000078)",Unfall 196714 (2020) Kat:3, Licht: 0,196714,3,7,5,07,13,2,0,0,1,1,0,0,0,0
"POINT (10.469588313000031 52.304141323000067)",Unfall 196759 (2020) Kat:3, Licht: 1,196759,3,6,2,07,18,5,0,1,0,1,0,0,0,0
"POINT (10.536113521000061 52.229847820000032)",Unfall 196809 (2020) Kat:2, Licht: 0,196809,2,7,0,07,14,5,0,0,0,0,0,0,0,1
"POINT (10.551410060000023 52.290112169000054)",Unfall 196889 (2020) Kat:3, Licht: 0,196889,3,7,0,08,09,4,0,0,1,0,0,0,0,1
"POINT (10.521332531000041 52.261354889000074)",Unfall 196943 (2020) Kat:3, Licht: 0,196943,3,6,3,08,14,3,0,0,1,0,0,0,0,0
"POINT (10.521462870000050 52.213668598000027)",Unfall 196947 (2020) Kat:3, Licht: 0,196947,3,2,5,08,19,3,0,0,1,1,0,0,0,0
"POINT (10.503576276000047 52.260684639000033)",Unfall 196950 (2020) Kat:3, Licht: 1,196950,3,3,5,08,20,3,0,1,1,1,0,0,0,0
"POINT (10.527508988000022 52.257111184000053)",Unfall 196953 (2020) Kat:3, Licht: 0,196953,3,2,5,08,16,3,0,0,1,1,0,0,0,0
"POINT (10.529031161000034 52.265629743000034)",Unfall 197006 (2020) Kat:3, Licht: 2,197006,3,7,0,08,22,4,0,2,0,1,0,1,0,0
"POINT (10.518181422000055 52.330753789000028)",Unfall 197041 (2020) Kat:3, Licht: 2,197041,3,3,5,08,21,5,0,2,0,1,0,0,0,0
"POINT (10.520486966000021 52.222866189000058)",Unfall 197042 (2020) Kat:3, Licht: 0,197042,3,7,0,08,16,5,0,0,0,1,0,0,0,0
"POINT (10.485849792000067 52.247854144000030)",Unfall 197043 (2020) Kat:3, Licht: 0,197043,3,4,6,08,12,5,0,0,0,1,1,0,0,0
"POINT (10.529888898000024 52.265725506000081)",Unfall 197045 (2020) Kat:3, Licht: 0,197045,3,6,3,08,11,5,0,0,0,1,0,0,0,1
"POINT (10.463213963000044 52.289408575000039)",Unfall 197086 (2020) Kat:3, Licht: 0,197086,3,3,5,08,14,4,0,0,1,0,0,0,0,0
"POINT (10.527319767000051 52.257241180000051)",Unfall 197100 (2020) Kat:3, Licht: 2,197100,3,3,5,08,23,4,0,2,0,1,0,0,0,0
"POINT (10.525612400000057 52.261674708000044)",Unfall 197214 (2020) Kat:2, Licht: 0,197214,2,2,5,08,13,5,0,0,0,0,0,0,0,1
"POINT (10.508598483000071 52.272830229000078)",Unfall 197215 (2020) Kat:2, Licht: 0,197215,2,6,3,08,14,5,0,0,0,1,0,1,0,0
"POINT (10.537766524000062 52.265042511000047)",Unfall 197231 (2020) Kat:2, Licht: 0,197231,2,7,1,08,16,4,0,0,1,1,0,0,0,0
"POINT (10.502910754000027 52.260613673000080)",Unfall 197233 (2020) Kat:3, Licht: 2,197233,3,1,0,08,22,6,1,2,0,0,0,0,0,1
"POINT (10.528000538000072 52.268809228000066)",Unfall 197278 (2020) Kat:3, Licht: 0,197278,3,2,0,08,14,7,0,0,1,0,0,0,0,0
"POINT (10.503198708000070 52.260624562000032)",Unfall 197345 (2020) Kat:3, Licht: 2,197345,3,2,5,08,22,6,0,2,0,1,0,0,0,1
"POINT (10.539291741000056 52.268871801000046)",Unfall 197395 (2020) Kat:3, Licht: 2,197395,3,2,6,08,21,2,0,2,0,1,1,0,0,0
"POINT (10.566024719000040 52.248631926000030)",Unfall 197400 (2020) Kat:3, Licht: 0,197400,3,3,5,08,16,5,0,0,0,1,0,0,0,0
"POINT (10.506149570000048 52.254970865000075)",Unfall 197424 (2020) Kat:3, Licht: 0,197424,3,3,5,09,12,3,0,0,0,1,0,1,0,0
"POINT (10.501469012000030 52.249827936000031)",Unfall 197449 (2020) Kat:3, Licht: 1,197449,3,1,9,08,05,1,0,1,0,1,0,0,0,0
"POINT (10.529089258000056 52.264981298000066)",Unfall 197452 (2020) Kat:2, Licht: 2,197452,2,5,1,08,03,1,0,2,1,1,0,0,0,0
"POINT (10.533022604000053 52.263191201000041)",Unfall 197454 (2020) Kat:3, Licht: 0,197454,3,5,3,08,16,5,0,0,1,1,0,0,0,0
"POINT (10.566080946000056 52.248576781000054)",Unfall 197503 (2020) Kat:2, Licht: 2,197503,2,6,4,08,21,7,0,2,0,1,0,0,0,0
"POINT (10.538065944000039 52.253409009000052)",Unfall 197521 (2020) Kat:3, Licht: 0,197521,3,6,3,09,17,3,0,0,0,1,0,0,0,0
"POINT (10.511103758000047 52.255477362000079)",Unfall 197526 (2020) Kat:3, Licht: 0,197526,3,5,1,08,07,2,0,0,0,1,0,0,0,0
"POINT (10.601464808000060 52.278749891000075)",Unfall 197565 (2020) Kat:3, Licht: 0,197565,3,1,0,08,18,5,0,0,1,0,0,0,0,0
"POINT (10.518259723000028 52.266717670000048)",Unfall 197617 (2020) Kat:2, Licht: 0,197617,2,6,3,08,11,6,0,0,0,1,0,1,1,0
"POINT (10.527334871000050 52.286368539000080)",Unfall 197630 (2020) Kat:3, Licht: 2,197630,3,2,5,09,20,3,0,2,1,1,0,0,0,0
"POINT (10.536522337000065 52.319132322000030)",Unfall 197672 (2020) Kat:3, Licht: 0,197672,3,3,5,09,14,2,0,0,1,1,0,0,0,0