WKT,Name,OBJECTID,UKATEGORIE,UTYP1,UART,UMONAT,USTUNDE,UWOCHENTAG,STRZUSTAND,ULICHTVERH,ISTRAD,ISTPKW,ISTFUSS,ISTKRAD,ISTGKFZ,ISTSONSTIG
"POINT (10.476868694000075 52.241845895000040)",Unfall 197676 (2020) Kat:3, Licht: 0,197676,3,2,4,09,17,2,0,0,1,1,0,0,0,0
"POINT (10.529530532000024 52.269148306000034)",Unfall 197704 (2020) Kat:3, Licht: 2,197704,3,6,2,09,21,1,0,2,0,1,0,0,0,0
"POINT (10.543036150000034 52.261415956000064)",Unfall 197748 (2020) Kat:3, Licht: 0,197748,3,3,5,09,14,4,0,0,1,1,0,0,0,0
"POINT (10.509832020000033 52.310839546000068)",Unfall 197752 (2020) Kat:3, Licht: 0,197752,3,3,5,09,13,7,1,0,0,1,0,1,0,0
"POINT (10.533725926000045 52.256709093000040)",Unfall 197754 (2020) Kat:3, Licht: 0,197754,3,3,5,09,07,3,0,0,0,1,0,0,0,0
"POINT (10.512355669000044 52.268087683000033)",Unfall 197812 (2020) Kat:3, Licht: 0,197812,3,6,3,09,17,6,0,0,1,0,0,0,0,0
"POINT (10.562654413000075 52.234632400000066)",Unfall 197868 (2020) Kat:3, Licht: 0,197868,3,3,5,09,07,5,0,0,1,1,0,0,0,0
"POINT (10.535767796000073 52.272277666000036)",Unfall 197870 (2020) Kat:3, Licht: 0,197870,3,2,5,09,13,5,0,0,1,1,0,0,0,0
"POINT (10.511298352000040 52.268574341000033)",Unfall 197910 (2020) Kat:2, Licht: 0,197910,2,4,6,09,16,2,0,0,0,1,1,0,0,0
"POINT (10.523114022000073 52.258584006000035)",Unfall 197967 (2020) Kat:2, Licht: 0,197967,2,7,0,09,18,5,0,0,1,0,0,0,0,1
"POINT (10.518121829000052 52.330711950000079)",Unfall 197970 (2020) Kat:3, Licht: 0,197970,3,2,5,09,14,5,0,0,0,1,0,0,0,0
"POINT (10.519517877000055 52.220118581000065)",Unfall 197978 (2020) Kat:3, Licht: 0,197978,3,3,5,09,07,5,0,0,1,0,0,0,0,0
"POINT (10.515456331000053 52.260796476000053)",Unfall 197986 (2020) Kat:3, Licht: 0,197986,3,6,2,09,14,3,0,0,0,1,0,0,0,0
"POINT (10.534621891000029 52.270966305000059)",Unfall 198015 (2020) Kat:3, Licht: 2,198015,3,1,1,09,22,2,0,2,1,1,0,0,0,0
"POINT (10.572057062000056 52.281063289000031)",Unfall 198051 (2020) Kat:3, Licht: 0,198051,3,3,5,09,16,6,0,0,1,1,0,0,0,0
"POINT (10.510764058000063 52.268795609000051)",Unfall 198068 (2020) Kat:3, Licht: 0,198068,3,6,2,09,10,2,0,0,0,1,0,0,0,1
"POINT (10.537541586000032 52.272407762000057)",Unfall 198070 (2020) Kat:2, Licht: 1,198070,2,7,0,09,06,6,0,1,0,0,0,1,0,0
"POINT (10.523182078000048 52.268635448000055)",Unfall 198096 (2020) Kat:3, Licht: 2,198096,3,7,0,09,20,3,0,2,1,1,0,0,0,0
"POINT (10.523748841000042 52.268688542000064)",Unfall 198130 (2020) Kat:3, Licht: 0,198130,3,3,5,09,11,4,0,0,1,1,0,0,0,0
"POINT (10.514953823000042 52.259479232000047)",Unfall 198135 (2020) Kat:2, Licht: 1,198135,2,1,1,09,19,4,1,1,1,1,0,0,0,0
"POINT (10.512805727000057 52.258484307000060)",Unfall 198138 (2020) Kat:2, Licht: 0,198138,2,4,0,09,17,4,0,0,1,0,1,0,0,0
"POINT (10.545006225000066 52.270797273000028)",Unfall 198148 (2020) Kat:3, Licht: 0,198148,3,6,2,09,10,4,0,0,1,0,0,0,0,0
"POINT (10.524675294000076 52.213244450000047)",Unfall 198221 (2020) Kat:3, Licht: 0,198221,3,3,5,09,18,5,0,0,1,1,0,0,0,0
"POINT (10.519769554000050 52.265675420000036)",Unfall 198225 (2020) Kat:3, Licht: 0,198225,3,7,0,09,13,5,0,0,0,1,0,0,0,1
"POINT (10.521441412000058 52.274967205000053)",Unfall 198228 (2020) Kat:3, Licht: 0,198228,3,2,6,09,14,5,0,0,0,1,1,0,0,0
"POINT (10.605371227000035 52.315052097000034)",Unfall 198229 (2020) Kat:3, Licht: 0,198229,3,3,5,09,10,1,0,0,1,1,0,0,0,0
"POINT (10.514810701000044 52.267067355000052)",Unfall 198266 (2020) Kat:3, Licht: 2,198266,3,3,5,09,19,3,0,2,1,1,0,0,0,0
"POINT (10.561365214000034 52.267606767000075)",Unfall 198268 (2020) Kat:3, Licht: 0,198268,3,2,4,09,16,3,0,0,1,1,0,0,0,0
"POINT (10.509061199000030 52.253028776000065)",Unfall 198277 (2020) Kat:3, Licht: 0,198277,3,2,5,09,15,3,0,0,1,1,0,0,0,0
"POINT (10.513486201000035 52.262505432000069)",Unfall 198356 (2020) Kat:3, Licht: 0,198356,3,2,4,09,14,6,0,0,1,1,0,0,0,0
"POINT (10.523073381000074 52.269332407000036)",Unfall 198457 (2020) Kat:3, Licht: 0,198457,3,2,5,09,15,3,0,0,1,0,0,0,0,1
"POINT (10.514182154000025 52.262671086000068)",Unfall 198484 (2020) Kat:3, Licht: 2,198484,3,2,6,09,22,7,1,2,0,1,1,0,0,0
"POINT (10.538765851000051 52.240313055000058)",Unfall 198509 (2020) Kat:2, Licht: 0,198509,2,2,4,09,07,3,0,0,1,1,0,0,0,0
"POINT (10.549000950000050 52.277587291000032)",Unfall 198529 (2020) Kat:3, Licht: 0,198529,3,6,2,09,08,6,1,0,0,1,0,0,0,1
"POINT (10.509822050000025 52.310842119000029)",Unfall 198559 (2020) Kat:3, Licht: 0,198559,3,2,5,09,16,4,0,0,0,1,0,1,0,0
"POINT (10.508874388000038 52.236642741000026)",Unfall 198564 (2020) Kat:3, Licht: 0,198564,3,6,3,09,13,3,0,0,0,1,0,0,1,0
"POINT (10.561365214000034 52.267606767000075)",Unfall 198591 (2020) Kat:2, Licht: 0,198591,2,3,5,09,16,5,0,0,0,1,0,0,0,1
"POINT (10.521332531000041 52.261354889000074)",Unfall 198598 (2020) Kat:3, Licht: 0,198598,3,6,0,09,12,4,0,0,1,0,0,0,0,0
"POINT (10.522631776000026 52.260367572000064)",Unfall 198616 (2020) Kat:3, Licht: 0,198616,3,3,5,09,16,5,0,0,1,1,0,0,0,0
"POINT (10.519697704000066 52.260466946000065)",Unfall 198618 (2020) Kat:3, Licht: 0,198618,3,3,5,09,09,3,0,0,1,0,0,0,0,0
"POINT (10.559736155000053 52.328049433000047)",Unfall 198619 (2020) Kat:3, Licht: 1,198619,3,4,6,09,07,2,1,1,0,1,1,0,0,0
"POINT (10.473011049000036 52.236584741000058)",Unfall 198675 (2020) Kat:3, Licht: 0,198675,3,2,0,09,12,5,0,0,1,1,0,0,0,0
"POINT (10.495807747000072 52.268936998000072)",Unfall 198677 (2020) Kat:3, Licht: 0,198677,3,3,5,09,07,5,0,0,1,1,0,0,0,0
"POINT (10.530151709000052 52.236570661000030)",Unfall 198687 (2020) Kat:3, Licht: 0,198687,3,1,0,10,15,5,1,0,0,0,0,1,0,0
"POINT (10.541798207000056 52.265485703000081)",Unfall 198693 (2020) Kat:3, Licht: 0,198693,3,2,3,10,12,6,0,0,1,1,0,0,0,0
"POINT (10.557186503000025 52.218413928000075)",Unfall 198703 (2020) Kat:3, Licht: 2,198703,3,1,8,10,18,4,1,2,0,1,0,0,0,0
"POINT (10.520213802000058 52.260977209000032)",Unfall 198705 (2020) Kat:2, Licht: 0,198705,2,1,0,10,12,4,1,0,1,0,0,0,0,0
"POINT (10.514541335000047 52.266843600000072)",Unfall 198740 (2020) Kat:3, Licht: 0,198740,3,3,5,10,11,5,1,0,1,1,0,0,0,0
"POINT (10.524518677000060 52.272031270000070)",Unfall 198765 (2020) Kat:3, Licht: 0,198765,3,3,5,10,10,3,1,0,1,1,0,0,0,0
"POINT (10.536244344000067 52.234386616000052)",Unfall 198837 (2020) Kat:3, Licht: 0,198837,3,2,5,10,14,2,0,0,1,1,0,0,0,0
"POINT (10.507498409000050 52.245791620000034)",Unfall 198849 (2020) Kat:3, Licht: 0,198849,3,3,5,10,08,5,0,0,1,1,0,0,0,0
"POINT (10.531511941000076 52.251127226000051)",Unfall 198853 (2020) Kat:3, Licht: 0,198853,3,2,5,10,07,5,0,0,1,1,0,0,0,0
"POINT (10.532922026000051 52.261109302000079)",Unfall 198977 (2020) Kat:3, Licht: 0,198977,3,7,0,10,12,3,0,0,1,0,0,0,0,0
"POINT (10.536809226000059 52.272725997000066)",Unfall 198986 (2020) Kat:3, Licht: 2,198986,3,1,0,10,19,6,1,2,0,0,0,1,0,0
"POINT (10.560693536000031 52.267325488000040)",Unfall 198989 (2020) Kat:3, Licht: 0,198989,3,6,2,10,16,6,0,0,0,1,0,0,0,0
"POINT (10.512306465000052 52.325684623000029)",Unfall 198995 (2020) Kat:2, Licht: 0,198995,2,7,6,10,16,6,1,0,0,1,1,0,0,0
"POINT (10.487785506000023 52.260358189000044)",Unfall 199000 (2020) Kat:3, Licht: 0,199000,3,2,3,10,13,6,0,0,1,1,0,0,0,0
"POINT (10.543305046000057 52.262249205000046)",Unfall 199019 (2020) Kat:3, Licht: 0,199019,3,3,5,10,13,6,0,0,0,1,0,0,0,1
"POINT (10.525883929000031 52.276843456000051)",Unfall 199025 (2020) Kat:3, Licht: 0,199025,3,3,5,10,14,2,0,0,1,1,0,0,0,0
"POINT (10.505672865000065 52.231175006000058)",Unfall 199045 (2020) Kat:3, Licht: 0,199045,3,3,5,10,14,1,0,0,0,1,0,0,0,0
"POINT (10.527695421000033 52.257281299000056)",Unfall 199090 (2020) Kat:3, Licht: 0,199090,3,1,0,10,10,7,1,0,0,0,0,0,0,1
"POINT (10.540155182000035 52.256759814000077)",Unfall 199091 (2020) Kat:3, Licht: 0,199091,3,2,2,10,16,3,0,0,1,1,0,0,0,0
"POINT (10.504160866000063 52.266204861000062)",Unfall 199103 (2020) Kat:3, Licht: 0,199103,3,3,5,10,16,2,0,0,1,1,0,0,0,0
"POINT (10.509194332000050 52.327196728000047)",Unfall 199146 (2020) Kat:3, Licht: 0,199146,3,1,0,10,11,3,0,0,1,0,0,0,0,0
"POINT (10.502862628000059 52.254560814000058)",Unfall 199201 (2020) Kat:3, Licht: 2,199201,3,4,6,10,05,4,0,2,0,0,1,0,0,1
"POINT (10.518336071000022 52.260934297000063)",Unfall 199363 (2020) Kat:3, Licht: 0,199363,3,7,1,10,15,7,0,0,0,1,0,0,1,0
"POINT (10.535395478000055 52.269545542000060)",Unfall 199388 (2020) Kat:3, Licht: 0,199388,3,6,0,10,13,4,0,0,1,1,0,0,0,0
"POINT (10.571075474000054 52.228521689000047)",Unfall 199406 (2020) Kat:2, Licht: 2,199406,2,5,1,10,19,3,1,2,1,1,0,0,0,0
"POINT (10.534050226000033 52.262928760000079)",Unfall 199441 (2020) Kat:2, Licht: 0,199441,2,7,3,10,16,3,0,0,0,1,0,0,0,0
"POINT (10.513468302000035 52.262700374000076)",Unfall 199444 (2020) Kat:3, Licht: 0,199444,3,7,0,10,13,3,0,0,1,1,0,0,0,0
"POINT (10.563588706000075 52.263850507000029)",Unfall 199447 (2020) Kat:3, Licht: 0,199447,3,6,2,10,11,6,0,0,0,1,0,0,0,0
"POINT (10.472995272000048 52.240600716000074)",Unfall 199448 (2020) Kat:3, Licht: 2,199448,3,3,5,10,19,6,1,2,1,0,0,0,0,0
"POINT (10.502103580000039 52.240592998000068)",Unfall 199449 (2020) Kat:3, Licht: 0,199449,3,3,5,10,11,6,1,0,1,1,0,0,0,0
"POINT (10.519769554000050 52.265675420000036)",Unfall 199527 (2020) Kat:2, Licht: 0,199527,2,3,5,11,08,6,1,0,1,1,0,0,0,0
"POINT (10.501076608000062 52.263894973000049)",Unfall 199542 (2020) Kat:3, Licht: 0,199542,3,2,5,11,12,7,0,0,1,1,0,0,0,0
"POINT (10.512690824000060 52.216149885000050)",Unfall 199570 (2020) Kat:3, Licht: 0,199570,3,3,5,11,07,5,1,0,1,1,0,0,0,0
"POINT (10.526100343000053 52.268840415000057)",Unfall 199620 (2020) Kat:3, Licht: 0,199620,3,2,3,11,08,3,0,0,1,1,0,0,0,0
"POINT (10.506988936000027 52.282985297000039)",Unfall 199624 (2020) Kat:3, Licht: 0,199624,3,3,5,11,13,6,0,0,1,1,0,0,0,0
"POINT (10.510244124000053 52.252353888000073)",Unfall 199673 (2020) Kat:3, Licht: 2,199673,3,7,0,10,01,7,1,2,1,0,0,0,0,0
"POINT (10.516929308000044 52.334576881000032)",Unfall 199685 (2020) Kat:3, Licht: 2,199685,3,3,5,11,17,5,0,2,0,1,0,0,0,0
"POINT (10.565357972000072 52.242771172000062)",Unfall 199728 (2020) Kat:2, Licht: 0,199728,2,3,5,11,13,7,0,0,1,1,0,0,0,0
"POINT (10.605356186000051 52.314414199000055)",Unfall 199738 (2020) Kat:3, Licht: 0,199738,3,3,5,11,13,6,0,0,0,1,0,0,0,1
"POINT (10.515936694000061 52.317894478000028)",Unfall 199739 (2020) Kat:3, Licht: 0,199739,3,3,5,11,07,5,1,0,1,1,0,0,0,0
"POINT (10.528542575000074 52.275505087000056)",Unfall 199779 (2020) Kat:3, Licht: 0,199779,3,7,7,10,13,5,1,0,1,0,0,0,0,0
"POINT (10.534311384000034 52.241008162000071)",Unfall 199821 (2020) Kat:3, Licht: 2,199821,3,2,6,11,16,1,0,2,0,1,1,0,0,0
"POINT (10.538330835000068 52.276513100000045)",Unfall 199856 (2020) Kat:3, Licht: 2,199856,3,5,1,11,17,5,1,2,1,1,0,0,0,0
"POINT (10.522956874000045 52.269859286000042)",Unfall 199882 (2020) Kat:3, Licht: 0,199882,3,3,5,11,15,3,0,0,1,1,0,0,0,0
"POINT (10.501512475000027 52.274060301000077)",Unfall 199886 (2020) Kat:3, Licht: 0,199886,3,1,1,11,07,3,0,0,1,1,0,0,0,0
"POINT (10.512614459000076 52.245920094000041)",Unfall 199897 (2020) Kat:3, Licht: 0,199897,3,3,5,11,10,7,0,0,0,1,0,0,0,0
"POINT (10.515815193000037 52.259816503000081)",Unfall 199948 (2020) Kat:3, Licht: 2,199948,3,3,5,11,18,5,0,2,0,1,0,0,0,0
"POINT (10.524353594000047 52.275089890000061)",Unfall 199963 (2020) Kat:3, Licht: 2,199963,3,6,2,11,18,2,0,2,0,1,0,0,0,1
"POINT (10.560227254000040 52.325446144000068)",Unfall 199974 (2020) Kat:3, Licht: 0,199974,3,4,6,11,14,3,0,0,0,1,1,0,0,0
"POINT (10.528073974000051 52.258103220000066)",Unfall 200011 (2020) Kat:2, Licht: 0,200011,2,1,0,11,12,7,1,0,1,0,0,0,0,0
"POINT (10.480175394000071 52.249800175000075)",Unfall 200069 (2020) Kat:3, Licht: 2,200069,3,6,2,11,18,3,0,2,0,1,0,0,0,0
"POINT (10.508446659000072 52.253652575000046)",Unfall 200075 (2020) Kat:2, Licht: 0,200075,2,2,3,11,13,3,0,0,1,0,0,0,1,0
"POINT (10.560548925000035 52.290406366000070)",Unfall 200084 (2020) Kat:3, Licht: 1,200084,3,2,5,11,07,3,0,1,1,1,0,0,0,0
"POINT (10.508598483000071 52.272830229000078)",Unfall 200100 (2020) Kat:3, Licht: 0,200100,3,2,2,11,15,7,0,0,0,1,0,0,0,0
"POINT (10.531079803000068 52.265699884000071)",Unfall 200104 (2020) Kat:3, Licht: 2,200104,3,3,5,12,16,3,1,2,0,1,0,0,0,0
"POINT (10.538490487000047 52.259553678000032)",Unfall 200151 (2020) Kat:3, Licht: 0,200151,3,5,1,12,10,3,1,0,1,0,0,0,0,1
"POINT (10.516991011000073 52.257870012000069)",Unfall 200161 (2020) Kat:3, Licht: 0,200161,3,3,5,11,11,4,0,0,0,0,0,0,1,1
"POINT (10.525553444000025 52.266223730000036)",Unfall 200203 (2020) Kat:3, Licht: 2,200203,3,6,2,11,17,7,0,2,0,1,0,0,0,0
"POINT (10.525883929000031 52.276843456000051)",Unfall 200207 (2020) Kat:2, Licht: 1,200207,2,3,5,12,15,3,1,1,1,1,0,0,0,0
"POINT (10.453752439000027 52.285322742000062)",Unfall 200244 (2020) Kat:3, Licht: 2,200244,3,2,5,11,16,6,1,2,1,0,0,0,0,1
"POINT (10.545555000000036 52.303529219000040)",Unfall 200258 (2020) Kat:3, Licht: 0,200258,3,1,0,12,10,3,1,0,1,0,0,0,0,0
"POINT (10.508970146000024 52.237148919000049)",Unfall 200284 (2020) Kat:3, Licht: 2,200284,3,6,3,11,17,2,0,2,0,1,0,0,1,0
"POINT (10.532555697000021 52.261384646000067)",Unfall 200289 (2020) Kat:3, Licht: 0,200289,3,3,5,11,13,2,0,0,1,1,0,0,0,0
"POINT (10.520817383000065 52.265478397000038)",Unfall 200292 (2020) Kat:3, Licht: 0,200292,3,4,6,11,11,2,0,0,1,0,1,0,0,0
"POINT (10.501602153000022 52.270519886000045)",Unfall 200312 (2020) Kat:3, Licht: 0,200312,3,3,5,11,15,2,0,0,1,1,0,0,0,0
"POINT (10.563813523000022 52.286760723000043)",Unfall 200315 (2020) Kat:3, Licht: 0,200315,3,2,3,11,09,4,0,0,1,0,0,0,0,1
"POINT (10.503047423000055 52.259605509000039)",Unfall 200321 (2020) Kat:2, Licht: 1,200321,2,2,6,12,16,5,0,1,0,0,1,1,0,0
"POINT (10.519597025000053 52.260367403000032)",Unfall 200327 (2020) Kat:3, Licht: 0,200327,3,3,5,12,09,5,0,0,1,0,0,0,0,1
"POINT (10.494779182000059 52.260520714000052)",Unfall 200355 (2020) Kat:3, Licht: 0,200355,3,3,5,12,10,6,1,0,0,1,0,0,0,0
"POINT (10.528629489000025 52.245942343000081)",Unfall 200383 (2020) Kat:3, Licht: 0,200383,3,3,5,12,11,2,1,0,1,1,0,0,0,0
"POINT (10.537511150000057 52.269001281000044)",Unfall 200387 (2020) Kat:3, Licht: 0,200387,3,3,5,12,14,4,0,0,1,0,0,0,0,0
"POINT (10.513173715000050 52.267689353000037)",Unfall 200405 (2020) Kat:3, Licht: 0,200405,3,6,2,12,09,5,1,0,0,1,0,1,0,0
"POINT (10.524062021000077 52.268575797000040)",Unfall 200418 (2020) Kat:3, Licht: 2,200418,3,2,5,12,18,6,0,2,1,1,0,0,0,0
"POINT (10.567448792000050 52.253616661000081)",Unfall 200442 (2020) Kat:3, Licht: 1,200442,3,2,3,12,07,4,0,1,1,1,0,0,0,0
"POINT (10.474287910000044 52.242013209000049)",Unfall 200462 (2020) Kat:1, Licht: 2,200462,1,4,6,12,18,6,0,2,0,1,1,0,0,0
"POINT (10.481563751000067 52.270941217000029)",Unfall 200474 (2020) Kat:3, Licht: 0,200474,3,2,2,12,13,3,1,0,0,1,0,0,0,0
"POINT (10.542194859000062 52.268470922000063)",Unfall 200492 (2020) Kat:3, Licht: 0,200492,3,2,5,12,15,2,0,0,1,1,0,0,0,0
"POINT (10.582194970000046 52.240091349000068)",Unfall 200512 (2020) Kat:3, Licht: 2,200512,3,4,6,12,07,6,1,2,0,1,1,0,0,0
"POINT (10.535881685000049 52.321132879000061)",Unfall 200513 (2020) Kat:3, Licht: 0,200513,3,3,5,12,12,5,0,0,1,0,0,0,0,1
"POINT (10.503515247000053 52.279665096000031)",Unfall 200544 (2020) Kat:3, Licht: 0,200544,3,2,4,12,14,4,0,0,0,1,0,0,0,0
"POINT (10.509164622000071 52.269883764000042)",Unfall 200576 (2020) Kat:3, Licht: 2,200576,3,2,2,12,19,2,0,2,0,1,0,0,0,0
"POINT (10.516253495000058 52.259327529000075)",Unfall 200577 (2020) Kat:3, Licht: 2,200577,3,3,5,12,16,3,0,2,1,1,0,0,0,0
"POINT (10.527045524000073 52.287737137000079)",Unfall 200620 (2020) Kat:3, Licht: 1,200620,3,2,4,12,15,2,0,1,1,1,0,0,0,0
"POINT (10.522385611000061 52.261388378000049)",Unfall 200661 (2020) Kat:3, Licht: 2,200661,3,4,6,12,07,2,0,2,0,0,1,0,0,1
"POINT (10.507688222000070 52.211410974000046)",Unfall 200723 (2020) Kat:3, Licht: 1,200723,3,7,0,12,15,4,0,1,1,0,0,0,0,1
"POINT (10.545173088000070 52.275147034000042)",Unfall 200725 (2020) Kat:3, Licht: 0,200725,3,3,5,12,15,4,0,0,1,0,0,0,0,0
"POINT (10.534701705000032 52.277529737000066)",Unfall 200726 (2020) Kat:3, Licht: 0,200726,3,3,5,12,13,4,0,0,0,1,0,0,0,0
"POINT (10.515815193000037 52.259816503000081)",Unfall 200729 (2020) Kat:2, Licht: 0,200729,2,2,6,12,13,4,0,0,0,1,1,0,0,0
"POINT (10.527413686000045 52.266688037000051)",Unfall 200745 (2020) Kat:3, Licht: 0,200745,3,5,3,12,11,7,0,0,0,1,0,0,0,0
"POINT (10.439728355000057 52.273307135000039)",Unfall 200792 (2020) Kat:2, Licht: 2,200792,2,7,0,12,17,3,1,2,1,0,0,0,0,0
"POINT (10.531994782000027 52.258094635000077)",Unfall 200793 (2020) Kat:3, Licht: 0,200793,3,3,0,12,13,3,1,0,1,1,0,0,0,0
"POINT (10.563838562000058 52.286763730000075)",Unfall 200795 (2020) Kat:3, Licht: 0,200795,3,4,6,12,11,3,0,0,0,1,1,0,0,0
"POINT (10.528118056000039 52.268699725000033)",Unfall 200798 (2020) Kat:2, Licht: 0,200798,2,2,3,12,09,3,1,0,1,1,0,0,0,0
"POINT (10.478710375000048 52.248198318000050)",Unfall 200826 (2020) Kat:3, Licht: 2,200826,3,1,0,12,22,3,1,2,0,0,0,0,0,1
"POINT (10.447985794000033 52.267675572000030)",Unfall 200877 (2020) Kat:3, Licht: 2,200877,3,1,0,12,17,2,0,2,0,1,0,0,0,0
"POINT (10.511030642000037 52.245923194000056)",Unfall 201000 (2020) Kat:2, Licht: 0,201000,2,1,9,12,11,5,1,0,0,1,0,0,0,0
"POINT (10.617299676000073 52.302480572000036)",Unfall 7886 (2021) Kat:3, Licht: 0,7886,3,1,8,01,13,6,2,0,0,0,0,0,0,1
"POINT (10.576484871000048 52.251344650000078)",Unfall 8436 (2021) Kat:2, Licht: 2,8436,2,6,3,02,19,2,2,2,0,1,0,0,1,0
"POINT (10.527770102000034 52.236926523000079)",Unfall 8572 (2021) Kat:2, Licht: 0,8572,2,7,5,01,10,3,1,0,0,1,0,0,0,0
"POINT (10.542363405000060 52.313336536000065)",Unfall 8925 (2021) Kat:3, Licht: 0,8925,3,6,0,02,10,3,1,0,0,0,0,0,1,0
"POINT (10.492563563000033 52.209399922000046)",Unfall 9040 (2021) Kat:3, Licht: 0,9040,3,5,4,02,14,4,0,0,0,1,0,0,0,0
"POINT (10.588917366000032 52.311564575000034)",Unfall 9252 (2021) Kat:3, Licht: 0,9252,3,6,2,04,14,4,1,0,0,0,0,0,1,0
"POINT (10.594295463000037 52.318016410000041)",Unfall 9383 (2021) Kat:3, Licht: 0,9383,3,1,9,03,07,2,2,0,0,1,0,0,0,0
"POINT (10.587154436000048 52.317244369000036)",Unfall 9598 (2021) Kat:2, Licht: 1,9598,2,1,8,03,06,2,1,1,0,1,0,0,0,0
"POINT (10.512991316000068 52.273762453000074)",Unfall 9744 (2021) Kat:3, Licht: 0,9744,3,4,6,03,17,2,0,0,0,1,1,0,0,0
"POINT (10.489771856000061 52.211022999000079)",Unfall 9843 (2021) Kat:2, Licht: 0,9843,2,1,4,03,13,5,1,0,0,1,0,0,0,0
"POINT (10.495157580000068 52.253384922000066)",Unfall 9859 (2021) Kat:3, Licht: 0,9859,3,3,5,03,16,3,0,0,1,1,0,0,0,0
"POINT (10.597025559000031 52.295715087000076)",Unfall 9877 (2021) Kat:3, Licht: 0,9877,3,6,2,04,13,7,0,0,0,1,0,0,0,0
"POINT (10.449207091000062 52.262586813000041)",Unfall 10037 (2021) Kat:1, Licht: 0,10037,1,1,4,02,13,7,0,0,0,1,0,1,0,0
"POINT (10.510022255000024 52.273142386000075)",Unfall 10184 (2021) Kat:3, Licht: 0,10184,3,2,5,03,13,2,0,0,1,1,0,0,0,0
"POINT (10.507061359000033 52.272483947000069)",Unfall 10254 (2021) Kat:3, Licht: 0,10254,3,5,1,03,08,2,0,0,0,1,0,0,1,0
"POINT (10.532331964000036 52.313427340000032)",Unfall 10347 (2021) Kat:2, Licht: 0,10347,2,6,2,03,12,2,1,0,0,0,0,0,1,0
"POINT (10.536097771000072 52.241770208000048)",Unfall 10604 (2021) Kat:3, Licht: 0,10604,3,7,1,03,11,2,0,0,0,1,0,0,0,0
"POINT (10.458866454000031 52.261818831000028)",Unfall 10794 (2021) Kat:3, Licht: 0,10794,3,2,2,05,13,2,0,0,0,1,0,0,0,0
"POINT (10.519503990000032 52.279209280000032)",Unfall 11027 (2021) Kat:3, Licht: 0,11027,3,3,5,06,20,3,0,0,1,1,0,0,0,0
"POINT (10.529704047000052 52.232450347000054)",Unfall 11152 (2021) Kat:3, Licht: 0,11152,3,6,2,05,17,4,0,0,0,1,0,0,0,0
"POINT (10.509252153000034 52.308844701000055)",Unfall 11185 (2021) Kat:3, Licht: 2,11185,3,6,2,04,22,6,0,2,0,1,0,0,0,0
"POINT (10.458424360000038 52.306546155000035)",Unfall 11296 (2021) Kat:3, Licht: 2,11296,3,1,8,05,23,6,0,2,1,0,0,0,0,0
"POINT (10.528111075000027 52.342971336000062)",Unfall 11402 (2021) Kat:3, Licht: 0,11402,3,1,8,06,16,1,0,0,0,0,0,0,0,1
"POINT (10.533393278000062 52.215655888000072)",Unfall 11417 (2021) Kat:3, Licht: 0,11417,3,3,5,05,18,1,0,0,1,1,0,0,0,0
"POINT (10.505672865000065 52.231175006000058)",Unfall 11775 (2021) Kat:3, Licht: 0,11775,3,3,5,06,15,6,0,0,1,1,0,0,0,0
"POINT (10.521070930000064 52.275085824000030)",Unfall 11826 (2021) Kat:2, Licht: 0,11826,2,3,5,06,10,7,0,0,1,1,0,0,0,0
"POINT (10.560370035000062 52.225583751000045)",Unfall 12036 (2021) Kat:2, Licht: 0,12036,2,6,0,05,20,5,0,0,0,0,0,1,0,1
"POINT (10.560997389000022 52.218945881000081)",Unfall 12041 (2021) Kat:2, Licht: 0,12041,2,1,8,05,13,1,0,0,0,0,0,1,0,0
"POINT (10.478587055000048 52.300254590000065)",Unfall 12141 (2021) Kat:3, Licht: 0,12141,3,5,5,06,09,5,0,0,0,1,0,1,0,0
"POINT (10.506154649000052 52.246992400000067)",Unfall 12490 (2021) Kat:2, Licht: 1,12490,2,1,9,06,21,2,0,1,0,0,0,1,0,0
"POINT (10.602820030000032 52.310367163000080)",Unfall 13279 (2021) Kat:3, Licht: 0,13279,3,6,2,08,12,3,0,0,0,1,0,0,0,0
"POINT (10.477803244000029 52.298867015000042)",Unfall 13529 (2021) Kat:3, Licht: 2,13529,3,1,4,07,21,6,1,2,0,1,0,0,0,0
"POINT (10.568507015000023 52.300900295000076)",Unfall 13630 (2021) Kat:2, Licht: 0,13630,2,3,5,09,10,3,0,0,0,1,0,1,0,0
"POINT (10.534535009000024 52.213230042000077)",Unfall 14043 (2021) Kat:2, Licht: 0,14043,2,6,2,07,07,7,0,0,0,1,0,0,0,0
"POINT (10.532663520000028 52.215458624000064)",Unfall 14367 (2021) Kat:3, Licht: 0,14367,3,7,0,09,09,3,0,0,1,0,0,0,0,0
"POINT (10.532998241000030 52.347158213000057)",Unfall 14417 (2021) Kat:2, Licht: 0,14417,2,7,7,07,13,6,1,0,0,1,0,0,1,0
"POINT (10.508874798000022 52.307549176000066)",Unfall 14464 (2021) Kat:3, Licht: 0,14464,3,1,8,06,21,1,0,0,0,1,0,0,0,0
"POINT (10.532302867000055 52.313427576000038)",Unfall 14515 (2021) Kat:3, Licht: 0,14515,3,6,2,08,09,3,0,0,0,1,0,0,1,0
"POINT (10.493536433000031 52.283199778000039)",Unfall 14624 (2021) Kat:3, Licht: 1,14624,3,6,9,08,05,2,1,1,0,1,0,0,1,0