WKT,Name,OBJECTID,UKATEGORIE,UTYP1,UART,UMONAT,USTUNDE,UWOCHENTAG,STRZUSTAND,ULICHTVERH,ISTRAD,ISTPKW,ISTFUSS,ISTKRAD,ISTGKFZ,ISTSONSTIG
"POINT (10.480096617000072 52.295586274000073)",Unfall 14656 (2021) Kat:3, Licht: 0,14656,3,1,8,07,13,3,1,0,0,1,0,0,0,0
"POINT (10.534161313000027 52.348296622000078)",Unfall 15153 (2021) Kat:3, Licht: 0,15153,3,6,2,08,12,4,0,0,0,1,0,0,0,0
"POINT (10.477475738000066 52.300689524000063)",Unfall 15432 (2021) Kat:2, Licht: 0,15432,2,1,8,09,12,1,1,0,0,1,0,0,0,0
"POINT (10.534769414000039 52.275380079000058)",Unfall 15516 (2021) Kat:3, Licht: 2,15516,3,2,5,06,22,7,0,2,0,1,0,1,0,0
"POINT (10.529234683000027 52.233388297000033)",Unfall 15942 (2021) Kat:3, Licht: 0,15942,3,6,2,07,14,3,0,0,0,1,0,0,0,0
"POINT (10.506264883000028 52.245720737000056)",Unfall 16077 (2021) Kat:2, Licht: 0,16077,2,1,8,08,11,5,1,0,0,0,0,1,0,0
"POINT (10.466688475000069 52.265717731000052)",Unfall 16386 (2021) Kat:3, Licht: 0,16386,3,7,3,06,17,6,0,0,0,1,0,1,0,0
"POINT (10.521439143000066 52.314025231000073)",Unfall 16618 (2021) Kat:3, Licht: 0,16618,3,6,2,09,18,1,0,0,0,1,0,0,0,1
"POINT (10.522697933000074 52.236888898000075)",Unfall 16684 (2021) Kat:3, Licht: 0,16684,3,6,3,08,06,5,0,0,0,1,0,0,1,0
"POINT (10.501392825000039 52.318338703000052)",Unfall 16809 (2021) Kat:2, Licht: 0,16809,2,6,2,08,08,3,0,0,0,0,0,0,1,0
"POINT (10.498781364000024 52.343000692000032)",Unfall 16905 (2021) Kat:3, Licht: 2,16905,3,7,7,07,22,4,1,2,0,0,0,1,0,0
"POINT (10.492317583000045 52.274865678000026)",Unfall 16925 (2021) Kat:3, Licht: 0,16925,3,6,2,08,17,2,1,0,0,1,0,0,0,0
"POINT (10.491073541000048 52.283335518000058)",Unfall 16986 (2021) Kat:3, Licht: 0,16986,3,6,2,06,14,2,0,0,0,1,0,0,0,0
"POINT (10.596826371000077 52.282323423000037)",Unfall 17048 (2021) Kat:2, Licht: 2,17048,2,1,9,08,20,1,1,2,0,1,0,0,0,0
"POINT (10.583733655000060 52.311831337000058)",Unfall 17111 (2021) Kat:3, Licht: 1,17111,3,1,8,08,05,2,1,1,0,1,0,0,0,0
"POINT (10.456141382000055 52.228041627000039)",Unfall 17413 (2021) Kat:3, Licht: 1,17413,3,7,8,09,19,4,0,1,1,0,0,0,0,0
"POINT (10.498164517000021 52.319115964000048)",Unfall 17453 (2021) Kat:2, Licht: 0,17453,2,6,2,08,08,3,0,0,0,0,0,0,1,0
"POINT (10.497091017000059 52.251037564000058)",Unfall 17584 (2021) Kat:3, Licht: 0,17584,3,6,2,08,11,3,0,0,0,1,0,0,0,0
"POINT (10.501370936000058 52.281108702000040)",Unfall 17768 (2021) Kat:3, Licht: 0,17768,3,1,8,09,08,3,1,0,0,0,0,1,0,0
"POINT (10.515857508000067 52.314898190000065)",Unfall 17816 (2021) Kat:3, Licht: 0,17816,3,6,2,09,08,5,0,0,0,1,0,0,0,0
"POINT (10.509723097000062 52.242895126000064)",Unfall 17872 (2021) Kat:3, Licht: 0,17872,3,1,0,10,07,2,1,0,0,0,0,1,0,0
"POINT (10.503281464000054 52.317714469000066)",Unfall 18077 (2021) Kat:3, Licht: 0,18077,3,6,3,09,08,2,0,0,0,1,0,0,0,0
"POINT (10.584540023000045 52.344609549000040)",Unfall 18089 (2021) Kat:2, Licht: 2,18089,2,6,4,09,20,4,1,2,0,1,0,0,0,0
"POINT (10.525424254000029 52.330268743000033)",Unfall 18368 (2021) Kat:3, Licht: 0,18368,3,6,3,10,13,6,0,0,0,1,0,0,0,0
"POINT (10.510593509000046 52.219242894000047)",Unfall 18384 (2021) Kat:3, Licht: 0,18384,3,6,2,10,12,7,0,0,0,1,0,0,0,1
"POINT (10.488916777000043 52.268503345000056)",Unfall 18387 (2021) Kat:3, Licht: 0,18387,3,6,2,10,16,2,0,0,0,1,0,0,0,0
"POINT (10.530783675000066 52.230352644000050)",Unfall 18844 (2021) Kat:3, Licht: 0,18844,3,6,2,09,15,1,0,0,0,1,0,0,0,0
"POINT (10.489966805000051 52.272754020000036)",Unfall 19038 (2021) Kat:3, Licht: 2,19038,3,6,2,10,06,3,1,2,0,1,0,0,0,0
"POINT (10.477291635000029 52.299705377000066)",Unfall 19191 (2021) Kat:3, Licht: 0,19191,3,6,4,10,13,7,0,0,0,1,0,0,0,0
"POINT (10.601769013000023 52.308556798000041)",Unfall 19268 (2021) Kat:3, Licht: 0,19268,3,1,8,11,15,7,1,0,0,1,0,0,0,0
"POINT (10.532359073000066 52.225511138000059)",Unfall 19531 (2021) Kat:3, Licht: 0,19531,3,1,8,11,14,4,1,0,0,1,0,0,0,0
"POINT (10.505834520000064 52.247610162000058)",Unfall 19646 (2021) Kat:3, Licht: 0,19646,3,6,2,10,14,3,0,0,0,1,0,0,0,0
"POINT (10.490195895000056 52.283521805000078)",Unfall 19864 (2021) Kat:3, Licht: 2,19864,3,1,9,10,19,5,1,2,0,1,0,0,0,0
"POINT (10.521082698000043 52.317443976000050)",Unfall 19889 (2021) Kat:3, Licht: 1,19889,3,6,3,11,16,2,0,1,0,1,0,0,0,0
"POINT (10.494826364000062 52.207865730000037)",Unfall 19975 (2021) Kat:3, Licht: 0,19975,3,3,5,10,15,7,0,0,0,1,0,0,0,0
"POINT (10.516516681000041 52.274497394000036)",Unfall 20129 (2021) Kat:3, Licht: 2,20129,3,6,4,12,16,4,1,2,1,0,0,0,0,0
"POINT (10.456722722000052 52.295200468000075)",Unfall 20195 (2021) Kat:2, Licht: 0,20195,2,7,9,11,10,6,0,0,0,1,0,0,0,0
"POINT (10.504761577000068 52.277326167000069)",Unfall 20208 (2021) Kat:3, Licht: 1,20208,3,7,6,11,17,6,1,1,0,1,1,0,0,0
"POINT (10.529208035000067 52.250832293000030)",Unfall 20394 (2021) Kat:3, Licht: 0,20394,3,2,2,11,07,3,0,0,0,1,0,0,0,0
"POINT (10.542867222000041 52.263063135000039)",Unfall 20727 (2021) Kat:3, Licht: 0,20727,3,6,2,10,08,6,1,0,0,1,0,0,0,1
"POINT (10.490472335000049 52.282939924000061)",Unfall 20738 (2021) Kat:3, Licht: 0,20738,3,1,0,10,09,5,1,0,0,0,0,1,0,0
"POINT (10.466731828000036 52.265742811000052)",Unfall 20751 (2021) Kat:3, Licht: 0,20751,3,6,4,11,12,6,0,0,0,1,0,0,0,1
"POINT (10.522627198000066 52.327204093000034)",Unfall 20904 (2021) Kat:3, Licht: 2,20904,3,1,0,11,18,5,1,2,0,0,0,1,0,0
"POINT (10.518805109000027 52.282793730000037)",Unfall 21010 (2021) Kat:3, Licht: 2,21010,3,6,3,11,17,2,0,2,0,1,0,0,1,0
"POINT (10.519909433000066 52.313872756000080)",Unfall 21478 (2021) Kat:3, Licht: 0,21478,3,1,8,11,08,6,1,0,0,1,0,0,0,0
"POINT (10.618991610000023 52.309751117000076)",Unfall 23264 (2021) Kat:3, Licht: 0,23264,3,6,2,12,13,6,1,0,0,1,0,0,1,0
"POINT (10.490586900000039 52.281820786000026)",Unfall 23475 (2021) Kat:3, Licht: 0,23475,3,1,0,12,13,1,1,0,0,1,0,1,0,0
"POINT (10.508512853000070 52.199364524000032)",Unfall 24407 (2021) Kat:3, Licht: 2,24407,3,1,8,12,06,2,2,2,0,1,0,0,0,0
"POINT (10.529837884000074 52.232190314000036)",Unfall 24704 (2021) Kat:3, Licht: 0,24704,3,6,2,12,14,1,0,0,0,1,0,0,0,0
"POINT (10.564434737000056 52.285080958000037)",Unfall 140598 (2021) Kat:2, Licht: 0,140598,2,3,5,01,12,4,1,0,0,1,0,0,0,0
"POINT (10.545741022000072 52.303837794000060)",Unfall 140614 (2021) Kat:3, Licht: 0,140614,3,2,4,02,09,2,1,0,0,1,0,0,0,0
"POINT (10.536266787000045 52.234317773000043)",Unfall 140680 (2021) Kat:3, Licht: 2,140680,3,2,5,01,18,1,1,2,0,1,0,0,0,0
"POINT (10.508758190000037 52.255831190000038)",Unfall 140689 (2021) Kat:2, Licht: 2,140689,2,3,5,02,18,3,1,2,1,1,0,0,0,0
"POINT (10.486212816000034 52.273500184000056)",Unfall 140700 (2021) Kat:3, Licht: 2,140700,3,6,2,01,20,2,1,2,0,1,0,0,0,0
"POINT (10.517769075000047 52.297647380000058)",Unfall 140724 (2021) Kat:3, Licht: 2,140724,3,2,4,02,19,3,1,2,1,1,0,0,0,0
"POINT (10.504828084000053 52.257692236000082)",Unfall 140725 (2021) Kat:3, Licht: 2,140725,3,7,4,01,17,1,0,2,1,1,0,0,0,0
"POINT (10.524212414000033 52.271712949000062)",Unfall 140829 (2021) Kat:3, Licht: 0,140829,3,2,5,01,13,6,0,0,1,0,0,0,0,0
"POINT (10.519224599000040 52.279227662000039)",Unfall 140848 (2021) Kat:3, Licht: 0,140848,3,3,5,01,15,2,0,0,1,1,0,0,0,0
"POINT (10.519641940000042 52.275239525000075)",Unfall 140909 (2021) Kat:3, Licht: 2,140909,3,2,5,01,20,2,1,2,1,1,0,0,0,0
"POINT (10.527223009000068 52.286694856000054)",Unfall 140925 (2021) Kat:3, Licht: 0,140925,3,6,3,02,13,5,0,0,1,0,0,0,0,0
"POINT (10.518732642000032 52.281175602000076)",Unfall 140934 (2021) Kat:3, Licht: 2,140934,3,3,5,01,18,3,1,2,1,1,0,0,0,0
"POINT (10.500302340000076 52.253136533000031)",Unfall 140941 (2021) Kat:3, Licht: 0,140941,3,3,5,01,16,5,1,0,1,1,0,0,0,0
"POINT (10.511886966000077 52.262400470000046)",Unfall 140992 (2021) Kat:3, Licht: 0,140992,3,1,5,01,11,4,1,0,1,1,0,0,0,0
"POINT (10.463255875000073 52.287264649000065)",Unfall 140995 (2021) Kat:2, Licht: 2,140995,2,1,0,02,17,2,2,2,1,0,0,0,0,0
"POINT (10.536388653000074 52.234451710000030)",Unfall 141000 (2021) Kat:3, Licht: 0,141000,3,1,8,01,09,5,1,0,0,1,0,0,0,0
"POINT (10.549129460000074 52.255944098000043)",Unfall 141022 (2021) Kat:2, Licht: 2,141022,2,2,4,01,23,4,1,2,1,1,0,0,0,0
"POINT (10.544644021000067 52.275622588000033)",Unfall 141053 (2021) Kat:3, Licht: 0,141053,3,2,4,01,13,3,1,0,1,1,0,0,0,0
"POINT (10.504865936000044 52.266052713000079)",Unfall 141109 (2021) Kat:2, Licht: 0,141109,2,5,3,01,11,7,0,0,1,1,0,0,0,0
"POINT (10.498275382000031 52.278630388000067)",Unfall 141161 (2021) Kat:3, Licht: 0,141161,3,3,5,01,14,6,2,0,0,1,0,0,0,0
"POINT (10.507499635000045 52.245791831000076)",Unfall 141167 (2021) Kat:3, Licht: 0,141167,3,6,2,01,13,5,1,0,0,1,0,0,0,0
"POINT (10.524793303000024 52.213262062000069)",Unfall 141228 (2021) Kat:3, Licht: 0,141228,3,3,5,02,12,6,1,0,1,1,0,0,0,0
"POINT (10.564434737000056 52.285080958000037)",Unfall 141239 (2021) Kat:3, Licht: 0,141239,3,3,5,01,16,7,1,0,0,1,0,0,0,0
"POINT (10.488476080000055 52.237797190000038)",Unfall 141259 (2021) Kat:3, Licht: 2,141259,3,3,5,02,05,6,2,2,0,1,0,0,0,0
"POINT (10.528542575000074 52.275505087000056)",Unfall 141358 (2021) Kat:2, Licht: 2,141358,2,3,5,01,18,3,1,2,0,1,0,0,0,1
"POINT (10.496618189000060 52.282470256000067)",Unfall 141449 (2021) Kat:3, Licht: 0,141449,3,6,4,02,12,7,2,0,0,1,0,0,0,0
"POINT (10.523766967000029 52.268690897000056)",Unfall 141468 (2021) Kat:3, Licht: 0,141468,3,2,0,01,09,5,1,0,0,0,0,0,1,1
"POINT (10.525898308000023 52.229176775000042)",Unfall 141585 (2021) Kat:3, Licht: 0,141585,3,6,2,02,13,4,1,0,0,1,0,0,0,1
"POINT (10.516827675000059 52.291588889000082)",Unfall 141661 (2021) Kat:3, Licht: 0,141661,3,2,4,04,12,3,0,0,0,1,0,0,0,0
"POINT (10.533129738000071 52.265764785000044)",Unfall 141676 (2021) Kat:3, Licht: 0,141676,3,5,1,03,16,6,0,0,1,1,0,0,0,0
"POINT (10.508446659000072 52.253652575000046)",Unfall 141682 (2021) Kat:2, Licht: 0,141682,2,2,0,03,15,6,0,0,1,1,0,0,0,0
"POINT (10.515230387000031 52.274158208000074)",Unfall 141686 (2021) Kat:3, Licht: 0,141686,3,3,5,03,14,6,0,0,0,1,0,0,0,0
"POINT (10.527148850000060 52.258662410000056)",Unfall 141692 (2021) Kat:2, Licht: 0,141692,2,7,2,03,14,6,0,0,0,1,0,0,0,0
"POINT (10.504710450000061 52.226922364000075)",Unfall 141699 (2021) Kat:3, Licht: 0,141699,3,6,6,02,15,6,0,0,1,0,1,0,0,0
"POINT (10.518353245000071 52.304661941000063)",Unfall 141719 (2021) Kat:3, Licht: 2,141719,3,2,5,04,21,6,0,2,0,1,0,0,0,1
"POINT (10.506129854000051 52.255404206000037)",Unfall 141733 (2021) Kat:3, Licht: 0,141733,3,4,6,03,15,6,0,0,0,1,1,0,0,0
"POINT (10.514872567000054 52.261195494000049)",Unfall 141775 (2021) Kat:2, Licht: 0,141775,2,3,5,04,07,4,0,0,1,1,0,0,0,0
"POINT (10.538839745000075 52.253219253000054)",Unfall 141780 (2021) Kat:2, Licht: 2,141780,2,3,5,03,18,5,1,2,1,0,0,0,0,1
"POINT (10.517224715000054 52.297591598000054)",Unfall 141794 (2021) Kat:3, Licht: 0,141794,3,3,5,03,15,2,0,0,0,1,0,0,0,1
"POINT (10.525021254000023 52.266960470000072)",Unfall 141797 (2021) Kat:3, Licht: 2,141797,3,6,6,02,20,5,1,2,1,0,1,0,0,0
"POINT (10.513230302000068 52.267475697000066)",Unfall 141804 (2021) Kat:3, Licht: 0,141804,3,2,5,04,09,6,0,0,1,1,0,0,0,0
"POINT (10.517376362000050 52.248794011000030)",Unfall 141810 (2021) Kat:2, Licht: 2,141810,2,1,8,04,23,2,0,2,0,0,0,1,0,0
"POINT (10.528707534000034 52.258364171000039)",Unfall 141813 (2021) Kat:2, Licht: 0,141813,2,6,3,02,15,6,0,0,0,1,0,0,0,0
"POINT (10.564151066000022 52.254219609000074)",Unfall 141819 (2021) Kat:2, Licht: 0,141819,2,2,4,04,15,5,0,0,1,1,0,0,0,0
"POINT (10.526246953000054 52.255392004000043)",Unfall 141879 (2021) Kat:3, Licht: 0,141879,3,5,1,03,10,3,0,0,1,1,0,0,0,0
"POINT (10.537934848000077 52.310521000000051)",Unfall 141904 (2021) Kat:3, Licht: 0,141904,3,3,5,02,06,2,0,0,1,0,0,0,1,0
"POINT (10.481816064000043 52.257877570000062)",Unfall 141967 (2021) Kat:2, Licht: 2,141967,2,1,9,03,22,4,0,2,0,1,0,0,0,0
"POINT (10.481563751000067 52.270941217000029)",Unfall 141970 (2021) Kat:3, Licht: 0,141970,3,6,2,04,16,3,1,0,0,1,0,0,0,0
"POINT (10.566419906000021 52.236369377000074)",Unfall 142009 (2021) Kat:3, Licht: 0,142009,3,3,5,02,14,5,1,0,0,1,0,0,0,1
"POINT (10.540054048000059 52.273298727000054)",Unfall 142041 (2021) Kat:3, Licht: 0,142041,3,3,0,02,14,5,0,0,1,0,0,0,0,0
"POINT (10.534792147000076 52.260432294000054)",Unfall 142066 (2021) Kat:3, Licht: 2,142066,3,5,1,03,01,4,0,2,1,1,0,0,0,0
"POINT (10.564470789000040 52.285085440000046)",Unfall 142082 (2021) Kat:3, Licht: 0,142082,3,1,0,02,13,2,0,0,1,0,0,0,0,0
"POINT (10.517614761000061 52.260516319000033)",Unfall 142104 (2021) Kat:3, Licht: 0,142104,3,5,3,02,14,6,0,0,1,1,0,0,0,0
"POINT (10.511161928000035 52.246271083000067)",Unfall 142133 (2021) Kat:3, Licht: 0,142133,3,6,2,03,14,5,0,0,0,1,0,0,0,0
"POINT (10.555005370000060 52.292236581000054)",Unfall 142139 (2021) Kat:3, Licht: 0,142139,3,7,4,02,12,7,0,0,1,0,0,0,0,1
"POINT (10.481171417000041 52.232896707000066)",Unfall 142154 (2021) Kat:2, Licht: 0,142154,2,2,6,03,06,6,0,0,0,1,1,0,0,0
"POINT (10.540839558000073 52.295881407000081)",Unfall 142172 (2021) Kat:3, Licht: 0,142172,3,2,2,04,14,3,1,0,0,1,0,0,0,0
"POINT (10.508071345000076 52.258437511000068)",Unfall 142173 (2021) Kat:3, Licht: 0,142173,3,3,5,03,16,3,0,0,1,1,0,0,0,0
"POINT (10.613077876000034 52.281216066000070)",Unfall 142206 (2021) Kat:3, Licht: 0,142206,3,2,5,04,17,5,0,0,0,1,0,0,0,1
"POINT (10.511347363000027 52.262489759000061)",Unfall 142225 (2021) Kat:3, Licht: 2,142225,3,3,5,03,20,3,0,2,1,0,0,0,0,1
"POINT (10.500334966000025 52.268931614000053)",Unfall 142249 (2021) Kat:3, Licht: 2,142249,3,6,2,02,19,6,0,2,0,1,0,0,0,0
"POINT (10.504850520000048 52.260738725000067)",Unfall 142255 (2021) Kat:3, Licht: 0,142255,3,4,6,04,18,2,0,0,0,1,1,0,0,0
"POINT (10.526950668000040 52.259652172000074)",Unfall 142258 (2021) Kat:3, Licht: 0,142258,3,1,1,02,11,5,0,0,0,1,0,0,0,0
"POINT (10.558366449000061 52.235106043000030)",Unfall 142269 (2021) Kat:3, Licht: 0,142269,3,4,6,04,15,3,0,0,0,1,1,0,0,0
"POINT (10.512654774000055 52.216136719000076)",Unfall 142282 (2021) Kat:3, Licht: 0,142282,3,3,5,03,08,2,0,0,1,1,0,0,0,0
"POINT (10.530220293000070 52.214827575000072)",Unfall 142305 (2021) Kat:3, Licht: 0,142305,3,3,5,02,14,4,0,0,0,1,0,0,0,1
"POINT (10.530034441000055 52.269277104000082)",Unfall 142344 (2021) Kat:2, Licht: 0,142344,2,2,4,02,11,6,0,0,1,0,0,0,0,0
"POINT (10.519952514000067 52.298263630000065)",Unfall 142373 (2021) Kat:2, Licht: 0,142373,2,4,6,03,16,5,0,0,0,1,1,0,0,0
"POINT (10.515880579000054 52.259785714000031)",Unfall 142394 (2021) Kat:3, Licht: 0,142394,3,3,5,03,11,6,0,0,1,1,0,0,0,0
"POINT (10.480031880000070 52.241116983000040)",Unfall 142396 (2021) Kat:3, Licht: 1,142396,3,4,6,02,17,4,0,1,0,1,1,0,0,0
"POINT (10.503739002000032 52.258191921000048)",Unfall 142449 (2021) Kat:3, Licht: 0,142449,3,6,3,02,10,6,0,0,0,1,0,0,1,0
"POINT (10.514647834000073 52.266942395000058)",Unfall 142460 (2021) Kat:3, Licht: 0,142460,3,3,0,03,18,2,0,0,0,1,0,0,0,1
"POINT (10.515968686000065 52.304415563000077)",Unfall 142463 (2021) Kat:3, Licht: 0,142463,3,3,5,04,09,5,0,0,0,1,0,0,0,0
"POINT (10.511162452000065 52.248456047000047)",Unfall 142472 (2021) Kat:3, Licht: 2,142472,3,3,5,04,22,2,1,2,0,1,0,0,0,0
"POINT (10.576104175000069 52.283683525000072)",Unfall 142490 (2021) Kat:3, Licht: 0,142490,3,6,2,02,16,6,0,0,0,1,0,0,0,0
"POINT (10.503604471000074 52.258067793000066)",Unfall 142507 (2021) Kat:3, Licht: 0,142507,3,3,5,04,07,3,1,0,1,1,0,0,0,0
"POINT (10.526590274000057 52.284431645000041)",Unfall 142511 (2021) Kat:3, Licht: 0,142511,3,5,4,03,13,5,1,0,1,1,0,0,0,0
"POINT (10.476868694000075 52.241845895000040)",Unfall 142534 (2021) Kat:3, Licht: 0,142534,3,2,5,04,17,5,0,0,0,1,1,0,0,0
"POINT (10.538207091000061 52.253855609000027)",Unfall 142547 (2021) Kat:3, Licht: 2,142547,3,2,5,03,19,5,1,2,1,1,0,0,0,0
"POINT (10.517273988000056 52.260318847000065)",Unfall 142569 (2021) Kat:3, Licht: 0,142569,3,4,6,03,17,7,0,0,1,0,1,0,0,0
"POINT (10.503735442000050 52.225075226000058)",Unfall 142577 (2021) Kat:3, Licht: 0,142577,3,2,4,03,15,5,0,0,0,1,0,0,0,0
"POINT (10.530203955000047 52.214850613000067)",Unfall 142580 (2021) Kat:2, Licht: 0,142580,2,2,5,04,13,7,0,0,1,1,0,0,0,0
"POINT (10.527728024000055 52.265487961000076)",Unfall 142657 (2021) Kat:3, Licht: 2,142657,3,3,5,04,22,2,0,2,1,1,0,0,0,0
"POINT (10.488151994000077 52.237709808000034)",Unfall 142659 (2021) Kat:3, Licht: 0,142659,3,3,5,03,08,6,0,0,0,1,0,0,0,1
"POINT (10.526283466000052 52.255273499000054)",Unfall 142661 (2021) Kat:3, Licht: 0,142661,3,3,5,02,16,4,0,0,0,0,0,0,0,1
"POINT (10.576104175000069 52.283683525000072)",Unfall 142668 (2021) Kat:3, Licht: 0,142668,3,7,1,03,09,2,0,0,0,1,0,1,0,0
"POINT (10.517459613000028 52.248611512000082)",Unfall 142695 (2021) Kat:3, Licht: 0,142695,3,6,2,03,07,5,1,0,0,1,0,0,0,0
"POINT (10.494062876000044 52.270941661000052)",Unfall 142697 (2021) Kat:3, Licht: 2,142697,3,3,0,02,05,4,0,2,0,1,0,1,0,0
"POINT (10.562951945000066 52.264560313000061)",Unfall 142716 (2021) Kat:3, Licht: 0,142716,3,3,5,05,17,3,0,0,1,0,0,0,0,0
"POINT (10.507461151000030 52.245785206000050)",Unfall 142725 (2021) Kat:3, Licht: 0,142725,3,1,0,05,19,2,1,0,0,0,0,1,0,1
"POINT (10.544250473000034 52.257866385000057)",Unfall 142760 (2021) Kat:3, Licht: 0,142760,3,3,5,05,18,4,1,0,0,1,0,0,0,0
"POINT (10.511668976000067 52.273396437000031)",Unfall 142764 (2021) Kat:3, Licht: 0,142764,3,3,5,05,16,6,0,0,1,0,0,0,0,1
"POINT (10.529422647000047 52.265678980000075)",Unfall 142787 (2021) Kat:3, Licht: 0,142787,3,4,6,05,11,7,0,0,1,0,1,0,0,0
"POINT (10.502910754000027 52.260613673000080)",Unfall 142812 (2021) Kat:3, Licht: 0,142812,3,6,2,05,14,4,0,0,1,1,0,0,0,0
"POINT (10.530118009000034 52.269298267000067)",Unfall 142834 (2021) Kat:3, Licht: 0,142834,3,3,5,05,15,7,0,0,1,1,0,0,0,0
"POINT (10.548221265000052 52.268167522000056)",Unfall 142835 (2021) Kat:3, Licht: 0,142835,3,7,4,05,20,5,1,0,1,1,0,0,0,0
"POINT (10.534122136000065 52.263004043000080)",Unfall 142869 (2021) Kat:3, Licht: 0,142869,3,3,5,05,17,5,0,0,0,1,0,0,0,0
"POINT (10.604007598000067 52.311897582000029)",Unfall 142914 (2021) Kat:3, Licht: 0,142914,3,4,6,05,10,4,0,0,0,1,1,0,0,0
"POINT (10.545309356000075 52.259287785000026)",Unfall 142933 (2021) Kat:3, Licht: 0,142933,3,4,0,04,09,2,0,0,1,0,1,0,0,0
"POINT (10.489380293000067 52.244899142000065)",Unfall 143013 (2021) Kat:2, Licht: 2,143013,2,1,9,05,03,7,0,2,0,1,0,0,0,0
"POINT (10.528783262000047 52.285988326000052)",Unfall 143025 (2021) Kat:3, Licht: 0,143025,3,6,4,06,15,3,0,0,1,0,0,1,0,0
"POINT (10.525435383000058 52.322064406000038)",Unfall 143029 (2021) Kat:3, Licht: 0,143029,3,3,5,06,07,5,0,0,1,1,0,0,0,0
"POINT (10.462047986000073 52.308159755000077)",Unfall 143067 (2021) Kat:3, Licht: 0,143067,3,2,2,05,11,7,0,0,0,1,0,0,0,1
"POINT (10.518188596000073 52.261344508000036)",Unfall 143087 (2021) Kat:2, Licht: 0,143087,2,4,6,06,11,4,0,0,0,1,1,0,0,0
"POINT (10.512697478000064 52.216152315000045)",Unfall 143108 (2021) Kat:3, Licht: 0,143108,3,3,5,05,15,2,0,0,1,1,0,0,0,0
"POINT (10.523232747000066 52.264503594000075)",Unfall 143164 (2021) Kat:2, Licht: 2,143164,2,1,0,06,23,6,0,2,1,0,0,0,0,0
"POINT (10.509850911000058 52.241796175000047)",Unfall 143168 (2021) Kat:3, Licht: 0,143168,3,1,9,05,16,2,0,0,0,1,0,0,1,0
"POINT (10.542835309000054 52.262914261000049)",Unfall 143202 (2021) Kat:3, Licht: 0,143202,3,2,3,05,16,2,0,0,0,1,0,0,0,1
"POINT (10.502910754000027 52.260613673000080)",Unfall 143204 (2021) Kat:3, Licht: 0,143204,3,2,4,05,11,4,0,0,0,1,0,0,0,0
"POINT (10.540786633000039 52.303008021000039)",Unfall 143254 (2021) Kat:3, Licht: 0,143254,3,3,5,05,14,6,0,0,0,1,0,0,0,0
"POINT (10.518864657000051 52.291779705000067)",Unfall 143273 (2021) Kat:3, Licht: 0,143273,3,3,5,05,07,2,0,0,0,1,0,0,0,0
"POINT (10.519750107000050 52.264983724000047)",Unfall 143310 (2021) Kat:3, Licht: 0,143310,3,3,5,06,08,3,0,0,1,1,0,0,0,0
"POINT (10.498903195000025 52.260625759000050)",Unfall 143348 (2021) Kat:2, Licht: 0,143348,2,3,5,05,06,5,0,0,1,0,0,0,0,1
"POINT (10.566620947000047 52.234746527000027)",Unfall 143402 (2021) Kat:3, Licht: 0,143402,3,2,2,04,17,3,0,0,1,1,0,0,0,0
"POINT (10.572206743000038 52.275969284000041)",Unfall 143435 (2021) Kat:3, Licht: 0,143435,3,5,0,05,08,4,1,0,1,1,0,0,0,0
"POINT (10.556995514000050 52.325583521000055)",Unfall 143477 (2021) Kat:2, Licht: 0,143477,2,7,0,05,14,5,0,0,1,0,0,0,0,0
"POINT (10.518267895000065 52.261939508000069)",Unfall 143483 (2021) Kat:3, Licht: 0,143483,3,3,5,05,16,3,1,0,1,1,0,0,0,0
"POINT (10.525815923000039 52.275560068000061)",Unfall 143526 (2021) Kat:3, Licht: 0,143526,3,2,5,05,09,2,0,0,1,1,0,0,0,0
"POINT (10.502277292000031 52.262082995000071)",Unfall 143541 (2021) Kat:3, Licht: 2,143541,3,6,2,05,22,6,0,2,0,1,0,0,0,0
"POINT (10.536802185000056 52.237364544000059)",Unfall 143558 (2021) Kat:2, Licht: 0,143558,2,4,6,04,12,3,0,0,0,0,1,0,0,1
"POINT (10.486187432000065 52.273562678000076)",Unfall 143589 (2021) Kat:3, Licht: 0,143589,3,3,5,05,10,6,1,0,0,1,0,0,0,0
"POINT (10.502862628000059 52.254560814000058)",Unfall 143615 (2021) Kat:3, Licht: 0,143615,3,2,5,06,18,4,0,0,0,1,0,0,0,0
"POINT (10.515693303000035 52.305725756000072)",Unfall 143632 (2021) Kat:3, Licht: 0,143632,3,3,5,05,07,2,0,0,1,1,0,0,0,0
"POINT (10.537574997000036 52.263496517000078)",Unfall 143644 (2021) Kat:3, Licht: 2,143644,3,6,0,05,22,7,0,2,1,0,0,0,0,0
"POINT (10.529312884000035 52.216094015000067)",Unfall 143651 (2021) Kat:3, Licht: 0,143651,3,2,4,05,17,4,0,0,0,1,0,0,0,0
"POINT (10.502207884000029 52.219252178000033)",Unfall 143667 (2021) Kat:3, Licht: 0,143667,3,2,3,06,16,4,0,0,1,0,0,0,0,1
"POINT (10.454117538000048 52.237714277000066)",Unfall 143679 (2021) Kat:3, Licht: 0,143679,3,5,1,05,06,7,0,0,0,1,0,0,0,0
"POINT (10.536252885000067 52.288523690000034)",Unfall 143710 (2021) Kat:2, Licht: 0,143710,2,7,0,06,15,5,0,0,1,0,1,0,0,0
"POINT (10.541999955000051 52.264628276000053)",Unfall 143715 (2021) Kat:3, Licht: 1,143715,3,1,0,05,20,1,0,1,1,0,0,0,0,0