WKT,Name,OBJECTID,UKATEGORIE,UTYP1,UART,UMONAT,USTUNDE,UWOCHENTAG,STRZUSTAND,ULICHTVERH,ISTRAD,ISTPKW,ISTFUSS,ISTKRAD,ISTGKFZ,ISTSONSTIG
"POINT (10.524768043000051 52.296569631000068)",Unfall 147830 (2021) Kat:2, Licht: 0,147830,2,6,0,10,13,1,0,0,1,0,0,0,0,0
"POINT (10.519715940000026 52.278925355000069)",Unfall 147841 (2021) Kat:3, Licht: 0,147841,3,3,5,09,16,7,0,0,1,1,0,0,0,0
"POINT (10.525493359000052 52.266311377000079)",Unfall 147883 (2021) Kat:3, Licht: 0,147883,3,4,6,09,11,4,0,0,0,1,1,0,0,0
"POINT (10.461065044000065 52.282983151000053)",Unfall 147946 (2021) Kat:2, Licht: 0,147946,2,2,5,09,09,4,0,0,1,1,0,0,0,0
"POINT (10.531404586000065 52.287421495000046)",Unfall 147978 (2021) Kat:3, Licht: 1,147978,3,3,5,10,07,3,1,1,1,1,0,0,0,0
"POINT (10.515405174000023 52.260785748000046)",Unfall 147985 (2021) Kat:3, Licht: 0,147985,3,3,5,10,10,5,0,0,1,1,0,0,0,0
"POINT (10.527475168000024 52.281390921000082)",Unfall 147995 (2021) Kat:3, Licht: 2,147995,3,3,5,10,06,4,1,2,0,1,0,0,0,0
"POINT (10.533009743000036 52.256906980000053)",Unfall 147997 (2021) Kat:3, Licht: 2,147997,3,2,2,09,20,2,0,2,0,1,0,1,0,0
"POINT (10.524699497000029 52.273351933000072)",Unfall 148017 (2021) Kat:3, Licht: 0,148017,3,6,2,09,10,5,0,0,0,1,0,1,0,0
"POINT (10.532716514000072 52.261184764000063)",Unfall 148060 (2021) Kat:3, Licht: 0,148060,3,7,0,10,18,1,0,0,1,0,0,0,0,0
"POINT (10.516850719000047 52.266612645000066)",Unfall 148068 (2021) Kat:2, Licht: 0,148068,2,3,5,10,17,6,0,0,1,0,0,0,0,1
"POINT (10.481352830000048 52.272384644000056)",Unfall 148083 (2021) Kat:3, Licht: 0,148083,3,3,5,10,16,2,0,0,1,1,0,0,0,0
"POINT (10.521030663000033 52.259336102000077)",Unfall 148086 (2021) Kat:3, Licht: 0,148086,3,2,5,10,16,5,1,0,0,1,0,0,0,1
"POINT (10.525545593000061 52.265162683000028)",Unfall 148089 (2021) Kat:3, Licht: 0,148089,3,5,5,11,09,1,1,0,0,0,0,0,0,1
"POINT (10.500908857000070 52.269760514000041)",Unfall 148093 (2021) Kat:3, Licht: 2,148093,3,6,2,11,17,4,1,2,0,1,0,0,0,0
"POINT (10.593820359000063 52.290723618000072)",Unfall 148098 (2021) Kat:3, Licht: 0,148098,3,7,9,11,12,6,1,0,0,1,0,0,0,0
"POINT (10.511135302000071 52.249729685000034)",Unfall 148100 (2021) Kat:3, Licht: 1,148100,3,2,2,10,07,2,0,1,0,1,0,0,1,0
"POINT (10.507871249000061 52.234241513000029)",Unfall 148105 (2021) Kat:3, Licht: 0,148105,3,6,3,10,11,7,0,0,0,1,0,0,0,0
"POINT (10.504160866000063 52.266204861000062)",Unfall 148158 (2021) Kat:3, Licht: 0,148158,3,3,5,10,09,7,0,0,1,0,0,0,0,1
"POINT (10.528546045000041 52.296086189000050)",Unfall 148198 (2021) Kat:3, Licht: 1,148198,3,3,5,11,16,2,0,1,1,1,0,0,0,0
"POINT (10.511611823000067 52.273479582000050)",Unfall 148237 (2021) Kat:3, Licht: 0,148237,3,2,4,10,17,6,0,0,0,1,0,0,0,0
"POINT (10.514214956000046 52.265989366000042)",Unfall 148290 (2021) Kat:3, Licht: 0,148290,3,2,2,11,10,1,1,0,0,1,0,0,0,0
"POINT (10.510829728000033 52.268622559000050)",Unfall 148303 (2021) Kat:3, Licht: 1,148303,3,3,5,11,16,4,1,1,1,1,0,0,0,0
"POINT (10.517135229000075 52.257680152000034)",Unfall 148314 (2021) Kat:3, Licht: 0,148314,3,7,9,10,17,4,0,0,0,1,0,0,0,0
"POINT (10.502910754000027 52.260613673000080)",Unfall 148357 (2021) Kat:3, Licht: 0,148357,3,3,5,11,15,6,0,0,0,1,0,0,0,0
"POINT (10.574323796000044 52.288737463000075)",Unfall 148372 (2021) Kat:3, Licht: 0,148372,3,1,8,11,12,5,1,0,0,1,0,0,0,0
"POINT (10.511030642000037 52.245923194000056)",Unfall 148391 (2021) Kat:3, Licht: 0,148391,3,3,5,10,12,7,0,0,0,1,0,0,0,0
"POINT (10.519607988000075 52.227592090000030)",Unfall 148449 (2021) Kat:1, Licht: 0,148449,1,2,4,10,11,2,0,0,1,1,0,0,0,0
"POINT (10.461385500000063 52.305258223000067)",Unfall 148490 (2021) Kat:3, Licht: 0,148490,3,2,5,10,08,1,0,0,1,1,0,0,0,0
"POINT (10.534578288000034 52.270635270000071)",Unfall 148499 (2021) Kat:3, Licht: 0,148499,3,1,0,10,15,6,1,0,1,0,0,0,0,0
"POINT (10.548339229000021 52.264708147000078)",Unfall 148504 (2021) Kat:3, Licht: 1,148504,3,5,1,11,16,4,1,1,1,1,0,0,0,0
"POINT (10.437024577000045 52.269626769000070)",Unfall 148520 (2021) Kat:3, Licht: 0,148520,3,3,5,10,17,4,1,0,0,1,0,0,0,1
"POINT (10.502142490000040 52.219438874000048)",Unfall 148532 (2021) Kat:3, Licht: 0,148532,3,6,2,11,14,6,1,0,0,1,0,0,0,0
"POINT (10.526134149000029 52.259981845000027)",Unfall 148556 (2021) Kat:3, Licht: 0,148556,3,2,5,10,10,2,0,0,1,1,0,0,0,0
"POINT (10.517466881000075 52.297613419000072)",Unfall 148569 (2021) Kat:3, Licht: 2,148569,3,1,0,10,21,4,1,2,1,1,0,0,0,0
"POINT (10.547035844000050 52.302476408000075)",Unfall 148608 (2021) Kat:3, Licht: 1,148608,3,1,0,11,07,6,1,1,1,0,0,0,0,0
"POINT (10.503530264000062 52.279725942000027)",Unfall 148645 (2021) Kat:3, Licht: 0,148645,3,2,4,11,11,6,1,0,0,1,0,0,0,0
"POINT (10.532175941000048 52.228328387000033)",Unfall 148654 (2021) Kat:3, Licht: 2,148654,3,7,9,11,17,5,1,2,0,1,0,0,0,0
"POINT (10.527364883000075 52.266852067000059)",Unfall 148665 (2021) Kat:3, Licht: 0,148665,3,5,3,11,15,5,0,0,0,1,0,0,0,0
"POINT (10.490370696000070 52.310169899000073)",Unfall 148700 (2021) Kat:3, Licht: 2,148700,3,2,4,11,16,5,1,2,0,1,0,0,0,0
"POINT (10.535853673000076 52.242273506000060)",Unfall 148718 (2021) Kat:3, Licht: 0,148718,3,2,3,10,10,3,0,0,1,1,0,0,0,0
"POINT (10.551860004000048 52.260660923000046)",Unfall 148738 (2021) Kat:3, Licht: 2,148738,3,7,8,11,06,6,1,2,1,1,0,0,0,0
"POINT (10.524629448000042 52.267491099000040)",Unfall 148788 (2021) Kat:3, Licht: 0,148788,3,2,2,10,11,2,0,0,1,0,0,0,0,0
"POINT (10.546414791000075 52.267672349000065)",Unfall 148822 (2021) Kat:3, Licht: 2,148822,3,4,0,10,19,7,0,2,0,1,1,0,0,0
"POINT (10.520018744000026 52.314626980000071)",Unfall 148827 (2021) Kat:3, Licht: 0,148827,3,1,8,11,14,5,1,0,0,1,0,0,0,0
"POINT (10.521700851000048 52.266645737000033)",Unfall 148832 (2021) Kat:3, Licht: 2,148832,3,3,5,10,21,6,0,2,0,1,0,0,0,1
"POINT (10.520311521000053 52.277719806000050)",Unfall 148863 (2021) Kat:3, Licht: 0,148863,3,7,2,10,12,4,0,0,0,0,0,0,0,1
"POINT (10.522935728000050 52.258619835000047)",Unfall 148876 (2021) Kat:3, Licht: 2,148876,3,4,0,10,19,2,0,2,0,1,1,0,0,0
"POINT (10.510111030000076 52.273061084000062)",Unfall 148888 (2021) Kat:3, Licht: 2,148888,3,3,5,10,20,5,0,2,0,1,0,0,0,1
"POINT (10.472970263000036 52.244066887000031)",Unfall 148890 (2021) Kat:3, Licht: 0,148890,3,7,1,10,10,6,0,0,0,1,0,0,1,0
"POINT (10.482720906000054 52.279016473000070)",Unfall 148897 (2021) Kat:3, Licht: 0,148897,3,3,5,11,15,6,0,0,1,1,0,0,0,0
"POINT (10.515693303000035 52.305725756000072)",Unfall 148901 (2021) Kat:3, Licht: 0,148901,3,2,4,11,13,3,0,0,1,0,0,1,0,0
"POINT (10.491461397000023 52.309832294000046)",Unfall 148908 (2021) Kat:3, Licht: 0,148908,3,3,5,11,07,4,0,0,1,1,0,0,0,0
"POINT (10.508230564000030 52.235067342000036)",Unfall 148923 (2021) Kat:3, Licht: 2,148923,3,6,2,11,17,3,0,2,0,1,0,0,0,0
"POINT (10.513648406000073 52.264242080000031)",Unfall 148967 (2021) Kat:3, Licht: 0,148967,3,4,6,11,13,2,0,0,0,1,1,0,0,0
"POINT (10.520785234000073 52.259903530000031)",Unfall 148978 (2021) Kat:3, Licht: 2,148978,3,7,6,11,01,1,0,2,0,1,1,0,0,0
"POINT (10.540405806000024 52.264171314000066)",Unfall 149017 (2021) Kat:3, Licht: 0,149017,3,2,5,10,07,2,0,0,1,0,0,0,1,0
"POINT (10.516609149000033 52.260026536000055)",Unfall 149079 (2021) Kat:3, Licht: 0,149079,3,3,5,11,11,7,0,0,1,1,0,0,0,0
"POINT (10.537692282000023 52.271335974000067)",Unfall 149091 (2021) Kat:3, Licht: 2,149091,3,1,9,10,23,2,0,2,0,1,0,0,0,0
"POINT (10.540276320000032 52.272838708000052)",Unfall 149160 (2021) Kat:3, Licht: 2,149160,3,7,2,11,18,2,1,2,1,1,0,0,0,0
"POINT (10.504415470000026 52.246861695000064)",Unfall 149195 (2021) Kat:3, Licht: 0,149195,3,6,4,12,13,2,0,0,0,0,0,1,0,1
"POINT (10.573812276000069 52.308750224000050)",Unfall 149227 (2021) Kat:2, Licht: 0,149227,2,4,6,11,08,4,0,0,0,1,1,0,0,0
"POINT (10.543095624000046 52.274452022000048)",Unfall 149284 (2021) Kat:3, Licht: 0,149284,3,3,5,12,08,7,0,0,1,1,0,0,0,0
"POINT (10.516790658000048 52.266495124000073)",Unfall 149311 (2021) Kat:3, Licht: 0,149311,3,1,1,12,13,6,1,0,1,1,0,0,0,0
"POINT (10.517530305000037 52.264898422000044)",Unfall 149335 (2021) Kat:3, Licht: 2,149335,3,2,3,11,19,4,0,2,1,1,0,0,0,0
"POINT (10.534349837000036 52.254610852000042)",Unfall 149347 (2021) Kat:3, Licht: 0,149347,3,3,0,12,12,4,0,0,0,1,0,1,0,0
"POINT (10.539946554000039 52.268014550000032)",Unfall 149386 (2021) Kat:3, Licht: 1,149386,3,2,5,11,17,5,1,1,1,1,0,0,0,0
"POINT (10.515149664000035 52.274314301000061)",Unfall 149391 (2021) Kat:3, Licht: 0,149391,3,2,5,12,14,4,1,0,1,0,0,0,0,1
"POINT (10.532394520000025 52.269907640000042)",Unfall 149420 (2021) Kat:2, Licht: 0,149420,2,6,3,12,16,2,0,0,1,0,0,0,0,0
"POINT (10.526188167000043 52.262531850000073)",Unfall 149423 (2021) Kat:3, Licht: 2,149423,3,2,0,11,18,5,0,2,1,1,0,0,0,0
"POINT (10.532014105000030 52.229280870000082)",Unfall 149439 (2021) Kat:3, Licht: 1,149439,3,6,6,11,15,5,0,1,1,0,1,0,0,0
"POINT (10.525528772000030 52.265158492000069)",Unfall 149442 (2021) Kat:3, Licht: 0,149442,3,4,6,12,11,3,0,0,0,1,1,0,0,0
"POINT (10.475006104000045 52.252828161000082)",Unfall 149455 (2021) Kat:3, Licht: 1,149455,3,3,1,12,07,6,1,1,1,0,0,0,0,1
"POINT (10.538052479000044 52.310559654000031)",Unfall 149475 (2021) Kat:3, Licht: 0,149475,3,3,5,12,13,4,0,0,0,1,0,0,0,1
"POINT (10.544530673000054 52.287838019000048)",Unfall 149476 (2021) Kat:3, Licht: 2,149476,3,6,6,11,18,5,0,2,1,0,1,0,0,0
"POINT (10.525280038000062 52.288421205000077)",Unfall 149538 (2021) Kat:3, Licht: 0,149538,3,2,0,12,13,1,1,0,0,1,0,1,0,0
"POINT (10.577658121000070 52.282728476000045)",Unfall 149543 (2021) Kat:3, Licht: 0,149543,3,2,6,11,11,6,1,0,0,1,1,0,0,0
"POINT (10.526188167000043 52.262531850000073)",Unfall 149579 (2021) Kat:2, Licht: 2,149579,2,1,0,12,00,1,2,2,1,0,0,0,0,0
"POINT (10.514287517000071 52.265139151000028)",Unfall 149581 (2021) Kat:3, Licht: 0,149581,3,6,3,11,15,7,0,0,0,1,0,0,0,0
"POINT (10.537215859000071 52.272284158000048)",Unfall 149704 (2021) Kat:3, Licht: 1,149704,3,3,5,11,07,3,0,1,0,1,0,0,0,0
"POINT (10.532288799000071 52.266284969000026)",Unfall 149708 (2021) Kat:3, Licht: 0,149708,3,5,1,12,10,3,0,0,1,1,0,0,0,0
"POINT (10.526143549000039 52.265222219000066)",Unfall 149717 (2021) Kat:3, Licht: 0,149717,3,2,5,12,14,4,0,0,1,1,0,0,0,0
"POINT (10.527779436000060 52.269113768000068)",Unfall 149771 (2021) Kat:3, Licht: 0,149771,3,3,5,12,09,3,1,0,1,1,0,0,0,0
"POINT (10.534898501000043 52.260391039000069)",Unfall 149774 (2021) Kat:3, Licht: 0,149774,3,7,0,12,13,5,1,0,1,0,0,0,0,0
"POINT (10.466176925000070 52.305423704000077)",Unfall 149781 (2021) Kat:3, Licht: 0,149781,3,6,3,12,13,1,0,0,0,1,0,0,0,0
"POINT (10.510834884000076 52.268626530000063)",Unfall 149802 (2021) Kat:3, Licht: 2,149802,3,2,3,11,22,4,1,2,1,1,0,0,0,0
"POINT (10.540204725000024 52.320638435000035)",Unfall 149881 (2021) Kat:3, Licht: 2,149881,3,6,4,12,18,5,0,2,0,1,0,0,0,0
"POINT (10.514415602000042 52.261759411000071)",Unfall 149914 (2021) Kat:3, Licht: 0,149914,3,5,1,11,08,2,1,0,0,1,0,0,1,0
"POINT (10.526869345000023 52.287802957000054)",Unfall 149918 (2021) Kat:3, Licht: 0,149918,3,2,5,12,14,2,1,0,1,0,0,0,0,1
"POINT (10.533197449000056 52.236596255000052)",Unfall 149921 (2021) Kat:3, Licht: 0,149921,3,6,2,12,14,1,0,0,0,1,0,0,0,0
"POINT (10.526197510000031 52.265322439000045)",Unfall 149939 (2021) Kat:3, Licht: 2,149939,3,3,5,12,17,4,1,2,0,1,0,0,0,1
"POINT (10.515936694000061 52.317894478000028)",Unfall 149949 (2021) Kat:2, Licht: 2,149949,2,2,4,12,19,6,1,2,0,1,0,0,0,0
"POINT (10.482521477000034 52.239546407000034)",Unfall 149985 (2021) Kat:3, Licht: 0,149985,3,3,5,11,13,2,0,0,1,1,0,0,0,0
"POINT (10.486895948000040 52.246906443000057)",Unfall 149993 (2021) Kat:3, Licht: 0,149993,3,3,5,12,10,7,1,0,1,1,0,0,0,0
"POINT (10.549319826000044 52.256076725000071)",Unfall 150004 (2021) Kat:3, Licht: 0,150004,3,6,3,12,14,4,1,0,0,1,0,0,1,0
"POINT (10.508218906000025 52.258472768000047)",Unfall 150013 (2021) Kat:3, Licht: 0,150013,3,5,0,12,11,5,1,0,1,1,0,0,0,0
"POINT (10.531620323000027 52.263357534000079)",Unfall 150022 (2021) Kat:3, Licht: 0,150022,3,2,5,12,14,5,1,0,1,1,0,0,0,0
"POINT (10.522367698000039 52.259077961000060)",Unfall 150025 (2021) Kat:2, Licht: 2,150025,2,3,5,11,19,4,1,2,0,1,0,1,0,0
"POINT (10.547563584000045 52.264232649000064)",Unfall 150030 (2021) Kat:3, Licht: 2,150030,3,5,1,12,23,6,0,2,0,1,0,0,0,1
"POINT (10.511390196000036 52.248495425000044)",Unfall 150069 (2021) Kat:3, Licht: 2,150069,3,3,5,12,20,1,1,2,0,1,0,0,0,1
"POINT (10.524700887000051 52.261716138000054)",Unfall 150072 (2021) Kat:3, Licht: 2,150072,3,7,5,11,17,5,0,2,1,1,0,0,0,0
"POINT (10.511030642000037 52.245923194000056)",Unfall 150080 (2021) Kat:2, Licht: 2,150080,2,6,4,12,17,6,0,2,1,0,0,0,0,0
"POINT (10.525823765000041 52.276009951000049)",Unfall 150084 (2021) Kat:3, Licht: 1,150084,3,2,5,11,15,3,1,1,0,1,0,0,0,0
"POINT (10.507493582000052 52.271789545000047)",Unfall 150114 (2021) Kat:3, Licht: 0,150114,3,6,2,12,13,5,1,0,0,1,0,0,0,0
"POINT (10.502862628000059 52.254560814000058)",Unfall 150125 (2021) Kat:2, Licht: 2,150125,2,4,0,11,20,4,0,2,0,0,1,0,0,1
"POINT (10.511319012000058 52.248483117000035)",Unfall 150133 (2021) Kat:3, Licht: 1,150133,3,2,4,12,07,6,1,1,0,1,0,0,0,0
"POINT (10.526173062000055 52.265092382000034)",Unfall 150146 (2021) Kat:3, Licht: 0,150146,3,1,9,11,07,5,0,0,1,0,0,0,0,0
"POINT (10.503564346000076 52.271642858000064)",Unfall 150173 (2021) Kat:2, Licht: 2,150173,2,6,3,11,16,6,0,2,0,1,0,1,0,0
"POINT (10.536711631000060 52.273969879000049)",Unfall 150179 (2021) Kat:3, Licht: 2,150179,3,3,5,11,21,3,1,2,1,1,0,0,0,0
"POINT (10.522809094000024 52.261473130000070)",Unfall 150181 (2021) Kat:3, Licht: 0,150181,3,7,7,11,13,7,1,0,1,0,0,0,0,0
"POINT (10.541102842000043 52.265985225000065)",Unfall 150183 (2021) Kat:2, Licht: 0,150183,2,2,6,12,12,3,0,0,0,1,1,0,0,0
"POINT (10.595814987000040 52.290029943000036)",Unfall 150196 (2021) Kat:2, Licht: 2,150196,2,2,6,11,18,2,1,2,0,1,1,0,0,0
"POINT (10.462768487000062 52.263542339000026)",Unfall 233657 (2021) Kat:3, Licht: 0,233657,3,7,0,05,08,7,0,0,1,0,0,0,0,1
"POINT (10.497962487000052 52.267959276000056)",Unfall 233700 (2021) Kat:3, Licht: 0,233700,3,5,0,06,16,4,0,0,1,0,0,0,0,1
"POINT (10.533853230000034 52.252244201000053)",Unfall 233705 (2021) Kat:3, Licht: 0,233705,3,3,5,06,10,6,0,0,1,1,0,0,0,0
"POINT (10.566201915000022 52.266455725000071)",Unfall 233769 (2021) Kat:3, Licht: 0,233769,3,6,4,07,16,1,0,0,1,0,0,1,0,0
"POINT (10.518642208000074 52.282149210000057)",Unfall 233793 (2021) Kat:2, Licht: 0,233793,2,1,0,08,08,2,0,0,1,0,0,0,0,0
"POINT (10.569291060000069 52.308339136000029)",Unfall 233811 (2021) Kat:2, Licht: 0,233811,2,1,0,08,18,4,0,0,1,0,0,0,0,0
"POINT (10.553822866000075 52.264969027000063)",Unfall 233820 (2021) Kat:3, Licht: 0,233820,3,2,4,09,07,5,0,0,1,0,0,0,0,1
"POINT (10.520171025000025 52.253066214000057)",Unfall 233836 (2021) Kat:3, Licht: 0,233836,3,6,6,09,17,6,1,0,1,0,1,0,0,0
"POINT (10.554408215000024 52.261928796000063)",Unfall 233838 (2021) Kat:3, Licht: 0,233838,3,7,0,09,13,3,0,0,1,0,0,0,0,1
"POINT (10.514333323000074 52.259058958000026)",Unfall 233899 (2021) Kat:2, Licht: 0,233899,2,2,0,11,11,2,1,0,1,0,0,0,0,0
"POINT (10.566024569000035 52.245047288000080)",Unfall 233900 (2021) Kat:3, Licht: 0,233900,3,7,0,11,08,4,0,0,1,0,0,0,0,1
"POINT (10.488153065000063 52.231365990000029)",Unfall 233908 (2021) Kat:3, Licht: 2,233908,3,2,5,11,19,7,0,2,1,1,0,0,0,0
"POINT (10.551909693000027 52.264276954000081)",Unfall 233920 (2021) Kat:3, Licht: 0,233920,3,4,6,12,08,3,0,0,1,0,1,0,0,0
"POINT (10.556824042000100 52.313204620000100)",Unfall 7837 (2022) Kat:3, Licht: 0,7837,3,6,3,02,09,3,0,0,0,0,0,0,1,0
"POINT (10.529234683000000 52.233388296999998)",Unfall 7845 (2022) Kat:3, Licht: 2,7845,3,6,2,01,07,2,1,2,0,1,0,0,0,0
"POINT (10.524854927000000 52.329999629000000)",Unfall 8056 (2022) Kat:3, Licht: 2,8056,3,6,2,01,18,6,0,2,0,1,0,0,0,0
"POINT (10.492313029000099 52.273488831000101)",Unfall 8173 (2022) Kat:3, Licht: 0,8173,3,6,2,02,13,6,0,0,0,1,0,0,0,0
"POINT (10.502369256000099 52.318102892000098)",Unfall 8179 (2022) Kat:2, Licht: 0,8179,2,6,2,02,11,2,0,0,0,1,0,0,1,0
"POINT (10.561723147000100 52.289556040000001)",Unfall 9175 (2022) Kat:2, Licht: 2,9175,2,1,5,01,07,5,2,2,1,1,0,0,0,0
"POINT (10.509548040000000 52.306705843000003)",Unfall 9275 (2022) Kat:3, Licht: 0,9275,3,1,9,01,09,1,0,0,0,1,0,0,0,0
"POINT (10.479853433000100 52.297335066000102)",Unfall 9343 (2022) Kat:3, Licht: 2,9343,3,7,8,01,20,1,1,2,0,1,0,0,0,0
"POINT (10.590707552000000 52.318011933000001)",Unfall 9516 (2022) Kat:3, Licht: 2,9516,3,1,8,01,22,6,1,2,0,1,0,0,0,0
"POINT (10.517922080000099 52.235954858000099)",Unfall 9580 (2022) Kat:3, Licht: 0,9580,3,6,2,02,15,3,0,0,0,1,0,0,0,0
"POINT (10.496888328000100 52.319257005000097)",Unfall 9627 (2022) Kat:2, Licht: 2,9627,2,1,8,03,01,3,0,2,0,0,0,0,1,0
"POINT (10.511495633999999 52.235028230000097)",Unfall 9796 (2022) Kat:3, Licht: 0,9796,3,1,9,02,14,3,0,0,0,0,0,1,0,0
"POINT (10.546309358000000 52.257377282000000)",Unfall 9866 (2022) Kat:3, Licht: 0,9866,3,6,2,03,14,6,0,0,0,1,0,0,0,0
"POINT (10.569278097000099 52.308435519000099)",Unfall 9962 (2022) Kat:3, Licht: 0,9962,3,7,0,02,07,2,0,0,0,1,0,0,0,0
"POINT (10.451282253000000 52.260171666000097)",Unfall 10071 (2022) Kat:2, Licht: 0,10071,2,6,3,02,14,4,0,0,1,0,0,0,0,0
"POINT (10.508604467000101 52.309155706000098)",Unfall 10122 (2022) Kat:3, Licht: 1,10122,3,2,2,02,17,4,0,1,0,1,0,0,0,1
"POINT (10.533131904000101 52.205879645000003)",Unfall 10236 (2022) Kat:3, Licht: 0,10236,3,6,2,02,10,2,0,0,0,1,0,0,1,0
"POINT (10.491228994000000 52.280119575000100)",Unfall 10636 (2022) Kat:3, Licht: 0,10636,3,7,9,02,16,6,1,0,0,1,0,0,0,0
"POINT (10.490870601999999 52.210341576000097)",Unfall 10709 (2022) Kat:3, Licht: 0,10709,3,6,2,03,17,3,0,0,0,1,0,0,0,0
"POINT (10.452794289000099 52.260448714000098)",Unfall 10730 (2022) Kat:2, Licht: 0,10730,2,7,3,02,15,2,0,0,0,0,0,1,0,1
"POINT (10.524307203999999 52.236983690999999)",Unfall 10873 (2022) Kat:3, Licht: 2,10873,3,6,2,02,17,1,0,2,0,1,0,0,0,0
"POINT (10.536263315999999 52.313395485999997)",Unfall 11087 (2022) Kat:3, Licht: 0,11087,3,6,3,04,12,3,0,0,0,1,0,0,1,0
"POINT (10.531078550000100 52.229783693000101)",Unfall 11146 (2022) Kat:2, Licht: 0,11146,2,6,3,04,13,2,1,0,0,1,0,0,0,0
"POINT (10.452794289000099 52.260448714000098)",Unfall 11319 (2022) Kat:3, Licht: 0,11319,3,3,5,04,14,4,0,0,1,0,0,1,0,0
"POINT (10.533751719000101 52.218107356000097)",Unfall 11437 (2022) Kat:3, Licht: 2,11437,3,6,2,05,04,5,0,2,0,1,0,0,0,0
"POINT (10.527794415000100 52.237681108000103)",Unfall 11529 (2022) Kat:3, Licht: 2,11529,3,6,4,04,03,2,0,2,0,1,0,0,0,1
"POINT (10.452366282000099 52.260367882000097)",Unfall 11552 (2022) Kat:2, Licht: 0,11552,2,6,2,05,12,5,0,0,0,1,0,0,0,0
"POINT (10.493784240000000 52.283611253000103)",Unfall 11561 (2022) Kat:3, Licht: 2,11561,3,1,8,03,21,5,0,2,0,1,0,0,0,0
"POINT (10.446485233000001 52.258774526000103)",Unfall 11760 (2022) Kat:1, Licht: 0,11760,1,1,8,04,19,7,0,0,0,0,0,1,0,0
"POINT (10.482272815000000 52.288585357000002)",Unfall 11930 (2022) Kat:3, Licht: 2,11930,3,7,0,04,20,6,0,2,0,1,0,0,1,0
"POINT (10.531251706999999 52.193421058000098)",Unfall 11960 (2022) Kat:2, Licht: 0,11960,2,6,3,03,08,4,0,0,1,0,0,0,0,0
"POINT (10.507347241000000 52.246309148000101)",Unfall 12339 (2022) Kat:3, Licht: 0,12339,3,6,2,03,14,6,0,0,0,1,0,0,0,0
"POINT (10.517837619000000 52.314532820000103)",Unfall 12865 (2022) Kat:3, Licht: 0,12865,3,6,2,05,13,4,0,0,0,1,0,0,0,0
"POINT (10.480827093000100 52.298879307000000)",Unfall 12934 (2022) Kat:3, Licht: 0,12934,3,3,5,05,16,1,0,0,1,0,0,0,0,1
"POINT (10.540043944000001 52.256771200999999)",Unfall 13759 (2022) Kat:3, Licht: 2,13759,3,3,5,04,21,3,1,2,0,1,0,0,0,0
"POINT (10.538668262000000 52.313372865000098)",Unfall 14049 (2022) Kat:3, Licht: 0,14049,3,6,2,06,17,2,1,0,0,1,0,0,0,0
"POINT (10.509508879000100 52.305276495999998)",Unfall 14104 (2022) Kat:3, Licht: 0,14104,3,6,2,07,11,4,0,0,0,1,0,0,0,1
"POINT (10.569902174999999 52.305374893000099)",Unfall 14148 (2022) Kat:3, Licht: 0,14148,3,3,5,06,13,5,0,0,0,1,0,0,0,0
"POINT (10.501502519000001 52.227516796000003)",Unfall 14366 (2022) Kat:3, Licht: 0,14366,3,6,2,05,15,6,0,0,0,1,0,0,0,0
"POINT (10.541998880000101 52.240198868000000)",Unfall 14740 (2022) Kat:3, Licht: 0,14740,3,6,3,08,15,4,0,0,0,1,0,0,1,0
"POINT (10.509888255000000 52.242982036000100)",Unfall 15042 (2022) Kat:3, Licht: 0,15042,3,6,3,08,14,2,0,0,0,1,0,0,1,0
"POINT (10.492292336000000 52.289995411000099)",Unfall 15090 (2022) Kat:3, Licht: 0,15090,3,7,2,07,09,3,0,0,0,1,0,0,1,0
"POINT (10.494456489000100 52.254171800000101)",Unfall 15178 (2022) Kat:2, Licht: 0,15178,2,1,9,08,09,2,1,0,0,1,0,0,0,0
"POINT (10.525440256000000 52.329954092999998)",Unfall 15278 (2022) Kat:3, Licht: 0,15278,3,7,7,07,12,2,0,0,0,0,0,0,1,1
"POINT (10.480937320000100 52.298907590000098)",Unfall 15422 (2022) Kat:3, Licht: 0,15422,3,3,5,05,14,1,0,0,0,1,0,0,0,1
"POINT (10.540574340999999 52.313354140000101)",Unfall 15495 (2022) Kat:3, Licht: 0,15495,3,6,2,08,08,3,0,0,0,1,0,0,1,0
"POINT (10.540845554000001 52.239632168000099)",Unfall 15763 (2022) Kat:3, Licht: 0,15763,3,1,8,07,15,4,0,0,0,1,0,0,0,0
"POINT (10.600914103999999 52.299110366000001)",Unfall 15787 (2022) Kat:3, Licht: 2,15787,3,7,3,07,22,6,0,2,0,1,0,1,0,0
"POINT (10.625195158000100 52.285447763000001)",Unfall 15959 (2022) Kat:2, Licht: 1,15959,2,7,0,06,21,4,0,1,0,0,0,1,0,0
"POINT (10.540166652000000 52.216813248000101)",Unfall 16018 (2022) Kat:3, Licht: 0,16018,3,7,0,08,17,3,0,0,1,0,0,0,0,0
"POINT (10.533723828000101 52.215732817999999)",Unfall 16034 (2022) Kat:3, Licht: 0,16034,3,1,0,07,19,7,0,0,0,0,0,0,0,1
"POINT (10.528922871000100 52.236898130000000)",Unfall 16227 (2022) Kat:3, Licht: 0,16227,3,6,3,06,17,4,0,0,0,1,0,0,1,0
"POINT (10.517818400000101 52.315159711000000)",Unfall 16515 (2022) Kat:3, Licht: 0,16515,3,1,8,06,06,3,0,0,0,1,0,0,0,0