WKT,Name,OBJECTID,UKATEGORIE,UTYP1,UART,UMONAT,USTUNDE,UWOCHENTAG,STRZUSTAND,ULICHTVERH,ISTRAD,ISTPKW,ISTFUSS,ISTKRAD,ISTGKFZ,ISTSONSTIG
"POINT (10.532097433000001 52.313429239000101)",Unfall 16610 (2022) Kat:3, Licht: 0,16610,3,6,2,06,14,1,0,0,0,1,0,0,0,0
"POINT (10.521792775000099 52.236898963000002)",Unfall 16943 (2022) Kat:3, Licht: 0,16943,3,6,3,07,10,2,0,0,0,1,0,0,1,0
"POINT (10.492271756999999 52.283733206000100)",Unfall 17146 (2022) Kat:2, Licht: 0,17146,2,1,9,08,17,5,1,0,0,0,0,1,0,0
"POINT (10.532399898000101 52.225273800000103)",Unfall 17347 (2022) Kat:1, Licht: 1,17347,1,7,7,07,04,1,0,1,0,0,0,1,0,0
"POINT (10.508667697000000 52.244966227000099)",Unfall 17631 (2022) Kat:3, Licht: 0,17631,3,6,2,06,13,6,0,0,0,1,0,0,0,0
"POINT (10.509425252000000 52.305082480000102)",Unfall 17633 (2022) Kat:3, Licht: 0,17633,3,1,8,06,08,1,0,0,0,1,0,0,0,0
"POINT (10.509715861000100 52.316161791000098)",Unfall 18201 (2022) Kat:3, Licht: 2,18201,3,6,2,08,22,1,0,2,0,1,0,0,1,0
"POINT (10.513935276000000 52.281623283999998)",Unfall 18336 (2022) Kat:3, Licht: 0,18336,3,6,2,09,07,2,0,0,0,1,0,0,0,0
"POINT (10.655113568000001 52.297393435000103)",Unfall 18499 (2022) Kat:3, Licht: 0,18499,3,7,0,09,17,2,0,0,0,0,0,1,0,0
"POINT (10.591931164000099 52.250629598000003)",Unfall 18902 (2022) Kat:2, Licht: 0,18902,2,2,3,08,17,5,1,0,1,1,0,0,0,0
"POINT (10.532924876999999 52.315698134000101)",Unfall 19123 (2022) Kat:2, Licht: 0,19123,2,3,5,08,19,6,0,0,0,1,0,0,0,1
"POINT (10.597505795000099 52.293342496999998)",Unfall 19215 (2022) Kat:3, Licht: 0,19215,3,6,2,09,15,2,0,0,0,1,0,1,0,0
"POINT (10.490452371000099 52.284635175000098)",Unfall 19507 (2022) Kat:3, Licht: 2,19507,3,6,3,09,23,5,0,2,0,1,0,0,0,0
"POINT (10.588578451000000 52.249012106000102)",Unfall 19556 (2022) Kat:2, Licht: 0,19556,2,6,2,10,08,4,0,0,0,1,0,0,0,0
"POINT (10.491534066000000 52.279478967000003)",Unfall 19827 (2022) Kat:2, Licht: 0,19827,2,6,2,11,15,3,0,0,0,1,0,0,1,0
"POINT (10.547643150000100 52.313289673000000)",Unfall 20093 (2022) Kat:3, Licht: 0,20093,3,6,2,11,10,3,0,0,0,1,0,0,1,0
"POINT (10.498571167000000 52.228226993000099)",Unfall 20128 (2022) Kat:3, Licht: 2,20128,3,1,9,10,01,7,1,2,0,1,0,0,0,0
"POINT (10.597206925000000 52.294264529000003)",Unfall 20139 (2022) Kat:3, Licht: 0,20139,3,6,2,11,11,5,0,0,0,1,0,0,0,0
"POINT (10.468946006000101 52.304423817000000)",Unfall 20168 (2022) Kat:3, Licht: 0,20168,3,6,2,09,15,4,0,0,0,1,0,0,0,0
"POINT (10.493306990000100 52.283526274000103)",Unfall 20339 (2022) Kat:3, Licht: 0,20339,3,1,9,09,14,3,1,0,0,1,0,0,0,0
"POINT (10.530023497000100 52.231829681000100)",Unfall 20445 (2022) Kat:3, Licht: 0,20445,3,6,2,10,11,5,0,0,0,1,0,0,0,0
"POINT (10.521180763000100 52.236633052999998)",Unfall 20489 (2022) Kat:3, Licht: 2,20489,3,6,2,11,18,4,0,2,0,1,0,0,0,0
"POINT (10.496030301000101 52.282710281999996)",Unfall 20547 (2022) Kat:3, Licht: 2,20547,3,1,8,10,00,2,1,2,0,1,0,0,0,0
"POINT (10.526899581000100 52.313558131000001)",Unfall 20636 (2022) Kat:3, Licht: 0,20636,3,6,3,10,13,3,0,0,0,1,0,0,1,1
"POINT (10.530860649999999 52.236754228000102)",Unfall 20654 (2022) Kat:3, Licht: 0,20654,3,3,5,10,14,3,0,0,0,1,0,0,1,0
"POINT (10.526114442000100 52.313603547000099)",Unfall 20665 (2022) Kat:2, Licht: 0,20665,2,6,2,09,11,4,0,0,0,1,0,0,1,1
"POINT (10.534248184999999 52.215024847000102)",Unfall 20991 (2022) Kat:2, Licht: 2,20991,2,1,8,10,21,1,1,2,0,1,0,0,0,0
"POINT (10.488283448000100 52.321327278000098)",Unfall 21096 (2022) Kat:3, Licht: 0,21096,3,6,2,09,14,4,0,0,0,1,0,0,1,0
"POINT (10.513723515000001 52.235013496000100)",Unfall 21205 (2022) Kat:3, Licht: 2,21205,3,1,9,09,20,6,0,2,0,1,0,0,0,0
"POINT (10.535866164000000 52.242062832999999)",Unfall 21213 (2022) Kat:3, Licht: 0,21213,3,6,2,09,18,4,0,0,0,1,0,0,0,0
"POINT (10.530151811000099 52.231580372000103)",Unfall 21261 (2022) Kat:3, Licht: 0,21261,3,6,2,09,15,6,0,0,0,1,0,0,0,0
"POINT (10.519725068000101 52.228239314000099)",Unfall 21409 (2022) Kat:3, Licht: 0,21409,3,6,2,09,16,5,0,0,0,1,0,0,0,0
"POINT (10.507957413000000 52.316753122000101)",Unfall 21576 (2022) Kat:2, Licht: 2,21576,2,6,3,11,17,2,0,2,0,1,0,0,1,0
"POINT (10.529893915000100 52.344363618000003)",Unfall 21637 (2022) Kat:3, Licht: 2,21637,3,6,2,09,20,7,1,2,0,1,0,0,0,0
"POINT (10.524428540000001 52.313726639999999)",Unfall 21730 (2022) Kat:3, Licht: 2,21730,3,1,8,09,00,4,1,2,0,1,0,0,0,1
"POINT (10.534357762000100 52.214352417999997)",Unfall 21985 (2022) Kat:3, Licht: 0,21985,3,6,2,12,12,3,0,0,0,1,0,0,0,0
"POINT (10.594699369000100 52.318009392000100)",Unfall 22073 (2022) Kat:2, Licht: 1,22073,2,2,3,12,16,5,1,1,1,1,0,0,0,0
"POINT (10.528771723000000 52.199671604000102)",Unfall 22238 (2022) Kat:2, Licht: 2,22238,2,1,9,12,22,6,1,2,0,1,0,0,0,0
"POINT (10.494610256000000 52.282881902000000)",Unfall 22409 (2022) Kat:3, Licht: 0,22409,3,1,8,12,09,4,1,0,0,1,0,0,0,0
"POINT (10.492330921000100 52.274243519000002)",Unfall 22575 (2022) Kat:3, Licht: 2,22575,3,6,2,11,17,4,1,2,0,1,0,0,0,0
"POINT (10.491916192000099 52.320453096999998)",Unfall 22657 (2022) Kat:3, Licht: 0,22657,3,1,8,12,15,7,1,0,0,1,0,0,0,0
"POINT (10.493316322000100 52.283528181000101)",Unfall 22722 (2022) Kat:3, Licht: 2,22722,3,1,0,12,17,6,1,2,0,1,0,0,0,0
"POINT (10.528574349000101 52.313495900000099)",Unfall 22728 (2022) Kat:3, Licht: 2,22728,3,6,2,11,06,3,0,2,0,1,0,0,0,0
"POINT (10.452773180000101 52.260444642000003)",Unfall 22732 (2022) Kat:2, Licht: 2,22732,2,3,5,12,16,3,0,2,1,1,0,0,0,0
"POINT (10.480808110000099 52.298892563000003)",Unfall 22807 (2022) Kat:3, Licht: 0,22807,3,3,5,11,15,3,0,0,1,1,0,0,0,0
"POINT (10.551252371000000 52.243285143000001)",Unfall 22858 (2022) Kat:3, Licht: 2,22858,3,7,8,11,22,2,0,2,0,1,0,0,0,0
"POINT (10.508926344000001 52.236860514000099)",Unfall 23119 (2022) Kat:3, Licht: 0,23119,3,6,2,11,13,5,0,0,0,1,0,0,0,0
"POINT (10.492985777000101 52.212594737000103)",Unfall 23288 (2022) Kat:3, Licht: 2,23288,3,1,9,11,17,6,0,2,0,1,0,0,0,0
"POINT (10.509745792000000 52.196336576000100)",Unfall 23471 (2022) Kat:3, Licht: 0,23471,3,1,9,11,08,1,2,0,0,1,0,0,0,0
"POINT (10.532289249000000 52.226822454000100)",Unfall 23503 (2022) Kat:3, Licht: 1,23503,3,6,2,11,06,6,0,1,0,1,0,1,0,0
"POINT (10.489496403000000 52.283496974999998)",Unfall 23519 (2022) Kat:3, Licht: 0,23519,3,1,8,12,10,5,1,0,0,1,0,0,0,0
"POINT (10.490703187000101 52.286911734000100)",Unfall 23521 (2022) Kat:3, Licht: 2,23521,3,6,2,12,16,2,2,2,0,1,0,0,0,0
"POINT (10.538426744000001 52.313219539000002)",Unfall 23529 (2022) Kat:2, Licht: 2,23529,2,7,8,12,23,5,1,2,0,1,0,0,1,0
"POINT (10.602185496000100 52.310261846000103)",Unfall 23596 (2022) Kat:3, Licht: 2,23596,3,6,2,12,17,1,1,2,0,1,0,0,0,0
"POINT (10.528678478000099 52.235750043000102)",Unfall 23837 (2022) Kat:3, Licht: 0,23837,3,1,9,12,12,5,1,0,0,0,0,0,0,1
"POINT (10.532225195000001 52.227130205000002)",Unfall 23868 (2022) Kat:3, Licht: 0,23868,3,6,2,11,13,4,1,0,0,1,0,0,1,0
"POINT (10.524271478000101 52.313838922000102)",Unfall 24065 (2022) Kat:3, Licht: 2,24065,3,7,0,12,06,7,1,2,0,1,0,0,1,0
"POINT (10.520224983000000 52.313859464000103)",Unfall 24072 (2022) Kat:2, Licht: 0,24072,2,1,9,11,11,5,1,0,0,0,0,0,0,1
"POINT (10.529131546000000 52.313477286000101)",Unfall 24274 (2022) Kat:3, Licht: 1,24274,3,6,0,11,07,3,0,1,0,1,0,0,1,0
"POINT (10.489755274000100 52.283627212000098)",Unfall 24436 (2022) Kat:3, Licht: 1,24436,3,1,0,11,16,4,1,1,0,0,0,1,0,0
"POINT (10.592810629000001 52.311089083000098)",Unfall 24500 (2022) Kat:3, Licht: 0,24500,3,6,3,12,08,6,0,0,0,1,0,0,0,1
"POINT (10.535799929000101 52.242267636000101)",Unfall 153974 (2022) Kat:3, Licht: 2,153974,3,2,6,01,17,6,0,2,0,1,1,0,0,0
"POINT (10.544037082999999 52.266851944999999)",Unfall 153992 (2022) Kat:3, Licht: 0,153992,3,3,5,02,10,6,0,0,1,1,0,0,0,0
"POINT (10.514610240000000 52.267249032999999)",Unfall 153993 (2022) Kat:3, Licht: 2,153993,3,2,6,01,19,4,1,2,0,1,1,0,0,0
"POINT (10.543062346000101 52.274392116999998)",Unfall 154008 (2022) Kat:3, Licht: 0,154008,3,2,4,01,12,5,1,0,1,1,0,0,0,0
"POINT (10.527166255000100 52.286843557000097)",Unfall 154098 (2022) Kat:3, Licht: 0,154098,3,2,5,01,13,4,1,0,1,1,0,0,0,0
"POINT (10.532912825000000 52.261112670000003)",Unfall 154116 (2022) Kat:2, Licht: 0,154116,2,1,0,01,10,4,0,0,1,0,0,0,0,0
"POINT (10.600153825000101 52.299656960999997)",Unfall 154118 (2022) Kat:3, Licht: 0,154118,3,3,5,02,09,2,1,0,1,1,0,0,0,0
"POINT (10.466169921000100 52.305414802000001)",Unfall 154121 (2022) Kat:3, Licht: 0,154121,3,6,2,01,15,7,0,0,0,1,0,0,0,0
"POINT (10.541340419000100 52.259065851999999)",Unfall 154125 (2022) Kat:3, Licht: 2,154125,3,2,6,02,01,1,1,2,0,1,1,0,0,0
"POINT (10.540906315000001 52.286510917999998)",Unfall 154140 (2022) Kat:3, Licht: 0,154140,3,7,5,01,13,7,0,0,0,1,0,0,0,0
"POINT (10.515962664000000 52.256568174999998)",Unfall 154204 (2022) Kat:3, Licht: 0,154204,3,3,0,01,14,4,0,0,1,1,0,0,0,0
"POINT (10.506224349000000 52.255163392999997)",Unfall 154240 (2022) Kat:3, Licht: 1,154240,3,2,4,01,07,3,1,1,0,1,0,0,0,0
"POINT (10.515693303000001 52.305725756000101)",Unfall 154260 (2022) Kat:3, Licht: 2,154260,3,2,5,01,06,6,1,2,0,1,0,0,0,1
"POINT (10.486611634999999 52.248739369000099)",Unfall 154417 (2022) Kat:2, Licht: 0,154417,2,1,6,01,16,3,0,0,0,0,1,0,0,1
"POINT (10.520594361000100 52.259968511000103)",Unfall 154431 (2022) Kat:3, Licht: 2,154431,3,5,1,01,06,7,1,2,1,1,0,0,0,0
"POINT (10.476332767000001 52.249105182999998)",Unfall 154440 (2022) Kat:3, Licht: 2,154440,3,1,1,01,18,5,2,2,0,1,0,0,0,0
"POINT (10.487355497000101 52.273334063000000)",Unfall 154443 (2022) Kat:3, Licht: 0,154443,3,3,5,01,09,2,1,0,0,1,0,0,0,0
"POINT (10.516226286000100 52.273257306000097)",Unfall 154457 (2022) Kat:3, Licht: 0,154457,3,4,6,01,13,6,1,0,0,1,1,0,0,0
"POINT (10.541425489000099 52.295781591000001)",Unfall 154467 (2022) Kat:2, Licht: 0,154467,2,5,1,02,14,3,0,0,1,1,0,0,0,0
"POINT (10.524788769000100 52.213274516000098)",Unfall 154494 (2022) Kat:2, Licht: 0,154494,2,4,6,01,14,5,1,0,0,1,1,0,0,0
"POINT (10.555370085000000 52.233191690000098)",Unfall 154523 (2022) Kat:3, Licht: 0,154523,3,7,0,01,10,7,0,0,0,1,0,0,0,0
"POINT (10.515711895000001 52.267636319000097)",Unfall 154544 (2022) Kat:3, Licht: 2,154544,3,7,2,01,19,5,0,2,1,1,0,0,0,0
"POINT (10.502942760000099 52.260488852000002)",Unfall 154556 (2022) Kat:3, Licht: 2,154556,3,2,5,01,22,4,1,2,0,1,0,0,0,1
"POINT (10.480915866000000 52.233703263000102)",Unfall 154676 (2022) Kat:3, Licht: 0,154676,3,7,1,01,08,3,1,0,0,1,0,0,0,0
"POINT (10.511030642000000 52.245923194000099)",Unfall 154684 (2022) Kat:3, Licht: 2,154684,3,2,5,01,19,5,1,2,0,1,0,0,0,0
"POINT (10.514529200000000 52.261982020000097)",Unfall 154688 (2022) Kat:3, Licht: 2,154688,3,2,5,01,18,2,1,2,0,1,0,0,0,1
"POINT (10.515660299000000 52.259763800000002)",Unfall 154693 (2022) Kat:3, Licht: 0,154693,3,2,3,01,15,4,1,0,1,1,0,0,0,0
"POINT (10.512595832000001 52.245905869000097)",Unfall 154781 (2022) Kat:3, Licht: 2,154781,3,2,5,02,21,6,1,2,0,1,0,0,0,0
"POINT (10.520098749000100 52.266433450000100)",Unfall 154801 (2022) Kat:3, Licht: 2,154801,3,1,0,01,02,1,0,2,0,0,0,0,0,1
"POINT (10.552801921000000 52.277526174000101)",Unfall 154805 (2022) Kat:3, Licht: 0,154805,3,7,2,01,14,6,0,0,0,1,0,0,0,0
"POINT (10.569762484000000 52.223078057000102)",Unfall 154809 (2022) Kat:3, Licht: 2,154809,3,1,1,01,18,1,1,2,0,1,0,0,0,1
"POINT (10.517075207000101 52.297579419999998)",Unfall 154812 (2022) Kat:3, Licht: 2,154812,3,6,2,01,00,6,2,2,0,1,0,0,1,0
"POINT (10.537198236000100 52.286828053000100)",Unfall 154819 (2022) Kat:2, Licht: 0,154819,2,1,7,02,13,3,1,0,0,1,0,1,0,0
"POINT (10.539425735000099 52.254328890000103)",Unfall 154826 (2022) Kat:3, Licht: 2,154826,3,7,0,01,18,5,2,2,0,0,0,1,0,0
"POINT (10.518503983000100 52.248810818000003)",Unfall 154843 (2022) Kat:3, Licht: 1,154843,3,1,8,01,16,7,1,1,0,0,0,1,0,0
"POINT (10.504905717000000 52.276849775000102)",Unfall 154874 (2022) Kat:3, Licht: 0,154874,3,3,5,01,13,5,1,0,0,1,0,0,0,1
"POINT (10.560756408000000 52.292541473000000)",Unfall 154882 (2022) Kat:3, Licht: 2,154882,3,2,5,01,05,4,0,2,1,0,0,0,0,1
"POINT (10.506664826000099 52.255137269999999)",Unfall 154893 (2022) Kat:3, Licht: 0,154893,3,2,4,01,10,3,0,0,0,1,0,0,0,1
"POINT (10.507612729000099 52.233688238000099)",Unfall 154904 (2022) Kat:3, Licht: 2,154904,3,6,2,02,17,4,1,2,0,1,0,0,0,0
"POINT (10.488884499999999 52.246163936000102)",Unfall 154911 (2022) Kat:3, Licht: 2,154911,3,2,5,02,17,7,0,2,0,1,0,0,0,0
"POINT (10.501027149000000 52.264149071000098)",Unfall 154920 (2022) Kat:3, Licht: 2,154920,3,2,6,02,18,6,1,2,0,1,1,0,0,0
"POINT (10.566262819000000 52.230656619000101)",Unfall 154924 (2022) Kat:3, Licht: 0,154924,3,3,5,01,11,1,1,0,1,1,0,0,0,0
"POINT (10.518054044000101 52.263093095999999)",Unfall 154935 (2022) Kat:2, Licht: 0,154935,2,4,6,01,15,3,0,0,1,0,1,0,0,0
"POINT (10.519869804000100 52.266445508000103)",Unfall 154956 (2022) Kat:3, Licht: 0,154956,3,2,2,02,08,2,1,0,0,1,0,0,0,0
"POINT (10.531496710000100 52.251187342999998)",Unfall 154972 (2022) Kat:3, Licht: 2,154972,3,2,6,01,19,7,0,2,0,1,1,0,0,0
"POINT (10.508461806000099 52.235598222000100)",Unfall 155017 (2022) Kat:3, Licht: 1,155017,3,6,2,01,08,5,0,1,0,1,0,0,0,0
"POINT (10.557045214000000 52.278685606000103)",Unfall 155021 (2022) Kat:3, Licht: 1,155021,3,4,6,01,08,2,1,1,0,1,1,0,0,0
"POINT (10.502796947000000 52.267509965000002)",Unfall 155045 (2022) Kat:3, Licht: 0,155045,3,5,3,01,09,5,1,0,1,1,0,0,0,0
"POINT (10.523721236000000 52.270913091000097)",Unfall 155149 (2022) Kat:3, Licht: 0,155149,3,1,0,03,18,4,0,0,0,0,0,1,0,0
"POINT (10.502164850000000 52.270946070000001)",Unfall 155154 (2022) Kat:2, Licht: 2,155154,2,4,6,02,18,6,1,2,0,1,1,0,0,0
"POINT (10.597535205000000 52.290280865000099)",Unfall 155170 (2022) Kat:3, Licht: 0,155170,3,2,5,03,12,3,0,0,1,0,0,0,0,1
"POINT (10.503665247000100 52.279767875000097)",Unfall 155200 (2022) Kat:3, Licht: 0,155200,3,2,5,02,15,6,1,0,0,1,0,0,0,0
"POINT (10.516679778000000 52.274510212999999)",Unfall 155223 (2022) Kat:3, Licht: 0,155223,3,6,2,02,09,4,1,0,0,1,0,0,0,0
"POINT (10.512815756000100 52.256412480999998)",Unfall 155316 (2022) Kat:3, Licht: 2,155316,3,3,5,02,18,4,1,2,1,1,0,0,0,0
"POINT (10.511204670000000 52.248463346999998)",Unfall 155326 (2022) Kat:3, Licht: 2,155326,3,3,5,02,19,1,0,2,0,1,0,0,0,0
"POINT (10.512595335000100 52.245808437000100)",Unfall 155341 (2022) Kat:3, Licht: 0,155341,3,2,5,03,07,5,0,0,1,1,0,0,0,0
"POINT (10.525061460000099 52.265025095000098)",Unfall 155355 (2022) Kat:3, Licht: 1,155355,3,7,0,02,17,5,0,1,0,1,0,1,0,0
"POINT (10.533785371000000 52.270282005000098)",Unfall 155357 (2022) Kat:3, Licht: 0,155357,3,6,6,02,15,7,0,0,1,0,1,0,0,0
"POINT (10.523436349000100 52.210864121000000)",Unfall 155358 (2022) Kat:3, Licht: 0,155358,3,3,5,03,08,2,0,0,1,1,0,0,0,0
"POINT (10.520953463000099 52.263428998999998)",Unfall 155372 (2022) Kat:3, Licht: 0,155372,3,7,6,03,14,3,0,0,1,0,1,0,0,0
"POINT (10.508446659000100 52.253652574999997)",Unfall 155393 (2022) Kat:3, Licht: 0,155393,3,7,3,02,16,4,1,0,0,1,0,0,0,0
"POINT (10.506121644000100 52.255244523000002)",Unfall 155409 (2022) Kat:3, Licht: 0,155409,3,6,2,03,09,5,0,0,0,1,0,0,0,0
"POINT (10.529190564000000 52.287654874000097)",Unfall 155415 (2022) Kat:3, Licht: 0,155415,3,2,5,03,16,3,0,0,1,1,0,0,0,0
"POINT (10.535443658000100 52.244946773000002)",Unfall 155468 (2022) Kat:3, Licht: 0,155468,3,1,0,03,16,4,0,0,1,0,0,0,0,0
"POINT (10.539627053000100 52.265572943999999)",Unfall 155492 (2022) Kat:3, Licht: 0,155492,3,3,5,02,12,3,0,0,1,0,0,0,0,0
"POINT (10.527022410000001 52.287924365999999)",Unfall 155496 (2022) Kat:3, Licht: 0,155496,3,2,3,02,10,4,1,0,1,0,0,0,1,0
"POINT (10.499989881999999 52.266934368000101)",Unfall 155504 (2022) Kat:2, Licht: 0,155504,2,3,5,03,14,4,0,0,1,1,0,0,0,0
"POINT (10.519766524000000 52.265567640000000)",Unfall 155521 (2022) Kat:3, Licht: 0,155521,3,3,5,03,08,2,1,0,1,1,0,0,0,0
"POINT (10.488571805999999 52.241125339000099)",Unfall 155530 (2022) Kat:3, Licht: 0,155530,3,2,5,03,17,3,0,0,0,1,0,0,0,0
"POINT (10.533220470000099 52.281690326000003)",Unfall 155567 (2022) Kat:3, Licht: 0,155567,3,6,2,02,12,5,0,0,0,1,0,0,0,0
"POINT (10.505739037000099 52.264285841000103)",Unfall 155653 (2022) Kat:3, Licht: 2,155653,3,5,0,03,18,3,0,2,1,1,0,0,0,0
"POINT (10.495888619000000 52.253991557000099)",Unfall 155658 (2022) Kat:3, Licht: 0,155658,3,2,5,03,14,7,0,0,1,1,0,0,0,0
"POINT (10.495672906999999 52.245026983999999)",Unfall 155697 (2022) Kat:3, Licht: 0,155697,3,4,6,03,16,4,0,0,0,1,1,0,0,0
"POINT (10.508598483000100 52.272830229000100)",Unfall 155744 (2022) Kat:3, Licht: 0,155744,3,2,2,02,14,2,0,0,0,1,0,0,0,0
"POINT (10.496163859999999 52.254091220000099)",Unfall 155750 (2022) Kat:2, Licht: 2,155750,2,4,6,02,21,5,0,2,0,0,1,0,0,1
"POINT (10.541917949000000 52.269574177999999)",Unfall 155777 (2022) Kat:3, Licht: 0,155777,3,5,1,03,17,2,0,0,1,1,0,0,0,0
"POINT (10.485092693000100 52.231759160000102)",Unfall 155817 (2022) Kat:3, Licht: 2,155817,3,3,5,02,00,1,0,2,0,1,0,0,0,0
"POINT (10.531028214000100 52.265750758000102)",Unfall 155851 (2022) Kat:3, Licht: 2,155851,3,7,0,02,18,2,0,2,0,0,0,0,0,1
"POINT (10.536968859000099 52.272795107000000)",Unfall 155865 (2022) Kat:3, Licht: 0,155865,3,3,5,02,11,5,0,0,1,0,0,0,0,1
"POINT (10.517805082000100 52.257940270000098)",Unfall 155888 (2022) Kat:2, Licht: 0,155888,2,3,5,02,14,4,0,0,1,1,0,0,0,0
"POINT (10.510334447000000 52.252203391000101)",Unfall 155895 (2022) Kat:3, Licht: 2,155895,3,2,5,02,21,5,1,2,0,1,0,0,0,0
"POINT (10.525463032000101 52.260467013000003)",Unfall 155900 (2022) Kat:3, Licht: 0,155900,3,6,4,02,10,4,0,0,1,0,0,0,0,0
"POINT (10.514257218000100 52.268333134999999)",Unfall 155910 (2022) Kat:3, Licht: 0,155910,3,3,5,02,16,3,1,0,1,1,0,0,0,0
"POINT (10.517295385000100 52.248685592000101)",Unfall 155940 (2022) Kat:3, Licht: 0,155940,3,2,5,03,13,2,1,0,0,1,1,0,0,0
"POINT (10.495321774000001 52.253735646000102)",Unfall 155964 (2022) Kat:3, Licht: 2,155964,3,2,4,02,18,4,1,2,1,1,0,0,0,0
"POINT (10.534271202000101 52.258540524000097)",Unfall 156018 (2022) Kat:3, Licht: 2,156018,3,7,1,02,20,7,0,2,1,1,0,0,0,0
"POINT (10.519251042000100 52.287966734000101)",Unfall 156019 (2022) Kat:3, Licht: 0,156019,3,3,5,02,13,5,1,0,1,1,0,0,0,0
"POINT (10.509270533000100 52.339337461000099)",Unfall 156071 (2022) Kat:3, Licht: 0,156071,3,3,5,03,10,3,0,0,1,1,0,0,0,0
"POINT (10.523109611000100 52.269207171000097)",Unfall 156098 (2022) Kat:2, Licht: 0,156098,2,7,6,02,10,5,1,0,0,1,1,0,0,0
"POINT (10.545840273000101 52.271071175000003)",Unfall 156101 (2022) Kat:2, Licht: 0,156101,2,7,0,02,14,2,0,0,1,0,0,0,0,0
"POINT (10.507721846999999 52.263363416000097)",Unfall 156102 (2022) Kat:3, Licht: 0,156102,3,4,6,03,13,5,0,0,0,0,1,1,0,0
"POINT (10.540785606000000 52.259044181000000)",Unfall 156114 (2022) Kat:3, Licht: 0,156114,3,2,3,03,17,2,0,0,1,1,0,0,0,0
"POINT (10.596425843000100 52.315431916000101)",Unfall 156137 (2022) Kat:3, Licht: 0,156137,3,5,0,02,13,4,0,0,1,1,0,0,0,0
"POINT (10.525553444000000 52.266223730000000)",Unfall 156147 (2022) Kat:3, Licht: 0,156147,3,2,5,02,13,2,0,0,1,1,0,0,0,0
"POINT (10.523273063000000 52.265508791999999)",Unfall 156231 (2022) Kat:2, Licht: 2,156231,2,7,0,04,04,1,0,2,0,0,1,0,0,1
"POINT (10.531313447000100 52.269618314000098)",Unfall 156264 (2022) Kat:2, Licht: 0,156264,2,4,6,04,18,6,0,0,0,1,1,0,0,0
"POINT (10.513277727000100 52.267812649000099)",Unfall 156277 (2022) Kat:3, Licht: 0,156277,3,4,6,04,11,5,0,0,0,1,1,0,0,0
"POINT (10.541807786000000 52.262757566000097)",Unfall 156331 (2022) Kat:3, Licht: 0,156331,3,7,0,04,16,3,0,0,0,0,1,0,0,1
"POINT (10.514414962000000 52.264215612000001)",Unfall 156335 (2022) Kat:3, Licht: 0,156335,3,7,3,04,11,4,0,0,0,1,0,0,0,0
"POINT (10.530450947000100 52.281383334000097)",Unfall 156348 (2022) Kat:3, Licht: 0,156348,3,4,6,04,12,7,0,0,0,1,1,0,0,0
"POINT (10.575235296000100 52.286377793000000)",Unfall 156359 (2022) Kat:3, Licht: 0,156359,3,2,3,04,07,4,1,0,1,0,0,0,0,1
"POINT (10.534270333000100 52.309418897000100)",Unfall 156379 (2022) Kat:3, Licht: 0,156379,3,7,0,04,15,6,0,0,0,0,0,0,0,1
"POINT (10.543752205000001 52.268071792000100)",Unfall 156384 (2022) Kat:3, Licht: 1,156384,3,7,0,04,06,7,0,1,0,1,1,0,0,0
"POINT (10.451925006000099 52.224381358000102)",Unfall 156389 (2022) Kat:2, Licht: 0,156389,2,1,9,04,18,2,0,0,0,1,0,0,0,0
"POINT (10.524307344000000 52.268199295000002)",Unfall 156399 (2022) Kat:3, Licht: 0,156399,3,1,0,05,10,1,0,0,1,0,0,0,0,0
"POINT (10.536591180000100 52.266964459000100)",Unfall 156429 (2022) Kat:3, Licht: 0,156429,3,5,1,03,15,3,0,0,1,0,0,0,0,1
"POINT (10.524513372000101 52.267863419000001)",Unfall 156446 (2022) Kat:3, Licht: 0,156446,3,7,0,04,12,3,0,0,0,0,1,0,0,1
"POINT (10.525813139000000 52.261301588000002)",Unfall 156473 (2022) Kat:3, Licht: 0,156473,3,3,5,04,07,4,0,0,1,1,0,0,0,0
"POINT (10.539290281000000 52.225995644000101)",Unfall 156488 (2022) Kat:2, Licht: 2,156488,2,4,6,04,05,6,1,2,0,1,1,0,0,0
"POINT (10.527852716000000 52.255720116000099)",Unfall 156496 (2022) Kat:3, Licht: 0,156496,3,5,1,04,15,5,0,0,1,1,0,0,0,0
"POINT (10.528228849000101 52.258349584000001)",Unfall 156536 (2022) Kat:3, Licht: 2,156536,3,6,2,04,21,6,1,2,0,1,0,0,0,0
"POINT (10.512037964000100 52.266410678000099)",Unfall 156548 (2022) Kat:3, Licht: 0,156548,3,2,5,05,14,2,0,0,0,1,0,0,0,0
"POINT (10.458969512000101 52.220643607000099)",Unfall 156592 (2022) Kat:3, Licht: 0,156592,3,1,8,04,16,6,0,0,0,1,0,0,0,0
"POINT (10.526483208000100 52.268327348000099)",Unfall 156643 (2022) Kat:3, Licht: 0,156643,3,3,5,05,15,3,0,0,1,1,0,0,0,0
"POINT (10.503406749000000 52.260657665000103)",Unfall 156648 (2022) Kat:3, Licht: 0,156648,3,6,3,03,16,4,0,0,1,1,0,0,0,0
"POINT (10.507461150999999 52.245785206000100)",Unfall 156673 (2022) Kat:2, Licht: 2,156673,2,2,5,04,06,3,1,2,1,1,0,0,0,0
"POINT (10.511879016000000 52.266250662000097)",Unfall 156676 (2022) Kat:3, Licht: 0,156676,3,5,1,05,18,2,0,0,1,1,0,0,0,0