WKT,Name,OBJECTID,UKATEGORIE,UTYP1,UART,UMONAT,USTUNDE,UWOCHENTAG,STRZUSTAND,ULICHTVERH,ISTRAD,ISTPKW,ISTFUSS,ISTKRAD,ISTGKFZ,ISTSONSTIG
"POINT (10.520959167999999 52.264364371000099)",Unfall 156679 (2022) Kat:2, Licht: 0,156679,2,4,6,03,12,6,0,0,1,0,1,0,0,0
"POINT (10.527500379999999 52.257142909999999)",Unfall 156683 (2022) Kat:3, Licht: 0,156683,3,2,2,04,07,4,0,0,0,1,0,0,0,0
"POINT (10.481968450000100 52.249844478999997)",Unfall 156687 (2022) Kat:3, Licht: 0,156687,3,5,1,03,15,1,0,0,0,1,0,0,0,0
"POINT (10.531992023000001 52.258092588000103)",Unfall 156696 (2022) Kat:3, Licht: 0,156696,3,3,5,03,07,5,0,0,1,1,0,0,0,0
"POINT (10.524792639999999 52.261615860000099)",Unfall 156699 (2022) Kat:3, Licht: 2,156699,3,1,0,03,23,7,0,2,0,0,0,0,0,1
"POINT (10.569460566000000 52.224022456000100)",Unfall 156700 (2022) Kat:3, Licht: 0,156700,3,5,0,04,13,4,0,0,0,1,0,0,0,1
"POINT (10.540514385000099 52.302964315000096)",Unfall 156725 (2022) Kat:3, Licht: 0,156725,3,2,6,03,17,2,0,0,0,1,1,0,0,0
"POINT (10.511030642000000 52.245923194000099)",Unfall 156729 (2022) Kat:2, Licht: 0,156729,2,2,6,04,12,3,1,0,0,0,1,0,0,1
"POINT (10.535103961000100 52.271975204999997)",Unfall 156739 (2022) Kat:3, Licht: 0,156739,3,7,0,04,15,3,0,0,1,1,0,0,0,0
"POINT (10.565723530000099 52.242786033000101)",Unfall 156748 (2022) Kat:3, Licht: 0,156748,3,3,5,03,07,5,0,0,1,1,0,0,0,0
"POINT (10.546925348000100 52.275777111000103)",Unfall 156753 (2022) Kat:3, Licht: 0,156753,3,4,6,04,10,1,0,0,1,0,1,0,0,0
"POINT (10.524228985000001 52.275285173000000)",Unfall 156833 (2022) Kat:3, Licht: 1,156833,3,3,5,05,05,2,0,1,1,0,0,0,0,0
"POINT (10.519909513000099 52.265666605000000)",Unfall 156837 (2022) Kat:2, Licht: 2,156837,2,1,0,04,20,1,0,2,0,0,0,0,0,1
"POINT (10.516851291000000 52.291246580000099)",Unfall 156838 (2022) Kat:3, Licht: 0,156838,3,4,6,03,15,3,0,0,1,0,1,0,0,0
"POINT (10.528851604000099 52.267253097000001)",Unfall 156853 (2022) Kat:3, Licht: 0,156853,3,7,0,04,14,3,0,0,0,0,0,0,0,1
"POINT (10.524511466000000 52.267866525999999)",Unfall 156879 (2022) Kat:3, Licht: 0,156879,3,6,2,04,14,5,0,0,0,1,0,0,0,0
"POINT (10.522151070000101 52.261363306000099)",Unfall 156883 (2022) Kat:3, Licht: 0,156883,3,7,0,03,17,2,0,0,0,0,0,0,0,1
"POINT (10.504274271000000 52.257361858000102)",Unfall 156895 (2022) Kat:3, Licht: 0,156895,3,6,2,04,18,6,0,0,0,1,0,0,0,1
"POINT (10.540586438000000 52.286678920999996)",Unfall 156902 (2022) Kat:3, Licht: 0,156902,3,5,1,03,07,5,0,0,1,1,0,0,0,0
"POINT (10.501956039000000 52.272716422000002)",Unfall 156913 (2022) Kat:3, Licht: 0,156913,3,5,1,04,15,7,0,0,1,1,0,0,0,0
"POINT (10.537078406999999 52.272840299000102)",Unfall 156938 (2022) Kat:3, Licht: 0,156938,3,2,5,04,11,3,0,0,0,1,0,0,0,0
"POINT (10.529529311999999 52.251087943000101)",Unfall 156946 (2022) Kat:3, Licht: 2,156946,3,3,5,04,20,1,0,2,0,1,0,0,0,0
"POINT (10.507946317000100 52.326725363000001)",Unfall 156952 (2022) Kat:2, Licht: 0,156952,2,4,6,04,13,6,0,0,0,1,1,0,0,0
"POINT (10.509176710000100 52.277863516000103)",Unfall 156955 (2022) Kat:3, Licht: 0,156955,3,3,5,03,08,2,0,0,1,0,0,0,0,0
"POINT (10.526496649000000 52.268330974999998)",Unfall 156969 (2022) Kat:3, Licht: 0,156969,3,3,5,04,15,7,0,0,0,1,0,0,0,0
"POINT (10.521568773000100 52.261357130000100)",Unfall 156978 (2022) Kat:3, Licht: 0,156978,3,1,0,05,15,4,0,0,1,0,0,0,0,0
"POINT (10.511030642000000 52.245923194000099)",Unfall 156992 (2022) Kat:3, Licht: 2,156992,3,3,5,03,19,1,0,2,0,1,0,0,0,0
"POINT (10.526851644000001 52.280134717000102)",Unfall 156999 (2022) Kat:3, Licht: 2,156999,3,2,3,04,22,2,0,2,0,1,0,1,0,0
"POINT (10.535458235000000 52.272144691000101)",Unfall 157042 (2022) Kat:2, Licht: 2,157042,2,1,0,04,22,6,0,2,1,0,0,0,0,0
"POINT (10.529480824000100 52.286297163000000)",Unfall 157046 (2022) Kat:3, Licht: 0,157046,3,5,4,03,10,4,0,0,1,1,0,0,0,0
"POINT (10.511024146000100 52.268685840000003)",Unfall 157071 (2022) Kat:3, Licht: 0,157071,3,3,5,04,11,3,0,0,1,1,0,0,0,0
"POINT (10.545455283000001 52.277543728000097)",Unfall 157080 (2022) Kat:3, Licht: 0,157080,3,2,4,04,08,4,0,0,0,1,0,0,0,0
"POINT (10.477041028000000 52.234664185000000)",Unfall 157104 (2022) Kat:3, Licht: 0,157104,3,1,1,04,18,1,1,0,0,1,0,0,0,0
"POINT (10.536984812000100 52.252366590000101)",Unfall 157123 (2022) Kat:2, Licht: 2,157123,2,2,6,04,20,3,1,2,0,1,1,0,0,0
"POINT (10.500660763999999 52.269466732000097)",Unfall 157130 (2022) Kat:3, Licht: 0,157130,3,6,2,03,15,6,0,0,0,1,0,0,0,0
"POINT (10.510281735000000 52.252180539999998)",Unfall 157160 (2022) Kat:3, Licht: 0,157160,3,2,5,04,08,5,1,0,1,1,0,0,0,0
"POINT (10.533924320000001 52.260744741000103)",Unfall 157202 (2022) Kat:3, Licht: 0,157202,3,1,1,05,07,3,0,0,1,1,0,0,0,0
"POINT (10.509039037999999 52.270027013000103)",Unfall 157218 (2022) Kat:2, Licht: 0,157218,2,2,0,04,17,5,0,0,0,1,0,1,0,0
"POINT (10.507511904000101 52.245793943000102)",Unfall 157246 (2022) Kat:3, Licht: 0,157246,3,3,5,04,14,4,0,0,1,1,0,0,0,0
"POINT (10.607559676000101 52.314500379000002)",Unfall 157257 (2022) Kat:3, Licht: 0,157257,3,3,5,04,12,2,0,0,0,1,0,0,0,0
"POINT (10.510995672000000 52.260778502000100)",Unfall 157275 (2022) Kat:3, Licht: 0,157275,3,6,4,05,17,4,0,0,1,1,0,0,0,0
"POINT (10.519420933999999 52.258401034000002)",Unfall 157281 (2022) Kat:3, Licht: 0,157281,3,6,2,05,15,1,0,0,0,1,0,0,0,0
"POINT (10.493870289000000 52.307593384000000)",Unfall 157309 (2022) Kat:3, Licht: 0,157309,3,2,2,05,13,3,0,0,0,1,0,0,0,0
"POINT (10.525280038000099 52.288421205000098)",Unfall 157310 (2022) Kat:3, Licht: 0,157310,3,3,5,06,16,6,0,0,1,1,0,0,0,0
"POINT (10.519050612999999 52.252414684000001)",Unfall 157321 (2022) Kat:3, Licht: 0,157321,3,3,5,05,08,5,0,0,1,0,0,0,1,0
"POINT (10.525363514000000 52.261584911000099)",Unfall 157343 (2022) Kat:3, Licht: 0,157343,3,3,5,05,18,6,0,0,1,1,0,0,0,0
"POINT (10.531759531000001 52.263367260000102)",Unfall 157376 (2022) Kat:3, Licht: 0,157376,3,2,6,06,15,4,1,0,0,1,1,0,0,0
"POINT (10.524229695000001 52.271740684000100)",Unfall 157385 (2022) Kat:3, Licht: 0,157385,3,1,0,05,17,7,0,0,0,0,0,0,0,1
"POINT (10.514765053000099 52.261336717000098)",Unfall 157442 (2022) Kat:3, Licht: 0,157442,3,3,0,05,12,4,0,0,1,1,0,0,0,0
"POINT (10.502996059999999 52.268613491000103)",Unfall 157538 (2022) Kat:3, Licht: 0,157538,3,3,5,05,18,6,0,0,1,1,0,0,0,1
"POINT (10.514649611999999 52.328795929000101)",Unfall 157589 (2022) Kat:3, Licht: 0,157589,3,3,5,05,14,5,0,0,1,1,0,0,0,0
"POINT (10.506265335000000 52.255220413000103)",Unfall 157614 (2022) Kat:3, Licht: 0,157614,3,3,5,05,12,2,0,0,0,1,0,0,0,0
"POINT (10.485429944000000 52.241318401000100)",Unfall 157618 (2022) Kat:3, Licht: 0,157618,3,1,0,05,11,6,0,0,0,0,0,1,0,0
"POINT (10.509123901000100 52.269930252999998)",Unfall 157655 (2022) Kat:3, Licht: 0,157655,3,2,0,05,09,7,0,0,0,1,0,0,0,0
"POINT (10.495838759000000 52.244973631000100)",Unfall 157664 (2022) Kat:3, Licht: 0,157664,3,3,5,05,16,2,0,0,1,1,0,0,0,0
"POINT (10.512461178000001 52.246019035000103)",Unfall 157672 (2022) Kat:3, Licht: 0,157672,3,7,6,05,11,7,0,0,1,0,1,0,0,0
"POINT (10.506868622000100 52.255199323000099)",Unfall 157677 (2022) Kat:3, Licht: 0,157677,3,6,4,05,12,5,0,0,1,0,0,0,0,0
"POINT (10.528049909000099 52.265523987000101)",Unfall 157699 (2022) Kat:3, Licht: 0,157699,3,2,3,05,16,3,0,0,0,1,0,1,0,0
"POINT (10.524157066000001 52.287010286000097)",Unfall 157736 (2022) Kat:3, Licht: 0,157736,3,4,6,05,19,2,0,0,0,1,1,0,0,0
"POINT (10.509525828999999 52.269568241000101)",Unfall 157746 (2022) Kat:3, Licht: 0,157746,3,6,2,05,17,1,0,0,0,1,0,0,0,0
"POINT (10.525553444000000 52.266223730000000)",Unfall 157764 (2022) Kat:3, Licht: 0,157764,3,3,5,06,18,6,0,0,1,0,0,0,0,1
"POINT (10.554184726000100 52.283134565000097)",Unfall 157782 (2022) Kat:3, Licht: 0,157782,3,3,5,06,16,4,1,0,1,0,0,0,0,0
"POINT (10.508744238000100 52.325790281000103)",Unfall 157810 (2022) Kat:3, Licht: 0,157810,3,3,5,05,16,2,0,0,1,0,0,0,0,0
"POINT (10.518423028000001 52.260878198999997)",Unfall 157839 (2022) Kat:2, Licht: 0,157839,2,1,0,05,18,7,0,0,0,0,0,0,0,1
"POINT (10.512077519000099 52.266450497999998)",Unfall 157848 (2022) Kat:3, Licht: 0,157848,3,5,1,06,15,5,0,0,1,1,0,0,0,0
"POINT (10.515144474000101 52.320578734000001)",Unfall 157852 (2022) Kat:3, Licht: 0,157852,3,3,5,05,16,4,0,0,0,1,0,0,0,0
"POINT (10.520853126000100 52.266614311000097)",Unfall 157877 (2022) Kat:3, Licht: 0,157877,3,1,0,05,10,2,0,0,0,0,0,0,0,1
"POINT (10.544245022000000 52.258641906000001)",Unfall 157892 (2022) Kat:2, Licht: 0,157892,2,1,0,05,12,7,0,0,1,0,0,0,0,0
"POINT (10.528886990000000 52.264963563999999)",Unfall 157923 (2022) Kat:2, Licht: 2,157923,2,1,0,05,03,6,1,2,1,0,0,0,0,0
"POINT (10.517060212000001 52.257778911000102)",Unfall 157938 (2022) Kat:2, Licht: 0,157938,2,3,5,05,21,3,1,0,0,1,0,0,0,1
"POINT (10.521438490000000 52.287362080999998)",Unfall 157940 (2022) Kat:3, Licht: 0,157940,3,6,2,05,12,6,0,0,0,1,0,0,0,0
"POINT (10.514283535000100 52.263332696000099)",Unfall 157946 (2022) Kat:3, Licht: 0,157946,3,7,3,05,15,7,0,0,0,1,0,0,0,0
"POINT (10.540405806000001 52.264171314000102)",Unfall 158019 (2022) Kat:3, Licht: 0,158019,3,7,0,05,12,3,1,0,0,0,0,0,0,1
"POINT (10.533357771000100 52.233455460000101)",Unfall 158024 (2022) Kat:3, Licht: 0,158024,3,2,5,05,07,4,1,0,1,0,0,0,0,0
"POINT (10.485456438000000 52.308291842000102)",Unfall 158041 (2022) Kat:3, Licht: 0,158041,3,7,1,05,17,2,0,0,1,0,0,0,0,1
"POINT (10.502772202000100 52.221730602999997)",Unfall 158054 (2022) Kat:3, Licht: 0,158054,3,3,5,05,10,6,0,0,0,1,0,0,0,1
"POINT (10.557932824000000 52.233216378000101)",Unfall 158060 (2022) Kat:3, Licht: 0,158060,3,3,5,05,12,7,0,0,1,1,0,0,0,0
"POINT (10.548999289000101 52.277577467000100)",Unfall 158105 (2022) Kat:3, Licht: 0,158105,3,3,5,05,19,6,0,0,1,0,0,0,0,1
"POINT (10.527985429000100 52.282537441000002)",Unfall 158117 (2022) Kat:3, Licht: 0,158117,3,3,5,05,20,2,0,0,0,1,0,0,0,0
"POINT (10.525553444000000 52.266223730000000)",Unfall 158167 (2022) Kat:2, Licht: 2,158167,2,1,0,05,22,4,0,2,0,0,0,0,0,1
"POINT (10.523704305000001 52.213099032999999)",Unfall 158168 (2022) Kat:3, Licht: 0,158168,3,3,5,05,07,4,0,0,1,1,0,0,1,0
"POINT (10.599519737000000 52.292867463000100)",Unfall 158182 (2022) Kat:3, Licht: 0,158182,3,1,0,05,16,7,0,0,1,0,0,0,0,0
"POINT (10.480156233000100 52.250079798999998)",Unfall 158195 (2022) Kat:3, Licht: 1,158195,3,3,5,05,05,4,1,1,1,1,0,0,0,0
"POINT (10.522358113000100 52.271799606999998)",Unfall 158220 (2022) Kat:3, Licht: 0,158220,3,6,2,05,20,4,0,0,1,0,0,0,0,0
"POINT (10.523793619999999 52.263041074000100)",Unfall 158244 (2022) Kat:3, Licht: 1,158244,3,3,5,05,19,3,0,1,1,1,0,0,0,0
"POINT (10.528533428999999 52.275540479000000)",Unfall 158288 (2022) Kat:3, Licht: 0,158288,3,3,5,05,10,2,0,0,1,1,0,0,0,0
"POINT (10.523715139000000 52.271174409000103)",Unfall 158295 (2022) Kat:3, Licht: 2,158295,3,1,0,05,00,5,0,2,0,0,0,0,0,1
"POINT (10.507752022000000 52.261351261000101)",Unfall 158297 (2022) Kat:2, Licht: 0,158297,2,5,0,05,12,6,0,0,1,1,0,0,0,0
"POINT (10.498066804000100 52.266654957000100)",Unfall 158316 (2022) Kat:3, Licht: 0,158316,3,3,5,05,20,2,0,0,1,1,0,0,0,0
"POINT (10.520357434000100 52.259503752000100)",Unfall 158325 (2022) Kat:3, Licht: 2,158325,3,6,4,05,01,1,0,2,1,0,0,0,0,0
"POINT (10.528565642000000 52.275301333000101)",Unfall 158332 (2022) Kat:3, Licht: 0,158332,3,3,5,05,09,4,0,0,1,0,0,0,0,0
"POINT (10.524217798000100 52.270550884000002)",Unfall 158376 (2022) Kat:3, Licht: 0,158376,3,3,5,05,09,6,0,0,1,1,0,0,0,0
"POINT (10.560679964000000 52.290361459000103)",Unfall 158382 (2022) Kat:3, Licht: 0,158382,3,3,5,06,16,6,0,0,1,1,0,0,0,0
"POINT (10.568982383000000 52.269609178000103)",Unfall 158385 (2022) Kat:3, Licht: 0,158385,3,3,5,05,09,4,0,0,1,0,0,0,0,0
"POINT (10.452794289000099 52.260448714000098)",Unfall 158390 (2022) Kat:2, Licht: 2,158390,2,3,5,05,13,1,0,2,1,1,0,0,0,0
"POINT (10.518242942000001 52.262088040999998)",Unfall 158397 (2022) Kat:3, Licht: 0,158397,3,2,6,05,15,5,0,0,0,1,1,0,0,0
"POINT (10.549065438000101 52.277786935999998)",Unfall 158480 (2022) Kat:2, Licht: 0,158480,2,7,0,06,10,4,0,0,1,0,0,0,0,0
"POINT (10.519015700000100 52.219242178999998)",Unfall 158525 (2022) Kat:3, Licht: 0,158525,3,7,0,06,21,7,0,0,1,1,0,0,0,0
"POINT (10.540200784000000 52.267935517000097)",Unfall 158527 (2022) Kat:3, Licht: 0,158527,3,2,4,06,09,5,0,0,1,1,0,0,0,0
"POINT (10.505397323000100 52.310622995000102)",Unfall 158568 (2022) Kat:3, Licht: 0,158568,3,2,3,06,14,4,0,0,1,0,0,0,1,0
"POINT (10.514415522000000 52.263998103000098)",Unfall 158572 (2022) Kat:3, Licht: 0,158572,3,6,2,06,09,2,0,0,0,1,0,0,0,0
"POINT (10.527752148999999 52.281958097000000)",Unfall 158625 (2022) Kat:3, Licht: 0,158625,3,1,3,06,11,4,0,0,1,1,0,0,0,0
"POINT (10.519229906000000 52.287965273000097)",Unfall 158647 (2022) Kat:3, Licht: 0,158647,3,3,5,06,18,2,0,0,1,1,0,0,0,0
"POINT (10.514601647000100 52.259269006000103)",Unfall 158651 (2022) Kat:3, Licht: 0,158651,3,6,6,06,17,5,0,0,1,0,1,0,0,0
"POINT (10.511247611000000 52.268680135000103)",Unfall 158703 (2022) Kat:3, Licht: 0,158703,3,3,5,06,12,3,0,0,1,0,0,0,0,0
"POINT (10.526483208000100 52.268327348000099)",Unfall 158716 (2022) Kat:3, Licht: 2,158716,3,3,5,06,01,7,0,2,0,1,0,0,0,0
"POINT (10.565204413000099 52.221706374000100)",Unfall 158744 (2022) Kat:3, Licht: 0,158744,3,3,5,06,17,4,0,0,0,1,0,1,0,0
"POINT (10.501036070000101 52.263849786000002)",Unfall 158749 (2022) Kat:3, Licht: 1,158749,3,3,5,06,22,5,0,1,1,1,0,0,0,0
"POINT (10.521191182999999 52.296270002000000)",Unfall 158753 (2022) Kat:3, Licht: 0,158753,3,3,0,06,12,2,0,0,1,1,0,0,0,0
"POINT (10.529163301000001 52.250795838000002)",Unfall 158755 (2022) Kat:3, Licht: 0,158755,3,3,5,06,17,2,0,0,1,0,0,0,0,1
"POINT (10.543768221000100 52.273118509000000)",Unfall 158794 (2022) Kat:3, Licht: 0,158794,3,5,3,06,15,5,0,0,1,0,0,0,0,1
"POINT (10.510599512000100 52.251745921000101)",Unfall 158798 (2022) Kat:2, Licht: 0,158798,2,6,2,06,17,5,0,0,0,1,0,0,0,1
"POINT (10.524228985000001 52.275285173000000)",Unfall 158808 (2022) Kat:3, Licht: 0,158808,3,2,2,06,16,7,0,0,0,1,0,0,0,0
"POINT (10.516716561000100 52.260184900000098)",Unfall 158826 (2022) Kat:2, Licht: 0,158826,2,2,6,06,16,3,0,0,0,1,1,0,0,0
"POINT (10.524222591000100 52.286331899000103)",Unfall 158834 (2022) Kat:3, Licht: 0,158834,3,3,5,06,15,6,0,0,1,1,0,0,0,0
"POINT (10.541391427000100 52.271160532000103)",Unfall 158843 (2022) Kat:3, Licht: 0,158843,3,6,2,06,13,4,0,0,1,1,0,0,0,0
"POINT (10.516991011000099 52.257870012000097)",Unfall 158862 (2022) Kat:3, Licht: 0,158862,3,6,2,06,17,3,0,0,0,1,0,1,0,0
"POINT (10.537789113000001 52.272498278999997)",Unfall 158889 (2022) Kat:2, Licht: 0,158889,2,3,5,06,15,5,0,0,1,1,0,0,0,0
"POINT (10.527203046000100 52.258301572000100)",Unfall 158909 (2022) Kat:2, Licht: 0,158909,2,3,5,06,19,4,0,0,0,1,0,1,0,0
"POINT (10.519343181000099 52.279244593999998)",Unfall 158922 (2022) Kat:3, Licht: 0,158922,3,3,5,06,13,5,0,0,1,1,0,0,0,0
"POINT (10.537366391999999 52.269341692000097)",Unfall 158933 (2022) Kat:3, Licht: 0,158933,3,5,1,07,08,6,0,0,1,1,0,0,0,0
"POINT (10.566939486000001 52.290211235000100)",Unfall 158957 (2022) Kat:3, Licht: 2,158957,3,1,0,06,23,4,0,2,1,0,0,0,0,0
"POINT (10.474855714000100 52.245086098999998)",Unfall 158983 (2022) Kat:3, Licht: 0,158983,3,5,0,06,18,3,0,0,1,1,0,0,0,0
"POINT (10.514526526999999 52.265876538000001)",Unfall 158995 (2022) Kat:3, Licht: 0,158995,3,2,5,06,10,5,0,0,1,1,0,0,0,0
"POINT (10.486832447999999 52.251971328000103)",Unfall 159000 (2022) Kat:3, Licht: 0,159000,3,7,0,06,17,1,0,0,1,0,0,0,0,0
"POINT (10.517470144000100 52.260432516000002)",Unfall 159023 (2022) Kat:3, Licht: 0,159023,3,5,1,06,06,1,0,0,0,1,0,0,0,0
"POINT (10.452514216999999 52.266538052999998)",Unfall 159045 (2022) Kat:2, Licht: 0,159045,2,3,5,06,13,4,0,0,0,1,0,0,0,1
"POINT (10.540573096000101 52.259096098000001)",Unfall 159095 (2022) Kat:2, Licht: 1,159095,2,1,0,06,04,7,0,1,0,0,0,0,0,1
"POINT (10.452794289000099 52.260448714000098)",Unfall 159097 (2022) Kat:3, Licht: 0,159097,3,3,0,06,14,3,0,0,0,1,0,1,0,0
"POINT (10.519155172000101 52.225319224000003)",Unfall 159134 (2022) Kat:3, Licht: 0,159134,3,1,0,06,17,1,0,0,1,0,0,0,0,0
"POINT (10.486310736000100 52.248606795999997)",Unfall 159141 (2022) Kat:3, Licht: 0,159141,3,6,2,06,18,6,0,0,0,1,0,0,0,0
"POINT (10.568139296000000 52.225407906999997)",Unfall 159162 (2022) Kat:3, Licht: 0,159162,3,2,5,06,16,3,0,0,0,1,0,0,0,1
"POINT (10.527736606000101 52.265594159000003)",Unfall 159209 (2022) Kat:2, Licht: 0,159209,2,2,5,06,07,4,0,0,1,1,0,0,0,0
"POINT (10.507487091000000 52.263296746999998)",Unfall 159251 (2022) Kat:3, Licht: 0,159251,3,5,1,06,13,6,0,0,1,0,0,0,0,1
"POINT (10.509203446000100 52.323154436000003)",Unfall 159280 (2022) Kat:3, Licht: 0,159280,3,7,0,06,14,2,0,0,0,0,0,0,0,1
"POINT (10.522071735000100 52.261362165999998)",Unfall 159294 (2022) Kat:3, Licht: 2,159294,3,1,0,06,22,5,0,2,1,0,0,0,0,0
"POINT (10.511566708000000 52.265963054000103)",Unfall 159307 (2022) Kat:3, Licht: 0,159307,3,7,3,06,15,5,0,0,0,1,0,1,0,0
"POINT (10.480563177000001 52.242142225000102)",Unfall 159314 (2022) Kat:3, Licht: 0,159314,3,5,1,06,16,2,0,0,0,1,0,0,0,0
"POINT (10.525694600000101 52.260541392000100)",Unfall 159329 (2022) Kat:3, Licht: 0,159329,3,6,6,06,12,2,0,0,0,0,1,0,0,1
"POINT (10.545639291000001 52.265182289999998)",Unfall 159337 (2022) Kat:3, Licht: 0,159337,3,5,0,06,12,2,0,0,0,1,0,0,0,1
"POINT (10.539946554000000 52.268014549999997)",Unfall 159340 (2022) Kat:3, Licht: 1,159340,3,5,1,06,05,1,0,1,0,1,0,0,0,1
"POINT (10.481744267000099 52.253170001000100)",Unfall 159366 (2022) Kat:3, Licht: 0,159366,3,1,0,06,13,5,0,0,0,0,0,1,0,0
"POINT (10.481060733000000 52.319510620000102)",Unfall 159367 (2022) Kat:3, Licht: 0,159367,3,3,5,06,06,6,0,0,1,1,0,0,0,0
"POINT (10.579335390000001 52.239158142000100)",Unfall 159416 (2022) Kat:3, Licht: 0,159416,3,3,5,06,20,2,0,0,1,1,0,0,0,0
"POINT (10.541755601000000 52.261445021999997)",Unfall 159425 (2022) Kat:3, Licht: 0,159425,3,3,5,07,15,3,0,0,1,1,0,0,0,0
"POINT (10.512517952000101 52.291299928000100)",Unfall 159430 (2022) Kat:2, Licht: 2,159430,2,5,1,07,01,7,0,2,0,1,0,0,0,0
"POINT (10.534122136000100 52.263004043000102)",Unfall 159437 (2022) Kat:3, Licht: 0,159437,3,3,0,07,15,5,1,0,1,1,0,0,0,0
"POINT (10.501259050000000 52.312155728000100)",Unfall 159475 (2022) Kat:3, Licht: 0,159475,3,2,4,07,10,5,0,0,0,1,0,0,0,0
"POINT (10.503571316000000 52.279739237000101)",Unfall 159490 (2022) Kat:2, Licht: 0,159490,2,2,4,07,14,4,0,0,0,1,0,0,0,0
"POINT (10.517106994000100 52.268972486999999)",Unfall 159497 (2022) Kat:3, Licht: 0,159497,3,1,0,07,09,3,0,0,1,0,0,0,0,0
"POINT (10.513486200999999 52.262505432000097)",Unfall 159544 (2022) Kat:3, Licht: 0,159544,3,2,5,07,16,2,0,0,1,1,0,0,0,0
"POINT (10.510595018000100 52.231804801000102)",Unfall 159546 (2022) Kat:3, Licht: 0,159546,3,3,5,07,09,5,1,0,0,1,0,0,0,0
"POINT (10.486999058000000 52.251931055999997)",Unfall 159606 (2022) Kat:3, Licht: 0,159606,3,7,0,07,16,5,0,0,1,0,0,0,0,0
"POINT (10.549124876000100 52.276882722000003)",Unfall 159628 (2022) Kat:3, Licht: 2,159628,3,1,8,07,02,1,0,2,0,0,0,0,0,1
"POINT (10.518369484000100 52.265731926000100)",Unfall 159644 (2022) Kat:3, Licht: 0,159644,3,1,0,07,15,5,0,0,0,0,0,1,0,0
"POINT (10.438690383000100 52.305365166000101)",Unfall 159648 (2022) Kat:3, Licht: 0,159648,3,4,6,07,07,4,0,0,0,1,1,0,0,0
"POINT (10.532364813000100 52.269899926999997)",Unfall 159649 (2022) Kat:2, Licht: 0,159649,2,1,0,07,13,4,0,0,1,0,0,0,0,0
"POINT (10.514867401000100 52.261202277999999)",Unfall 159672 (2022) Kat:2, Licht: 0,159672,2,3,5,07,13,5,1,0,1,1,0,0,0,0
"POINT (10.540919223000101 52.303919743000101)",Unfall 159694 (2022) Kat:2, Licht: 0,159694,2,7,0,07,16,2,0,0,1,0,0,0,0,0
"POINT (10.489041288000100 52.243688414000097)",Unfall 159695 (2022) Kat:2, Licht: 0,159695,2,3,5,07,13,3,0,0,1,0,0,1,0,0
"POINT (10.564728469000000 52.286870581000102)",Unfall 159703 (2022) Kat:3, Licht: 0,159703,3,3,5,07,16,4,0,0,1,1,0,0,0,0
"POINT (10.514655651000099 52.262588396000098)",Unfall 159716 (2022) Kat:3, Licht: 0,159716,3,5,0,07,11,1,0,0,1,1,0,0,0,0
"POINT (10.542201379000099 52.264574215000003)",Unfall 159726 (2022) Kat:3, Licht: 0,159726,3,7,0,07,12,6,0,0,0,0,0,0,0,1
"POINT (10.525553444000000 52.266223730000000)",Unfall 159758 (2022) Kat:3, Licht: 2,159758,3,7,0,07,23,3,0,2,1,0,0,0,0,0
"POINT (10.511247126000100 52.268679632000001)",Unfall 159771 (2022) Kat:3, Licht: 0,159771,3,6,2,07,12,5,1,0,0,1,0,0,0,0
"POINT (10.524405369000000 52.265927223000098)",Unfall 159782 (2022) Kat:3, Licht: 0,159782,3,4,6,07,11,5,0,0,1,0,1,0,0,0
"POINT (10.572705946999999 52.279574922000101)",Unfall 159797 (2022) Kat:3, Licht: 0,159797,3,5,1,08,12,2,0,0,1,0,0,0,0,1
"POINT (10.500052375000100 52.266789178000103)",Unfall 159799 (2022) Kat:3, Licht: 0,159799,3,2,2,07,10,7,0,0,0,1,0,0,0,0
"POINT (10.532443805000099 52.261242012000103)",Unfall 159808 (2022) Kat:3, Licht: 0,159808,3,3,5,07,10,6,0,0,0,1,0,0,0,0
"POINT (10.516876345000099 52.268301027000099)",Unfall 159834 (2022) Kat:3, Licht: 0,159834,3,5,0,07,12,3,0,0,1,1,0,0,0,0
"POINT (10.525619185000000 52.227905785000097)",Unfall 159836 (2022) Kat:3, Licht: 0,159836,3,7,0,07,09,3,0,0,0,1,1,0,1,0
"POINT (10.519630905000000 52.277658273000000)",Unfall 159839 (2022) Kat:3, Licht: 0,159839,3,6,4,08,19,3,0,0,1,0,0,0,0,0
"POINT (10.533606949999999 52.271482331000101)",Unfall 159840 (2022) Kat:3, Licht: 0,159840,3,1,0,07,14,5,0,0,1,0,0,0,0,0
"POINT (10.509634222000001 52.242020127000004)",Unfall 159851 (2022) Kat:3, Licht: 0,159851,3,6,2,07,15,3,0,0,0,1,0,0,0,1
"POINT (10.506175885000101 52.268611024000101)",Unfall 159860 (2022) Kat:3, Licht: 0,159860,3,1,0,07,13,2,0,0,1,0,0,0,0,0
"POINT (10.532085963000000 52.261840103000097)",Unfall 159911 (2022) Kat:3, Licht: 0,159911,3,6,3,07,11,3,0,0,1,0,0,0,0,0