WKT,Name,OBJECTID,UKATEGORIE,UTYP1,UART,UMONAT,USTUNDE,UWOCHENTAG,STRZUSTAND,ULICHTVERH,ISTRAD,ISTPKW,ISTFUSS,ISTKRAD,ISTGKFZ,ISTSONSTIG
"POINT (10.513826538000000 52.326095576999997)",Unfall 159929 (2022) Kat:3, Licht: 0,159929,3,6,2,07,14,6,0,0,0,1,0,0,0,0
"POINT (10.507461150999999 52.245785206000100)",Unfall 159958 (2022) Kat:3, Licht: 0,159958,3,3,5,07,07,3,0,0,1,1,0,0,0,0
"POINT (10.506742810000000 52.254933575000102)",Unfall 159989 (2022) Kat:3, Licht: 0,159989,3,6,2,07,11,7,1,0,0,1,0,0,0,0
"POINT (10.481299307000000 52.234341315000101)",Unfall 159994 (2022) Kat:3, Licht: 2,159994,3,1,0,07,00,1,0,2,0,1,0,0,0,0
"POINT (10.524194395000100 52.267469443000003)",Unfall 160049 (2022) Kat:3, Licht: 0,160049,3,2,3,07,21,6,0,0,0,1,0,1,0,0
"POINT (10.521274070000100 52.261354663000098)",Unfall 160051 (2022) Kat:3, Licht: 2,160051,3,1,0,07,21,2,0,2,1,0,0,0,0,0
"POINT (10.519238967000000 52.263285156999999)",Unfall 160052 (2022) Kat:3, Licht: 2,160052,3,1,0,07,23,4,0,2,0,1,0,0,0,0
"POINT (10.538138066000000 52.253891753000097)",Unfall 160073 (2022) Kat:3, Licht: 0,160073,3,2,0,07,18,3,0,0,1,1,0,0,0,0
"POINT (10.535395337000100 52.246931796000098)",Unfall 160074 (2022) Kat:3, Licht: 0,160074,3,6,2,07,13,5,1,0,0,1,0,0,0,0
"POINT (10.519226432000000 52.274950756000102)",Unfall 160122 (2022) Kat:3, Licht: 0,160122,3,3,5,07,17,3,0,0,1,1,0,0,0,0
"POINT (10.532161700000101 52.261596085000100)",Unfall 160130 (2022) Kat:3, Licht: 0,160130,3,1,0,07,20,7,0,0,1,0,0,0,0,0
"POINT (10.525158944000101 52.266799193000097)",Unfall 160169 (2022) Kat:3, Licht: 0,160169,3,4,6,07,10,1,0,0,0,0,1,0,0,1
"POINT (10.525815456000000 52.275533289000101)",Unfall 160171 (2022) Kat:3, Licht: 0,160171,3,2,3,07,14,5,0,0,1,0,0,0,0,1
"POINT (10.538873558000001 52.268776039999999)",Unfall 160211 (2022) Kat:3, Licht: 0,160211,3,7,5,07,18,4,0,0,1,1,0,0,0,0
"POINT (10.508271541999999 52.270902297000099)",Unfall 160226 (2022) Kat:3, Licht: 0,160226,3,6,3,08,17,2,0,0,0,1,0,1,0,0
"POINT (10.547403093000099 52.260029703000001)",Unfall 160248 (2022) Kat:3, Licht: 0,160248,3,1,0,07,18,5,0,0,0,0,0,0,0,1
"POINT (10.506448494000001 52.265611724000102)",Unfall 160267 (2022) Kat:3, Licht: 0,160267,3,7,1,07,14,3,0,0,0,1,1,0,0,0
"POINT (10.518913968000000 52.307199013000101)",Unfall 160273 (2022) Kat:3, Licht: 0,160273,3,2,5,07,15,5,0,0,1,1,0,0,0,0
"POINT (10.507320010999999 52.231919196000000)",Unfall 160284 (2022) Kat:3, Licht: 0,160284,3,1,9,07,09,2,0,0,0,1,0,0,0,0
"POINT (10.540059549000000 52.203530276999999)",Unfall 160295 (2022) Kat:2, Licht: 0,160295,2,2,5,07,08,2,0,0,1,1,0,0,0,0
"POINT (10.479076902999999 52.275109860999997)",Unfall 160325 (2022) Kat:3, Licht: 0,160325,3,6,4,07,08,3,0,0,0,1,0,0,0,0
"POINT (10.508207605000100 52.258739374000100)",Unfall 160344 (2022) Kat:3, Licht: 0,160344,3,7,0,07,15,3,0,0,1,0,0,0,0,1
"POINT (10.524212414000001 52.271712949000097)",Unfall 160380 (2022) Kat:3, Licht: 0,160380,3,6,3,07,11,1,0,0,1,0,0,0,0,0
"POINT (10.505672865000101 52.231175006000100)",Unfall 160415 (2022) Kat:2, Licht: 0,160415,2,7,0,07,10,4,0,0,1,0,0,0,0,0
"POINT (10.532634995000000 52.287355982000101)",Unfall 160430 (2022) Kat:3, Licht: 0,160430,3,6,6,07,19,5,0,0,0,1,1,0,0,0
"POINT (10.505672865000101 52.231175006000100)",Unfall 160439 (2022) Kat:3, Licht: 0,160439,3,2,5,07,10,3,0,0,1,0,0,0,1,0
"POINT (10.563748101000000 52.286752868000100)",Unfall 160461 (2022) Kat:3, Licht: 0,160461,3,3,5,07,15,5,0,0,0,1,0,0,0,1
"POINT (10.508598483000100 52.272830229000100)",Unfall 160476 (2022) Kat:3, Licht: 0,160476,3,2,3,07,07,3,0,0,1,0,0,0,0,1
"POINT (10.514203585000100 52.262395496000103)",Unfall 160524 (2022) Kat:2, Licht: 0,160524,2,4,6,08,12,6,0,0,1,0,1,0,0,0
"POINT (10.538386370000101 52.240115211999999)",Unfall 160574 (2022) Kat:3, Licht: 2,160574,3,3,5,08,21,5,0,2,1,1,0,0,0,0
"POINT (10.502458209000100 52.269785759000101)",Unfall 160595 (2022) Kat:3, Licht: 0,160595,3,7,0,09,08,5,0,0,0,0,0,0,0,1
"POINT (10.525577746000099 52.258054978000096)",Unfall 160599 (2022) Kat:3, Licht: 0,160599,3,6,2,08,11,3,0,0,0,1,0,0,0,0
"POINT (10.551358636000000 52.255281060000101)",Unfall 160611 (2022) Kat:3, Licht: 0,160611,3,6,2,08,16,5,0,0,0,1,0,0,0,0
"POINT (10.510861346000100 52.258459078000001)",Unfall 160612 (2022) Kat:3, Licht: 0,160612,3,5,1,08,11,4,0,0,1,1,0,0,0,0
"POINT (10.527083430000101 52.287346034999999)",Unfall 160614 (2022) Kat:3, Licht: 0,160614,3,2,4,09,12,6,0,0,0,1,0,0,0,1
"POINT (10.505169925000100 52.258427085000100)",Unfall 160629 (2022) Kat:2, Licht: 0,160629,2,1,0,08,05,1,0,0,0,0,0,0,0,1
"POINT (10.523692396000101 52.270852538000000)",Unfall 160637 (2022) Kat:3, Licht: 0,160637,3,6,4,08,18,3,0,0,1,0,0,0,0,1
"POINT (10.499704941000100 52.270413498000003)",Unfall 160638 (2022) Kat:3, Licht: 0,160638,3,3,5,08,12,7,0,0,0,1,0,0,0,0
"POINT (10.512686802000101 52.216148416000102)",Unfall 160646 (2022) Kat:3, Licht: 0,160646,3,3,5,08,16,3,0,0,1,1,0,0,0,0
"POINT (10.532090997000100 52.228312584999998)",Unfall 160648 (2022) Kat:2, Licht: 0,160648,2,2,5,08,17,6,0,0,1,1,0,0,0,0
"POINT (10.526129777000101 52.262366483000100)",Unfall 160660 (2022) Kat:3, Licht: 0,160660,3,2,5,08,19,5,0,0,0,1,0,1,0,0
"POINT (10.523099146000000 52.287496509999997)",Unfall 160686 (2022) Kat:3, Licht: 0,160686,3,4,6,08,14,4,0,0,1,0,1,0,0,0
"POINT (10.527927092000001 52.264361203000099)",Unfall 160689 (2022) Kat:3, Licht: 1,160689,3,1,0,08,21,7,0,1,1,0,0,0,0,0
"POINT (10.503540792000001 52.223495100000001)",Unfall 160698 (2022) Kat:3, Licht: 0,160698,3,2,4,09,17,5,0,0,1,1,0,0,0,0
"POINT (10.547264758000001 52.265426811000097)",Unfall 160785 (2022) Kat:2, Licht: 1,160785,2,3,5,09,19,1,0,1,1,1,0,0,0,0
"POINT (10.615405681000000 52.278214372999997)",Unfall 160807 (2022) Kat:2, Licht: 0,160807,2,2,4,09,17,6,0,0,0,1,0,0,0,0
"POINT (10.519861865999999 52.260629254000001)",Unfall 160814 (2022) Kat:3, Licht: 0,160814,3,1,0,08,15,3,0,0,1,0,0,0,0,0
"POINT (10.524631995000000 52.267485149999999)",Unfall 160840 (2022) Kat:3, Licht: 2,160840,3,6,2,08,00,5,0,2,1,1,0,0,0,0
"POINT (10.524949562000099 52.264931742000002)",Unfall 160844 (2022) Kat:2, Licht: 0,160844,2,7,0,08,18,5,0,0,1,0,0,0,0,0
"POINT (10.512969543000100 52.256445296999999)",Unfall 160846 (2022) Kat:3, Licht: 0,160846,3,3,5,08,10,2,0,0,0,1,0,0,0,1
"POINT (10.480272661000100 52.251289499999999)",Unfall 160849 (2022) Kat:3, Licht: 0,160849,3,4,6,08,18,2,0,0,0,1,1,0,0,0
"POINT (10.567414188000001 52.300522290000103)",Unfall 160851 (2022) Kat:2, Licht: 0,160851,2,3,5,08,09,4,0,0,1,1,0,0,0,0
"POINT (10.527738247000100 52.265587836000101)",Unfall 160872 (2022) Kat:3, Licht: 0,160872,3,2,4,08,12,6,0,0,1,1,0,0,0,0
"POINT (10.548999289000101 52.277577467000100)",Unfall 160892 (2022) Kat:3, Licht: 0,160892,3,6,4,08,16,2,0,0,1,0,0,0,0,1
"POINT (10.522501562000100 52.261407276000099)",Unfall 160898 (2022) Kat:3, Licht: 0,160898,3,7,0,08,19,5,0,0,1,0,0,0,0,0
"POINT (10.529251965000100 52.287810797000098)",Unfall 160944 (2022) Kat:2, Licht: 0,160944,2,2,3,08,21,2,0,0,1,1,0,0,0,0
"POINT (10.539556818000101 52.274018140000102)",Unfall 160983 (2022) Kat:3, Licht: 2,160983,3,1,0,09,22,6,0,2,1,0,0,0,0,0
"POINT (10.520800744000001 52.298346234000100)",Unfall 161015 (2022) Kat:3, Licht: 0,161015,3,3,5,09,16,5,0,0,0,1,0,0,0,1
"POINT (10.531544746000099 52.263566220000001)",Unfall 161019 (2022) Kat:3, Licht: 2,161019,3,3,5,08,22,6,0,2,0,1,0,0,0,0
"POINT (10.524706479000001 52.274232578000102)",Unfall 161024 (2022) Kat:2, Licht: 0,161024,2,3,5,09,10,7,0,0,1,0,0,0,0,1
"POINT (10.532939612000099 52.261102864000101)",Unfall 161045 (2022) Kat:3, Licht: 0,161045,3,1,0,08,13,3,0,0,1,0,0,0,0,0
"POINT (10.516955361000001 52.265931428999998)",Unfall 161046 (2022) Kat:3, Licht: 0,161046,3,2,3,08,07,4,0,0,1,0,0,0,0,0
"POINT (10.519198229000001 52.248890740000000)",Unfall 161059 (2022) Kat:3, Licht: 0,161059,3,1,0,08,07,2,0,0,0,0,0,0,0,1
"POINT (10.456335899000100 52.257198118000098)",Unfall 161108 (2022) Kat:3, Licht: 0,161108,3,1,0,08,15,5,0,0,0,0,0,0,0,1
"POINT (10.527181669000100 52.258443900000003)",Unfall 161148 (2022) Kat:2, Licht: 0,161148,2,3,5,08,14,6,0,0,0,1,0,0,0,1
"POINT (10.484660357999999 52.233988752000101)",Unfall 161186 (2022) Kat:2, Licht: 0,161186,2,7,3,08,16,4,0,0,0,0,0,1,0,1
"POINT (10.522649991000000 52.260559889000000)",Unfall 161197 (2022) Kat:3, Licht: 0,161197,3,5,1,08,15,3,0,0,1,1,0,0,0,0
"POINT (10.501650361999999 52.270268600000101)",Unfall 161198 (2022) Kat:3, Licht: 1,161198,3,6,4,08,20,1,0,1,1,0,0,0,0,0
"POINT (10.543324655999999 52.262252320000101)",Unfall 161214 (2022) Kat:3, Licht: 0,161214,3,3,5,08,08,4,0,0,1,1,0,0,0,0
"POINT (10.470002902999999 52.323057921999997)",Unfall 161264 (2022) Kat:3, Licht: 0,161264,3,3,5,08,14,2,0,0,0,1,0,0,0,0
"POINT (10.515693303000001 52.305725756000101)",Unfall 161302 (2022) Kat:3, Licht: 0,161302,3,2,4,08,18,1,0,0,0,1,0,0,0,0
"POINT (10.525437858000000 52.265135837000102)",Unfall 161320 (2022) Kat:3, Licht: 0,161320,3,7,6,08,13,5,0,0,0,0,1,0,0,1
"POINT (10.525681570000099 52.260578751000097)",Unfall 161345 (2022) Kat:3, Licht: 0,161345,3,3,5,08,08,4,0,0,1,1,0,0,0,0
"POINT (10.571145641999999 52.249926180999999)",Unfall 161348 (2022) Kat:3, Licht: 0,161348,3,2,3,08,09,7,0,0,1,1,0,0,0,0
"POINT (10.508446659000100 52.253652574999997)",Unfall 161397 (2022) Kat:3, Licht: 0,161397,3,2,4,08,19,4,0,0,1,1,0,0,0,0
"POINT (10.503380042000099 52.267733620999998)",Unfall 161421 (2022) Kat:3, Licht: 0,161421,3,5,1,08,17,2,0,0,1,1,0,0,0,0
"POINT (10.520209198000000 52.260972658000099)",Unfall 161468 (2022) Kat:3, Licht: 2,161468,3,1,0,08,21,1,0,2,1,0,0,0,0,0
"POINT (10.521792887000100 52.265436651000101)",Unfall 161471 (2022) Kat:3, Licht: 0,161471,3,4,6,08,13,2,0,0,1,0,1,0,0,0
"POINT (10.523964272000100 52.268716524000098)",Unfall 161491 (2022) Kat:3, Licht: 0,161491,3,6,4,08,17,3,0,0,1,1,0,0,0,0
"POINT (10.538674242000100 52.240280867000102)",Unfall 161501 (2022) Kat:3, Licht: 0,161501,3,2,0,08,13,6,0,0,1,1,0,0,0,0
"POINT (10.508236433000000 52.261357432000104)",Unfall 161504 (2022) Kat:3, Licht: 0,161504,3,2,4,08,15,4,0,0,0,1,0,1,0,0
"POINT (10.527515085000100 52.266461264999997)",Unfall 161510 (2022) Kat:2, Licht: 0,161510,2,5,3,08,07,4,0,0,0,1,0,1,0,0
"POINT (10.488979354000000 52.243602367999998)",Unfall 161562 (2022) Kat:2, Licht: 0,161562,2,5,2,08,14,7,0,0,0,1,0,0,0,1
"POINT (10.537555416000000 52.272413701000097)",Unfall 161596 (2022) Kat:3, Licht: 0,161596,3,7,0,10,13,1,0,0,1,0,0,0,0,0
"POINT (10.513165084000001 52.286553767000001)",Unfall 161626 (2022) Kat:3, Licht: 0,161626,3,1,0,09,14,1,0,0,1,0,0,0,0,0
"POINT (10.507102469000101 52.300028042000100)",Unfall 161661 (2022) Kat:3, Licht: 0,161661,3,6,4,09,08,2,0,0,1,0,0,0,0,0
"POINT (10.509343064000101 52.253205881000000)",Unfall 161667 (2022) Kat:3, Licht: 0,161667,3,3,5,09,16,5,0,0,1,1,0,0,0,0
"POINT (10.538423316999999 52.267598663999998)",Unfall 161703 (2022) Kat:3, Licht: 0,161703,3,2,0,09,16,5,0,0,1,1,0,0,0,0
"POINT (10.524302076000000 52.267520859999998)",Unfall 161785 (2022) Kat:3, Licht: 0,161785,3,2,2,09,08,2,0,0,0,1,0,1,0,0
"POINT (10.536223646000099 52.234289217000097)",Unfall 161795 (2022) Kat:3, Licht: 0,161795,3,2,0,09,09,2,0,0,0,1,0,1,0,0
"POINT (10.518847787000000 52.279239889999999)",Unfall 161801 (2022) Kat:3, Licht: 0,161801,3,3,5,09,15,4,1,0,1,1,0,0,0,0
"POINT (10.515609175000099 52.260135445000103)",Unfall 161913 (2022) Kat:3, Licht: 0,161913,3,7,1,09,08,4,0,0,1,1,0,0,0,0
"POINT (10.543095316000100 52.261403952000101)",Unfall 161923 (2022) Kat:3, Licht: 0,161923,3,6,3,09,17,5,1,0,0,1,0,0,0,0
"POINT (10.502393523000000 52.257020314000002)",Unfall 161938 (2022) Kat:3, Licht: 0,161938,3,2,4,10,16,3,0,0,1,1,0,0,0,0
"POINT (10.502714274000001 52.283708425000000)",Unfall 161945 (2022) Kat:3, Licht: 0,161945,3,6,3,09,18,3,0,0,1,1,0,0,0,0
"POINT (10.524303161000001 52.274673931999999)",Unfall 161978 (2022) Kat:3, Licht: 0,161978,3,3,5,10,11,5,0,0,1,1,0,0,0,0
"POINT (10.525280038000099 52.288421205000098)",Unfall 161982 (2022) Kat:3, Licht: 0,161982,3,3,5,09,08,4,0,0,1,1,0,0,0,0
"POINT (10.520010836999999 52.259590060999997)",Unfall 162006 (2022) Kat:3, Licht: 2,162006,3,1,0,09,03,7,0,2,0,0,0,0,0,1
"POINT (10.519298224000099 52.287969996000101)",Unfall 162013 (2022) Kat:3, Licht: 0,162013,3,3,5,09,13,6,0,0,1,1,0,0,0,0
"POINT (10.522101382000100 52.213991435000104)",Unfall 162024 (2022) Kat:3, Licht: 0,162024,3,1,0,09,11,6,0,0,1,0,0,0,0,0
"POINT (10.531378696000001 52.287313384000100)",Unfall 162029 (2022) Kat:3, Licht: 2,162029,3,3,5,09,20,1,1,2,0,1,0,0,0,1
"POINT (10.527805002999999 52.282420985999998)",Unfall 162050 (2022) Kat:3, Licht: 0,162050,3,3,5,09,08,3,1,0,1,1,0,0,0,0
"POINT (10.517270405000000 52.265341448000100)",Unfall 162056 (2022) Kat:3, Licht: 0,162056,3,3,5,09,11,6,0,0,1,1,0,0,0,0
"POINT (10.470571411000000 52.316491335000102)",Unfall 162095 (2022) Kat:3, Licht: 2,162095,3,7,0,09,22,3,0,2,1,0,0,0,0,1
"POINT (10.496754720000100 52.254432033000100)",Unfall 162121 (2022) Kat:3, Licht: 0,162121,3,2,3,09,14,3,0,0,1,1,0,0,0,0
"POINT (10.509780043999999 52.235803303000097)",Unfall 162130 (2022) Kat:3, Licht: 1,162130,3,1,9,09,19,5,1,1,0,1,0,0,0,0
"POINT (10.514357567999999 52.264635585000100)",Unfall 162191 (2022) Kat:3, Licht: 0,162191,3,1,0,10,10,2,0,0,0,0,0,1,0,0
"POINT (10.560462181000000 52.292498066000100)",Unfall 162198 (2022) Kat:3, Licht: 0,162198,3,3,5,09,13,6,1,0,1,1,0,0,0,0
"POINT (10.537501174999999 52.319726619999997)",Unfall 162235 (2022) Kat:3, Licht: 0,162235,3,3,5,09,14,4,0,0,1,1,0,0,0,0
"POINT (10.567392666000000 52.255160009000100)",Unfall 162253 (2022) Kat:2, Licht: 0,162253,2,7,9,10,11,3,0,0,0,1,0,0,0,0
"POINT (10.524506262999999 52.230874714999999)",Unfall 162266 (2022) Kat:3, Licht: 0,162266,3,2,2,10,16,3,0,0,0,1,0,0,0,0
"POINT (10.501091298000100 52.269931415000002)",Unfall 162348 (2022) Kat:3, Licht: 0,162348,3,3,0,09,18,4,1,0,0,1,0,0,0,0
"POINT (10.549197066000000 52.236620109000100)",Unfall 162354 (2022) Kat:3, Licht: 0,162354,3,2,5,09,13,6,0,0,1,1,0,0,0,0
"POINT (10.536362112000100 52.250859600000098)",Unfall 162355 (2022) Kat:3, Licht: 0,162355,3,2,3,09,14,6,0,0,1,0,0,0,0,1
"POINT (10.576146975000000 52.253702611000101)",Unfall 162392 (2022) Kat:3, Licht: 0,162392,3,3,5,10,17,5,0,0,1,1,0,0,0,0
"POINT (10.521302159000101 52.261354772000097)",Unfall 162397 (2022) Kat:3, Licht: 0,162397,3,7,0,09,11,4,1,0,1,0,0,0,0,0
"POINT (10.543374193000000 52.259594526000100)",Unfall 162398 (2022) Kat:3, Licht: 0,162398,3,3,5,09,14,3,1,0,1,1,0,0,0,0
"POINT (10.505524251000100 52.250183368000101)",Unfall 162420 (2022) Kat:2, Licht: 1,162420,2,2,5,10,18,4,0,1,1,1,0,0,0,0
"POINT (10.497591760000001 52.269016549000099)",Unfall 162424 (2022) Kat:3, Licht: 0,162424,3,3,5,09,17,7,0,0,1,1,0,0,0,0
"POINT (10.478639142000100 52.249210833000099)",Unfall 162431 (2022) Kat:3, Licht: 0,162431,3,4,6,09,10,6,0,0,0,0,1,0,0,1
"POINT (10.524550251999999 52.272024073000097)",Unfall 162444 (2022) Kat:3, Licht: 0,162444,3,3,5,09,17,7,1,0,1,1,0,0,0,0
"POINT (10.540043944000001 52.256771200999999)",Unfall 162472 (2022) Kat:3, Licht: 0,162472,3,2,2,10,15,3,0,0,0,1,0,0,0,0
"POINT (10.519675039999999 52.260444538000101)",Unfall 162487 (2022) Kat:2, Licht: 0,162487,2,1,0,09,15,2,0,0,1,0,0,0,0,0
"POINT (10.524258323000000 52.267499968999999)",Unfall 162521 (2022) Kat:3, Licht: 2,162521,3,1,0,09,01,6,0,2,1,0,0,0,0,0
"POINT (10.528545998000000 52.275495675999998)",Unfall 162522 (2022) Kat:3, Licht: 2,162522,3,2,2,09,20,4,0,2,0,1,0,0,0,0
"POINT (10.511585091000001 52.273517965000103)",Unfall 162531 (2022) Kat:3, Licht: 0,162531,3,2,5,09,16,5,0,0,1,0,0,0,0,1
"POINT (10.524026007000000 52.266607468000103)",Unfall 162532 (2022) Kat:3, Licht: 1,162532,3,7,1,09,19,4,0,1,1,1,0,0,0,0
"POINT (10.526315544999999 52.262816360999999)",Unfall 162536 (2022) Kat:3, Licht: 0,162536,3,2,3,09,13,5,1,0,1,1,0,0,0,0
"POINT (10.531162439000100 52.269577887000104)",Unfall 162538 (2022) Kat:3, Licht: 0,162538,3,6,6,09,16,4,0,0,1,0,1,0,0,0
"POINT (10.519903332000100 52.297833331000000)",Unfall 162626 (2022) Kat:3, Licht: 0,162626,3,5,1,10,16,5,0,0,0,1,0,1,0,0
"POINT (10.534288448000000 52.253287364000101)",Unfall 162646 (2022) Kat:3, Licht: 0,162646,3,5,3,11,12,7,0,0,1,1,0,0,0,0
"POINT (10.504876820000000 52.272196974000103)",Unfall 162700 (2022) Kat:2, Licht: 2,162700,2,3,5,10,20,6,0,2,0,1,0,0,0,1
"POINT (10.518466699999999 52.305775650999998)",Unfall 162729 (2022) Kat:3, Licht: 2,162729,3,7,0,10,21,7,0,2,0,1,1,0,0,0
"POINT (10.527599274000099 52.245845415000097)",Unfall 162737 (2022) Kat:3, Licht: 0,162737,3,6,2,10,18,6,0,0,0,1,0,0,0,0
"POINT (10.546632180000101 52.271333065000100)",Unfall 162775 (2022) Kat:2, Licht: 0,162775,2,1,0,10,14,5,1,0,1,0,0,0,0,0
"POINT (10.510827625999999 52.268620941000101)",Unfall 162784 (2022) Kat:3, Licht: 0,162784,3,2,3,10,14,3,0,0,1,1,0,0,0,0
"POINT (10.514570363000100 52.267088553000100)",Unfall 162785 (2022) Kat:3, Licht: 1,162785,3,3,0,10,18,5,0,1,1,0,0,0,0,1
"POINT (10.520766083000099 52.261327067000103)",Unfall 162820 (2022) Kat:2, Licht: 0,162820,2,1,0,11,15,4,1,0,1,0,0,0,0,0
"POINT (10.542602961000100 52.275236703000097)",Unfall 162862 (2022) Kat:3, Licht: 0,162862,3,1,0,11,11,3,0,0,1,0,0,0,0,0
"POINT (10.510537712000000 52.261632659000000)",Unfall 162901 (2022) Kat:3, Licht: 0,162901,3,4,0,10,14,2,1,0,1,0,1,0,0,0
"POINT (10.525602458000000 52.221596077000100)",Unfall 162915 (2022) Kat:3, Licht: 0,162915,3,5,1,11,13,6,0,0,1,1,0,0,0,0
"POINT (10.534068339999999 52.260694020000102)",Unfall 162937 (2022) Kat:3, Licht: 0,162937,3,1,0,10,13,4,0,0,1,0,0,0,0,0
"POINT (10.504291459999999 52.300978401000101)",Unfall 162954 (2022) Kat:3, Licht: 2,162954,3,6,4,11,05,3,1,2,0,1,0,0,0,0
"POINT (10.507518792000001 52.265030514999999)",Unfall 162965 (2022) Kat:3, Licht: 0,162965,3,7,0,10,13,6,0,0,0,1,1,0,0,0
"POINT (10.524693217999999 52.233734991000098)",Unfall 162981 (2022) Kat:3, Licht: 0,162981,3,3,5,11,11,4,0,0,1,1,0,0,0,0
"POINT (10.559082602000000 52.254923728000101)",Unfall 162993 (2022) Kat:3, Licht: 0,162993,3,6,2,10,15,1,0,0,0,1,0,0,0,0
"POINT (10.540256039999999 52.267950354000000)",Unfall 163026 (2022) Kat:3, Licht: 1,163026,3,2,6,11,06,5,0,1,0,1,1,0,0,0
"POINT (10.535568649000000 52.278699317000097)",Unfall 163029 (2022) Kat:3, Licht: 0,163029,3,3,0,10,10,4,0,0,1,1,0,0,0,0
"POINT (10.532669442000000 52.261202212000100)",Unfall 163046 (2022) Kat:3, Licht: 1,163046,3,1,0,10,18,3,0,1,1,0,0,0,0,0
"POINT (10.511502662000099 52.273636320000001)",Unfall 163047 (2022) Kat:3, Licht: 2,163047,3,2,5,10,20,6,1,2,1,1,0,0,0,0
"POINT (10.563729581000100 52.286750644000101)",Unfall 163097 (2022) Kat:3, Licht: 0,163097,3,2,4,10,07,5,0,0,1,1,0,0,0,0
"POINT (10.528212398000100 52.255208424000003)",Unfall 163198 (2022) Kat:3, Licht: 2,163198,3,6,2,10,19,7,0,2,0,1,0,0,0,0
"POINT (10.560359581000100 52.277121536999999)",Unfall 163210 (2022) Kat:3, Licht: 0,163210,3,5,1,10,09,5,0,0,1,1,0,0,0,0
"POINT (10.567406655000100 52.280881911999998)",Unfall 163255 (2022) Kat:3, Licht: 0,163255,3,5,1,10,10,7,1,0,1,1,0,0,0,0
"POINT (10.515875609000000 52.259788055000101)",Unfall 163288 (2022) Kat:3, Licht: 0,163288,3,2,5,11,12,4,0,0,1,1,0,0,0,0
"POINT (10.543562722000001 52.256900674000100)",Unfall 163313 (2022) Kat:3, Licht: 0,163313,3,6,2,11,14,4,0,0,0,1,0,0,0,0
"POINT (10.523252628000000 52.261627083000100)",Unfall 163315 (2022) Kat:3, Licht: 0,163315,3,4,6,10,15,4,0,0,1,0,1,0,0,0
"POINT (10.506182205000099 52.255364989999997)",Unfall 163375 (2022) Kat:3, Licht: 2,163375,3,3,5,10,06,3,1,2,0,1,0,0,0,0
"POINT (10.512118386999999 52.262406370000100)",Unfall 163387 (2022) Kat:3, Licht: 2,163387,3,7,0,10,18,7,1,2,0,1,1,0,0,0
"POINT (10.518311095000101 52.261640885000098)",Unfall 163405 (2022) Kat:3, Licht: 0,163405,3,5,0,10,11,5,0,0,0,1,0,0,0,1
"POINT (10.516046731000101 52.257333494000100)",Unfall 163410 (2022) Kat:2, Licht: 0,163410,2,6,3,10,14,7,0,0,1,0,0,0,0,0
"POINT (10.514935775000000 52.258595884000002)",Unfall 163417 (2022) Kat:3, Licht: 0,163417,3,5,3,10,13,7,0,0,0,1,0,1,0,0
"POINT (10.534076852000100 52.262956635000101)",Unfall 163433 (2022) Kat:3, Licht: 2,163433,3,3,5,10,20,6,1,2,1,1,0,0,0,0
"POINT (10.529567800000100 52.269158301000097)",Unfall 163447 (2022) Kat:3, Licht: 2,163447,3,4,6,10,02,1,0,2,0,1,1,0,0,0
"POINT (10.537860193000000 52.286746072000000)",Unfall 163455 (2022) Kat:3, Licht: 0,163455,3,1,0,10,15,6,1,0,0,1,0,0,0,0
"POINT (10.519909568000100 52.248885338000001)",Unfall 163481 (2022) Kat:3, Licht: 0,163481,3,1,0,11,10,6,1,0,1,0,0,0,0,1
"POINT (10.545545985000000 52.240194660999997)",Unfall 163487 (2022) Kat:3, Licht: 0,163487,3,3,5,10,13,5,0,0,0,1,0,1,0,0
"POINT (10.478751319000001 52.240332549000101)",Unfall 163502 (2022) Kat:3, Licht: 0,163502,3,3,5,10,13,4,0,0,1,1,0,0,0,0
"POINT (10.527965296000000 52.264487013000100)",Unfall 163510 (2022) Kat:3, Licht: 0,163510,3,7,0,10,14,5,0,0,1,0,0,0,0,0
"POINT (10.530438899000000 52.261949768000100)",Unfall 163516 (2022) Kat:3, Licht: 2,163516,3,3,5,11,05,4,0,2,1,0,0,0,0,0
"POINT (10.544309576000000 52.236923540000099)",Unfall 163544 (2022) Kat:2, Licht: 0,163544,2,1,0,10,18,4,0,0,1,0,0,0,0,0
"POINT (10.500139981000100 52.284959393000101)",Unfall 163547 (2022) Kat:3, Licht: 0,163547,3,3,0,11,13,7,0,0,0,1,0,1,0,0
"POINT (10.547552604000000 52.270202419000000)",Unfall 163551 (2022) Kat:3, Licht: 2,163551,3,1,0,11,17,3,1,2,1,0,0,0,0,0
"POINT (10.521939876999999 52.257051369000102)",Unfall 163586 (2022) Kat:3, Licht: 0,163586,3,1,0,10,12,1,1,0,1,0,0,0,0,0
"POINT (10.511107342000100 52.246105616000101)",Unfall 163592 (2022) Kat:3, Licht: 0,163592,3,6,2,10,06,4,0,0,0,1,0,0,0,0
"POINT (10.517521893000000 52.297620666999997)",Unfall 163594 (2022) Kat:3, Licht: 0,163594,3,3,5,11,13,4,1,0,0,1,0,1,0,0
"POINT (10.516272389000100 52.221054610000103)",Unfall 163610 (2022) Kat:3, Licht: 0,163610,3,7,0,10,09,6,0,0,1,0,0,0,0,1