WKT,Name,OBJECTID,UKATEGORIE,UTYP1,UART,UMONAT,USTUNDE,UWOCHENTAG,STRZUSTAND,ULICHTVERH,ISTRAD,ISTPKW,ISTFUSS,ISTKRAD,ISTGKFZ,ISTSONSTIG
"POINT (10.532666786000000 52.261203197000000)",Unfall 163676 (2022) Kat:3, Licht: 1,163676,3,1,0,10,18,2,0,1,1,0,0,0,0,0
"POINT (10.541046510000101 52.265969489000000)",Unfall 163695 (2022) Kat:3, Licht: 0,163695,3,2,4,10,13,6,0,0,0,1,0,0,0,0
"POINT (10.449192060000000 52.238281824000097)",Unfall 163719 (2022) Kat:3, Licht: 0,163719,3,7,0,11,14,1,0,0,0,0,0,0,0,1
"POINT (10.531795781000000 52.265589770000098)",Unfall 163725 (2022) Kat:3, Licht: 2,163725,3,4,6,12,17,5,0,2,0,1,1,0,0,0
"POINT (10.538441240000100 52.262893495000100)",Unfall 163786 (2022) Kat:3, Licht: 1,163786,3,1,0,11,17,5,1,1,1,0,0,0,0,0
"POINT (10.514977857000099 52.318414366000098)",Unfall 163794 (2022) Kat:3, Licht: 0,163794,3,7,6,12,09,6,1,0,0,1,1,0,0,0
"POINT (10.597278471999999 52.313818492000102)",Unfall 163805 (2022) Kat:2, Licht: 0,163805,2,2,4,11,12,5,0,0,1,1,0,0,0,0
"POINT (10.503467441000099 52.223510859000001)",Unfall 163862 (2022) Kat:3, Licht: 2,163862,3,2,4,12,18,5,1,2,1,1,0,0,0,0
"POINT (10.527471338000099 52.265461308000098)",Unfall 163867 (2022) Kat:2, Licht: 0,163867,2,2,5,12,13,5,0,0,1,0,0,0,1,0
"POINT (10.539929979000000 52.266415677000097)",Unfall 163875 (2022) Kat:3, Licht: 0,163875,3,3,5,11,13,3,0,0,0,1,0,0,0,0
"POINT (10.511208629000100 52.255792136000103)",Unfall 163905 (2022) Kat:3, Licht: 0,163905,3,6,2,11,12,3,0,0,0,1,0,0,0,0
"POINT (10.478407933000000 52.234381616000100)",Unfall 163940 (2022) Kat:3, Licht: 2,163940,3,2,5,11,17,5,0,2,1,1,0,0,0,0
"POINT (10.512555206000100 52.244242869000097)",Unfall 163946 (2022) Kat:3, Licht: 2,163946,3,7,2,11,18,2,0,2,0,1,0,0,0,0
"POINT (10.500096544000000 52.266670148999999)",Unfall 163953 (2022) Kat:3, Licht: 1,163953,3,2,6,12,07,6,1,1,0,0,1,0,0,1
"POINT (10.473106694000000 52.250631965000103)",Unfall 164005 (2022) Kat:3, Licht: 0,164005,3,6,6,12,15,4,1,0,0,1,1,0,0,0
"POINT (10.514231160000101 52.263132674000097)",Unfall 164006 (2022) Kat:3, Licht: 0,164006,3,5,1,12,13,5,1,0,0,1,0,0,0,1
"POINT (10.531024019000000 52.266219505000002)",Unfall 164009 (2022) Kat:3, Licht: 0,164009,3,2,2,12,15,7,0,0,1,1,0,0,0,0
"POINT (10.531077210999999 52.266165960000102)",Unfall 164016 (2022) Kat:3, Licht: 0,164016,3,7,0,12,10,3,0,0,0,1,1,0,0,0
"POINT (10.546519755000100 52.262735088000099)",Unfall 164019 (2022) Kat:2, Licht: 2,164019,2,2,6,11,18,2,0,2,0,1,1,0,0,0
"POINT (10.527230851000100 52.226531163000097)",Unfall 164027 (2022) Kat:3, Licht: 2,164027,3,4,6,12,07,3,0,2,0,1,1,0,0,0
"POINT (10.539610937000100 52.274045168999997)",Unfall 164059 (2022) Kat:3, Licht: 0,164059,3,1,0,11,13,3,0,0,1,0,0,0,0,0
"POINT (10.527469649000100 52.281379524999998)",Unfall 164069 (2022) Kat:3, Licht: 2,164069,3,3,5,12,07,6,1,2,1,1,0,0,0,0
"POINT (10.521813537000099 52.258634603000097)",Unfall 164070 (2022) Kat:3, Licht: 0,164070,3,1,0,11,08,2,0,0,1,0,0,0,0,0
"POINT (10.568127594000000 52.277808762000099)",Unfall 164112 (2022) Kat:3, Licht: 2,164112,3,6,2,12,18,3,0,2,0,1,0,0,0,0
"POINT (10.495194752000000 52.271910304000102)",Unfall 164130 (2022) Kat:3, Licht: 0,164130,3,6,2,12,10,3,1,0,0,1,0,0,0,0
"POINT (10.521686416000000 52.261358245000103)",Unfall 164141 (2022) Kat:3, Licht: 2,164141,3,1,0,12,22,5,1,2,1,0,0,0,0,0
"POINT (10.513308350000001 52.267545392999999)",Unfall 164146 (2022) Kat:3, Licht: 0,164146,3,2,5,11,10,7,1,0,1,1,0,0,0,0
"POINT (10.509447512000101 52.236570546999999)",Unfall 164204 (2022) Kat:3, Licht: 0,164204,3,6,3,12,10,4,0,0,0,1,0,0,1,0
"POINT (10.503774718000001 52.272832621000099)",Unfall 164230 (2022) Kat:3, Licht: 2,164230,3,3,5,11,16,3,0,2,1,1,0,0,0,0
"POINT (10.523220353999999 52.270007705000097)",Unfall 164251 (2022) Kat:3, Licht: 2,164251,3,2,2,11,16,5,1,2,0,1,0,0,0,0
"POINT (10.545329576000000 52.258029817000100)",Unfall 164255 (2022) Kat:3, Licht: 2,164255,3,1,0,11,18,3,1,2,0,0,0,1,0,0
"POINT (10.511547985000000 52.262190927000098)",Unfall 164269 (2022) Kat:3, Licht: 1,164269,3,2,6,12,16,5,0,1,0,1,1,0,0,0
"POINT (10.517061211000099 52.269915611000002)",Unfall 164288 (2022) Kat:3, Licht: 2,164288,3,5,3,11,18,2,0,2,1,1,0,0,0,0
"POINT (10.517593972000000 52.297629729999997)",Unfall 164302 (2022) Kat:3, Licht: 0,164302,3,2,4,12,14,2,0,0,0,1,0,0,0,0
"POINT (10.519386509000100 52.273264783999998)",Unfall 164310 (2022) Kat:3, Licht: 0,164310,3,3,5,12,13,2,1,0,0,1,0,0,0,1
"POINT (10.551533238999999 52.264370177000004)",Unfall 164330 (2022) Kat:2, Licht: 2,164330,2,2,6,12,18,1,1,2,0,1,1,0,0,0
"POINT (10.522329889000000 52.259462687000102)",Unfall 164341 (2022) Kat:3, Licht: 2,164341,3,7,0,12,02,6,1,2,0,1,0,0,0,0
"POINT (10.522689088000000 52.261437839000102)",Unfall 164363 (2022) Kat:3, Licht: 2,164363,3,1,0,12,02,4,1,2,1,0,0,0,0,0
"POINT (10.509438027000000 52.236634815999999)",Unfall 164397 (2022) Kat:3, Licht: 0,164397,3,6,3,11,08,3,0,0,0,1,0,0,1,0
"POINT (10.533735156000001 52.318409974000097)",Unfall 164452 (2022) Kat:3, Licht: 0,164452,3,3,5,12,15,3,1,0,0,1,0,0,0,0
"POINT (10.515006272000100 52.318423523000000)",Unfall 164458 (2022) Kat:3, Licht: 2,164458,3,7,1,12,16,5,0,2,0,1,0,0,0,0
"POINT (10.525739982000101 52.320771483000001)",Unfall 164472 (2022) Kat:3, Licht: 0,164472,3,7,7,11,13,5,1,0,0,0,0,1,0,0
"POINT (10.541025558000101 52.265963636000002)",Unfall 164522 (2022) Kat:3, Licht: 2,164522,3,4,6,12,16,1,0,2,0,1,1,0,0,0
"POINT (10.508503738000099 52.260940705000102)",Unfall 164546 (2022) Kat:3, Licht: 2,164546,3,1,8,12,06,2,2,2,0,1,0,0,0,0
"POINT (10.501275927000099 52.269586300000100)",Unfall 164557 (2022) Kat:2, Licht: 0,164557,2,3,5,11,16,3,0,0,1,1,0,0,0,0
"POINT (10.539119645000000 52.266858619000097)",Unfall 164581 (2022) Kat:3, Licht: 2,164581,3,5,0,11,17,2,0,2,1,1,0,0,0,0
"POINT (10.540579146000001 52.259210539999998)",Unfall 164602 (2022) Kat:2, Licht: 2,164602,2,2,5,12,07,5,1,2,1,1,0,0,0,0
"POINT (10.523686350000000 52.227519479000101)",Unfall 164607 (2022) Kat:3, Licht: 2,164607,3,2,6,11,17,7,1,2,0,1,1,0,0,0
"POINT (10.507875152000100 52.234249867000102)",Unfall 164626 (2022) Kat:3, Licht: 2,164626,3,6,2,11,18,3,0,2,0,1,0,0,0,0
"POINT (10.510842524999999 52.268632414000102)",Unfall 164629 (2022) Kat:2, Licht: 0,164629,2,2,3,11,08,5,0,0,1,1,0,0,0,0
"POINT (10.491843180000000 52.310159473000098)",Unfall 164662 (2022) Kat:3, Licht: 0,164662,3,2,5,11,12,4,1,0,0,0,0,0,0,1
"POINT (10.513805093000000 52.256756123999999)",Unfall 164668 (2022) Kat:2, Licht: 0,164668,2,3,5,12,12,4,0,0,0,1,0,0,0,1
"POINT (10.542788207999999 52.256267394000098)",Unfall 164687 (2022) Kat:3, Licht: 1,164687,3,7,5,12,16,3,1,1,1,1,0,0,0,0
"POINT (10.547158347000000 52.265411184000101)",Unfall 164690 (2022) Kat:3, Licht: 0,164690,3,3,5,11,08,3,0,0,1,1,0,0,0,0
"POINT (10.515899178000000 52.266682088000003)",Unfall 164701 (2022) Kat:3, Licht: 0,164701,3,6,2,11,10,5,1,0,0,1,0,0,0,0
"POINT (10.545376508000100 52.270079128000098)",Unfall 164733 (2022) Kat:3, Licht: 2,164733,3,7,0,11,00,5,1,2,0,1,1,0,0,0
"POINT (10.507196304000001 52.232162408000100)",Unfall 164740 (2022) Kat:3, Licht: 1,164740,3,6,2,12,07,5,1,1,0,1,0,0,0,0
"POINT (10.524253988000099 52.261558320000098)",Unfall 164791 (2022) Kat:3, Licht: 0,164791,3,2,3,11,12,6,1,0,1,1,0,0,0,0
"POINT (10.547375404000000 52.261047593000100)",Unfall 164830 (2022) Kat:3, Licht: 0,164830,3,7,1,12,12,4,0,0,0,1,0,0,0,0
"POINT (10.503096226000000 52.279527154000000)",Unfall 164838 (2022) Kat:3, Licht: 1,164838,3,6,2,11,16,6,1,1,0,1,0,0,0,0
"POINT (10.568806544999999 52.288372025999998)",Unfall 164848 (2022) Kat:3, Licht: 0,164848,3,7,6,12,09,3,0,0,0,0,1,0,0,1
"POINT (10.536237178000000 52.234408596999998)",Unfall 164966 (2022) Kat:3, Licht: 0,164966,3,2,2,12,10,5,0,0,0,1,0,0,0,1
"POINT (10.530768458000100 52.286128975000103)",Unfall 165106 (2022) Kat:3, Licht: 2,165106,3,4,6,12,18,6,1,2,1,0,1,0,0,0
"POINT (10.482536174000099 52.306733613000098)",Unfall 165692 (2022) Kat:3, Licht: 0,165692,3,7,1,12,10,5,1,0,0,1,0,0,0,0
"POINT (10.526284483000040 52.313625272000081)",Unfall 7911 (2023) Kat:3, Licht: 0,7911,3,6,2,01,14,2,0,0,0,0,0,0,1,1
"POINT (10.526284483000040 52.313625272000081)",Unfall 7912 (2023) Kat:2, Licht: 0,7912,2,6,2,01,14,2,0,0,0,0,0,0,1,0
"POINT (10.591181419000065 52.318072422000057)",Unfall 8042 (2023) Kat:2, Licht: 2,8042,2,1,4,01,18,5,2,2,0,1,0,0,0,0
"POINT (10.580280759000061 52.317459932000077)",Unfall 8043 (2023) Kat:3, Licht: 0,8043,3,1,8,01,08,5,2,0,0,1,0,0,0,0
"POINT (10.504165652000040 52.317669027000079)",Unfall 8385 (2023) Kat:3, Licht: 2,8385,3,6,3,01,18,4,1,2,0,1,0,0,1,0
"POINT (10.510511338000072 52.235276928000076)",Unfall 8386 (2023) Kat:3, Licht: 0,8386,3,1,0,01,13,4,1,0,0,0,0,1,0,0
"POINT (10.511416127000075 52.281675649000078)",Unfall 8467 (2023) Kat:3, Licht: 2,8467,3,6,2,01,18,2,1,2,0,1,0,0,0,0
"POINT (10.531530690000068 52.228235230000053)",Unfall 8489 (2023) Kat:3, Licht: 2,8489,3,1,8,01,04,1,0,2,0,1,0,0,0,0
"POINT (10.491712158000041 52.256602226000041)",Unfall 9173 (2023) Kat:3, Licht: 0,9173,3,6,2,01,07,5,1,0,0,1,0,0,0,0
"POINT (10.531686225000044 52.313433935000035)",Unfall 9359 (2023) Kat:3, Licht: 2,9359,3,6,2,01,17,3,1,2,0,1,0,0,0,1
"POINT (10.520896934000064 52.313814058000048)",Unfall 9528 (2023) Kat:3, Licht: 0,9528,3,1,9,01,10,2,1,0,0,1,0,0,0,0
"POINT (10.508353174000035 52.316489875000059)",Unfall 10046 (2023) Kat:3, Licht: 0,10046,3,6,2,03,15,7,1,0,0,1,0,0,0,0
"POINT (10.442146708000053 52.280614113000070)",Unfall 10170 (2023) Kat:3, Licht: 0,10170,3,2,2,03,12,5,1,0,0,1,0,0,0,0
"POINT (10.601225325000030 52.299207070000080)",Unfall 10302 (2023) Kat:3, Licht: 0,10302,3,6,2,03,09,7,1,0,0,1,0,0,0,0
"POINT (10.530044385000053 52.231789097000046)",Unfall 10374 (2023) Kat:3, Licht: 2,10374,3,6,2,03,18,5,0,2,0,1,0,0,0,0
"POINT (10.559903803000054 52.313178154000070)",Unfall 10459 (2023) Kat:3, Licht: 0,10459,3,6,2,02,08,3,1,0,0,0,0,0,1,0
"POINT (10.555826355000022 52.313213938000047)",Unfall 10542 (2023) Kat:3, Licht: 1,10542,3,6,3,02,16,7,1,1,0,1,0,0,0,0
"POINT (10.585046367000075 52.317121843000052)",Unfall 10874 (2023) Kat:3, Licht: 0,10874,3,1,9,02,07,5,2,0,0,1,0,0,0,0
"POINT (10.545440030000066 52.277626448000035)",Unfall 11009 (2023) Kat:3, Licht: 0,11009,3,2,5,02,08,2,0,0,1,1,0,0,0,0
"POINT (10.490230114000042 52.282716493000066)",Unfall 11093 (2023) Kat:3, Licht: 0,11093,3,1,9,03,15,7,1,0,0,1,0,0,0,0
"POINT (10.614828797000030 52.280912907000072)",Unfall 11108 (2023) Kat:3, Licht: 0,11108,3,1,9,02,16,6,0,0,0,0,0,1,0,0
"POINT (10.448098055000060 52.283172871000033)",Unfall 11141 (2023) Kat:2, Licht: 0,11141,2,1,8,02,16,5,0,0,0,1,0,0,0,0
"POINT (10.512020910000047 52.315854277000028)",Unfall 11193 (2023) Kat:3, Licht: 0,11193,3,6,2,02,11,4,2,0,0,1,0,0,1,0
"POINT (10.494240105000074 52.319894093000073)",Unfall 11246 (2023) Kat:3, Licht: 0,11246,3,6,2,02,09,3,0,0,0,1,0,0,1,0
"POINT (10.509453482000026 52.305082388000073)",Unfall 11247 (2023) Kat:3, Licht: 1,11247,3,1,9,02,08,3,1,1,0,1,0,0,0,0
"POINT (10.511182881000025 52.315721429000064)",Unfall 11314 (2023) Kat:3, Licht: 1,11314,3,6,2,02,07,2,1,1,0,1,0,0,0,0
"POINT (10.507743001000051 52.233967044000053)",Unfall 11687 (2023) Kat:3, Licht: 0,11687,3,6,3,05,17,3,0,0,0,1,0,0,1,0
"POINT (10.530941033000033 52.230049030000032)",Unfall 11688 (2023) Kat:3, Licht: 0,11688,3,6,2,05,13,3,0,0,0,1,0,0,0,0
"POINT (10.497962531000042 52.250604555000052)",Unfall 11689 (2023) Kat:3, Licht: 0,11689,3,6,2,05,08,3,0,0,0,1,0,0,0,0
"POINT (10.615435191000074 52.278241167000033)",Unfall 12314 (2023) Kat:3, Licht: 0,12314,3,3,5,04,10,7,0,0,1,1,0,0,0,0
"POINT (10.514053480000030 52.311331317000054)",Unfall 12411 (2023) Kat:3, Licht: 0,12411,3,6,2,04,13,5,0,0,0,1,0,0,0,0
"POINT (10.494836479000071 52.207851761000029)",Unfall 12487 (2023) Kat:3, Licht: 0,12487,3,3,5,04,14,3,0,0,0,1,0,0,0,0
"POINT (10.530631712000059 52.230647920000081)",Unfall 12926 (2023) Kat:3, Licht: 0,12926,3,6,2,04,09,5,0,0,0,1,0,0,0,0
"POINT (10.488943542000072 52.259586434000028)",Unfall 13143 (2023) Kat:3, Licht: 2,13143,3,6,2,04,23,7,1,2,0,1,0,0,0,0
"POINT (10.470606917000055 52.303651429000070)",Unfall 13229 (2023) Kat:3, Licht: 0,13229,3,6,8,03,08,5,1,0,0,1,0,0,0,0
"POINT (10.566089347000059 52.313084982000078)",Unfall 13638 (2023) Kat:2, Licht: 0,13638,2,6,2,03,12,3,0,0,0,0,0,0,1,0
"POINT (10.533432250000033 52.215666142000032)",Unfall 13881 (2023) Kat:2, Licht: 0,13881,2,3,5,03,15,5,0,0,1,1,0,0,0,0
"POINT (10.512169704000030 52.315822350000076)",Unfall 14007 (2023) Kat:3, Licht: 0,14007,3,3,5,03,16,2,0,0,0,1,0,0,1,0
"POINT (10.531012590000046 52.203350719000071)",Unfall 14182 (2023) Kat:3, Licht: 2,14182,3,6,2,08,21,6,1,2,0,1,0,0,0,0
"POINT (10.490444708000041 52.230228061000048)",Unfall 14331 (2023) Kat:3, Licht: 0,14331,3,6,8,07,14,1,0,0,0,1,0,0,0,0
"POINT (10.523007959000040 52.336951322000061)",Unfall 14436 (2023) Kat:3, Licht: 0,14436,3,1,8,07,17,5,1,0,0,1,0,0,0,0
"POINT (10.511488908000047 52.315642158000060)",Unfall 15094 (2023) Kat:3, Licht: 0,15094,3,6,8,07,08,6,0,0,0,1,0,0,0,0
"POINT (10.452438576000077 52.260380694000048)",Unfall 15206 (2023) Kat:3, Licht: 0,15206,3,6,2,07,14,3,0,0,0,1,0,0,0,0
"POINT (10.453053346000047 52.315034815000047)",Unfall 15231 (2023) Kat:3, Licht: 0,15231,3,3,5,07,14,2,0,0,1,1,0,0,0,0
"POINT (10.496296256000051 52.217771468000080)",Unfall 15264 (2023) Kat:3, Licht: 0,15264,3,6,8,07,18,1,0,0,0,1,0,0,0,0
"POINT (10.533449116000043 52.217754207000041)",Unfall 15369 (2023) Kat:2, Licht: 0,15369,2,7,9,07,07,6,0,0,0,1,0,0,0,0
"POINT (10.540544857000043 52.313354430000061)",Unfall 15476 (2023) Kat:3, Licht: 0,15476,3,6,2,06,08,3,0,0,0,1,0,0,1,0
"POINT (10.463093989000072 52.306357439000067)",Unfall 15524 (2023) Kat:3, Licht: 0,15524,3,2,4,06,19,2,0,0,1,1,0,0,0,0
"POINT (10.629743585000028 52.289563282000074)",Unfall 15794 (2023) Kat:2, Licht: 0,15794,2,6,4,07,12,2,0,0,0,1,0,0,0,0
"POINT (10.538960642000063 52.313369995000073)",Unfall 15828 (2023) Kat:3, Licht: 0,15828,3,6,3,06,13,4,0,0,0,1,0,0,0,1
"POINT (10.594999908000034 52.283532453000078)",Unfall 15859 (2023) Kat:3, Licht: 0,15859,3,6,4,06,14,4,0,0,0,1,0,0,0,1
"POINT (10.614830026000050 52.281193159000054)",Unfall 15885 (2023) Kat:1, Licht: 0,15885,1,2,4,06,16,4,0,0,0,0,0,1,0,1
"POINT (10.490862823000043 52.281575726000028)",Unfall 16109 (2023) Kat:3, Licht: 0,16109,3,6,3,06,08,6,1,0,0,1,0,0,1,0
"POINT (10.530134435000036 52.236658896000051)",Unfall 16498 (2023) Kat:3, Licht: 0,16498,3,1,8,07,09,7,1,0,0,1,0,0,0,0
"POINT (10.584226241000067 52.308326268000030)",Unfall 16927 (2023) Kat:3, Licht: 0,16927,3,7,9,06,15,1,0,0,0,1,0,0,0,0
"POINT (10.479922512000030 52.269847027000026)",Unfall 17015 (2023) Kat:2, Licht: 0,17015,2,2,2,06,13,2,0,0,0,1,0,1,0,0
"POINT (10.507900443000040 52.246024610000063)",Unfall 17053 (2023) Kat:3, Licht: 0,17053,3,6,3,06,07,6,0,0,0,1,0,0,1,0
"POINT (10.499059384000077 52.222550546000036)",Unfall 17054 (2023) Kat:3, Licht: 0,17054,3,6,8,06,05,6,0,0,0,1,0,0,0,0
"POINT (10.495600442000068 52.206004098000051)",Unfall 17314 (2023) Kat:2, Licht: 0,17314,2,1,0,05,14,2,0,0,1,0,0,0,0,0
"POINT (10.442588745000023 52.280747652000059)",Unfall 17440 (2023) Kat:3, Licht: 0,17440,3,6,2,05,09,7,0,0,0,1,0,0,0,0
"POINT (10.591227022000055 52.250599307000073)",Unfall 17576 (2023) Kat:3, Licht: 0,17576,3,6,2,05,14,5,0,0,0,1,0,0,0,0
"POINT (10.507215081000027 52.246480048000080)",Unfall 18081 (2023) Kat:3, Licht: 0,18081,3,1,9,05,08,4,0,0,0,1,0,0,0,0
"POINT (10.463620944000070 52.263921190000076)",Unfall 18345 (2023) Kat:2, Licht: 0,18345,2,6,4,09,15,1,0,0,0,1,0,0,0,1
"POINT (10.492835621000040 52.283882366000057)",Unfall 18389 (2023) Kat:3, Licht: 0,18389,3,1,9,09,12,7,0,0,0,1,0,0,0,0
"POINT (10.522649627000021 52.319282954000073)",Unfall 18510 (2023) Kat:3, Licht: 0,18510,3,7,2,08,08,5,0,0,0,1,0,0,1,0
"POINT (10.521656102000065 52.236875016000056)",Unfall 18549 (2023) Kat:3, Licht: 0,18549,3,6,3,08,16,4,0,0,0,1,0,0,1,0
"POINT (10.516342140000063 52.315175281000052)",Unfall 18663 (2023) Kat:3, Licht: 2,18663,3,1,8,08,20,1,1,2,0,0,0,1,0,0
"POINT (10.530200599000068 52.231485577000058)",Unfall 18834 (2023) Kat:3, Licht: 0,18834,3,6,2,08,15,5,0,0,0,1,0,0,0,0
"POINT (10.469959297000059 52.303953770000078)",Unfall 19074 (2023) Kat:3, Licht: 0,19074,3,6,2,08,08,7,0,0,0,1,0,0,0,0
"POINT (10.435742717000039 52.258361054000034)",Unfall 19298 (2023) Kat:2, Licht: 0,19298,2,6,9,08,18,7,1,0,1,0,0,0,0,0
"POINT (10.487507970000024 52.267470029000037)",Unfall 19497 (2023) Kat:3, Licht: 0,19497,3,6,2,08,19,7,0,0,0,1,0,0,0,0
"POINT (10.494581697000058 52.282884932000059)",Unfall 19774 (2023) Kat:3, Licht: 2,19774,3,1,8,10,23,3,1,2,0,1,0,0,0,0
"POINT (10.530155759000024 52.231572699000026)",Unfall 19878 (2023) Kat:3, Licht: 0,19878,3,6,2,10,13,6,1,0,0,1,0,0,0,0
"POINT (10.489122796000061 52.271999320000077)",Unfall 19919 (2023) Kat:3, Licht: 2,19919,3,2,2,10,06,5,1,2,0,1,0,0,0,0
"POINT (10.495616845000029 52.205736105000028)",Unfall 19920 (2023) Kat:3, Licht: 2,19920,3,3,5,10,06,5,1,2,1,1,0,0,0,0
"POINT (10.529435655000043 52.236039751000078)",Unfall 20120 (2023) Kat:2, Licht: 0,20120,2,1,0,10,09,6,1,0,0,0,0,1,0,0
"POINT (10.507527512000024 52.246365724000043)",Unfall 20321 (2023) Kat:3, Licht: 0,20321,3,1,3,10,16,2,1,0,0,1,0,0,0,0
"POINT (10.494854580000037 52.207826761000035)",Unfall 20386 (2023) Kat:3, Licht: 0,20386,3,1,0,10,16,2,1,0,0,0,0,1,0,0
"POINT (10.559471663000068 52.218613498000082)",Unfall 20493 (2023) Kat:3, Licht: 2,20493,3,1,8,10,22,5,1,2,0,1,0,0,0,0
"POINT (10.589017356000056 52.260830673000044)",Unfall 20905 (2023) Kat:3, Licht: 0,20905,3,6,4,09,16,3,0,0,1,0,0,0,0,0
"POINT (10.489443833000053 52.259098977000065)",Unfall 20928 (2023) Kat:3, Licht: 2,20928,3,1,8,10,20,6,0,2,0,1,0,0,0,0
"POINT (10.495397313000069 52.319615711000040)",Unfall 21075 (2023) Kat:3, Licht: 0,21075,3,6,2,09,10,6,0,0,0,0,0,0,1,0
"POINT (10.604929416000061 52.280969356000071)",Unfall 21084 (2023) Kat:3, Licht: 0,21084,3,3,5,10,15,1,0,0,0,0,0,1,0,0
"POINT (10.509113865000074 52.316473739000060)",Unfall 21241 (2023) Kat:3, Licht: 0,21241,3,6,2,09,18,3,0,0,0,1,0,0,0,0
"POINT (10.488410928000064 52.208326690000035)",Unfall 21306 (2023) Kat:3, Licht: 2,21306,3,6,2,09,00,1,0,2,0,1,0,0,0,1
"POINT (10.584088451000071 52.311802228000033)",Unfall 21520 (2023) Kat:2, Licht: 0,21520,2,6,2,09,08,5,0,0,0,0,0,0,1,0
"POINT (10.601721551000026 52.281271378000042)",Unfall 21521 (2023) Kat:3, Licht: 0,21521,3,6,4,09,10,5,0,0,0,1,0,0,1,0
"POINT (10.617409305000024 52.319242855000027)",Unfall 21674 (2023) Kat:3, Licht: 0,21674,3,6,4,09,17,5,1,0,0,1,0,0,0,0
"POINT (10.450575747000073 52.285964884000066)",Unfall 21779 (2023) Kat:3, Licht: 0,21779,3,2,5,09,15,3,0,0,0,1,0,0,0,0
"POINT (10.584915232000071 52.311734394000041)",Unfall 22031 (2023) Kat:1, Licht: 0,22031,1,6,2,09,15,5,0,0,0,0,0,0,1,0
"POINT (10.492372250000074 52.274745983000059)",Unfall 22035 (2023) Kat:3, Licht: 0,22035,3,6,2,09,16,5,0,0,0,1,0,0,0,0
"POINT (10.462435790000029 52.263393860000065)",Unfall 22036 (2023) Kat:2, Licht: 1,22036,2,1,8,09,07,5,0,1,0,1,0,0,0,0
"POINT (10.476072343000055 52.268819207000035)",Unfall 22745 (2023) Kat:3, Licht: 2,22745,3,1,9,12,01,1,1,2,0,1,0,0,0,0
"POINT (10.609630792000075 52.309785060000081)",Unfall 22834 (2023) Kat:3, Licht: 0,22834,3,1,9,12,11,1,1,0,0,1,0,0,0,0
"POINT (10.616294095000057 52.309864333000064)",Unfall 23106 (2023) Kat:3, Licht: 0,23106,3,6,2,12,08,5,1,0,0,1,0,0,0,0
"POINT (10.522215688000074 52.236823026000081)",Unfall 23147 (2023) Kat:3, Licht: 0,23147,3,6,3,12,12,4,1,0,0,1,0,0,1,0
"POINT (10.522087821000071 52.314113703000032)",Unfall 23175 (2023) Kat:3, Licht: 2,23175,3,6,2,12,17,3,0,2,0,1,0,0,0,0
"POINT (10.589192020000041 52.311541779000038)",Unfall 23242 (2023) Kat:3, Licht: 2,23242,3,1,9,12,22,1,1,2,0,1,0,0,0,0
"POINT (10.530856799000048 52.230211555000039)",Unfall 23320 (2023) Kat:3, Licht: 0,23320,3,6,2,12,13,6,1,0,0,1,0,0,1,0
"POINT (10.515510128000074 52.313168620000056)",Unfall 23375 (2023) Kat:3, Licht: 1,23375,3,6,3,12,07,5,1,1,0,1,0,0,0,0
"POINT (10.453513882000038 52.231004457000040)",Unfall 23420 (2023) Kat:3, Licht: 0,23420,3,2,5,12,14,6,1,0,0,1,0,0,0,0
"POINT (10.531432635000044 52.345645412000067)",Unfall 23515 (2023) Kat:3, Licht: 0,23515,3,7,4,12,14,2,0,0,0,1,0,0,0,0
"POINT (10.524802920000070 52.339206965000074)",Unfall 23757 (2023) Kat:3, Licht: 0,23757,3,1,4,11,08,3,2,0,0,1,0,0,0,0
"POINT (10.524870078000049 52.339409490000037)",Unfall 23908 (2023) Kat:3, Licht: 2,23908,3,1,8,11,03,7,2,2,0,1,0,0,0,0
"POINT (10.530807795000044 52.230320801000062)",Unfall 23961 (2023) Kat:3, Licht: 0,23961,3,6,2,12,13,6,1,0,0,1,0,0,0,0
"POINT (10.516971556000044 52.314811076000069)",Unfall 24104 (2023) Kat:3, Licht: 1,24104,3,6,2,11,15,4,0,1,0,1,0,0,0,0
"POINT (10.548239180000053 52.217567954000060)",Unfall 24161 (2023) Kat:3, Licht: 2,24161,3,7,8,11,01,3,0,2,0,1,0,0,0,0
"POINT (10.525125631000037 52.334154790000071)",Unfall 24503 (2023) Kat:3, Licht: 0,24503,3,1,4,11,09,4,1,0,0,1,0,0,1,0
"POINT (10.471726056000023 52.267616023000073)",Unfall 24504 (2023) Kat:3, Licht: 2,24504,3,1,8,11,21,4,1,2,0,1,0,0,0,0
"POINT (10.519725940000058 52.236311259000047)",Unfall 24550 (2023) Kat:3, Licht: 0,24550,3,6,2,12,07,2,0,0,0,1,0,0,0,0
"POINT (10.520827993000069 52.236561723000079)",Unfall 24775 (2023) Kat:3, Licht: 1,24775,3,6,2,11,17,6,0,1,0,1,0,0,0,0
"POINT (10.513139202000048 52.233843120000074)",Unfall 24792 (2023) Kat:3, Licht: 0,24792,3,6,2,11,06,3,1,0,0,1,0,0,0,0
"POINT (10.509408409000059 52.243936468000072)",Unfall 24975 (2023) Kat:3, Licht: 0,24975,3,6,2,11,15,3,0,0,0,1,0,0,0,0
"POINT (10.604689127000029 52.310060016000079)",Unfall 24995 (2023) Kat:3, Licht: 2,24995,3,1,7,11,23,5,1,2,0,1,0,0,0,0
"POINT (10.547044095000047 52.275819808000051)",Unfall 158025 (2023) Kat:3, Licht: 2,158025,3,3,0,02,18,4,0,2,1,1,0,0,0,0