WKT,Name,OBJECTID,UKATEGORIE,UTYP1,UART,UMONAT,USTUNDE,UWOCHENTAG,STRZUSTAND,ULICHTVERH,ISTRAD,ISTPKW,ISTFUSS,ISTKRAD,ISTGKFZ,ISTSONSTIG
"POINT (10.491416483000023 52.310401544000058)",Unfall 158026 (2023) Kat:3, Licht: 1,158026,3,3,5,02,06,4,1,1,1,0,0,0,1,0
"POINT (10.534949763000043 52.277540623000050)",Unfall 158054 (2023) Kat:2, Licht: 0,158054,2,2,4,02,15,3,0,0,0,1,0,0,0,0
"POINT (10.531570638000062 52.235197697000046)",Unfall 158055 (2023) Kat:2, Licht: 0,158055,2,2,4,02,08,3,0,0,1,1,0,0,0,0
"POINT (10.491378884000028 52.310235093000074)",Unfall 158185 (2023) Kat:3, Licht: 2,158185,3,2,4,01,18,3,1,2,0,1,0,0,0,0
"POINT (10.508469085000058 52.235614930000054)",Unfall 158199 (2023) Kat:3, Licht: 0,158199,3,6,3,01,13,2,1,0,0,1,0,0,1,0
"POINT (10.514182931000050 52.262617711000075)",Unfall 158200 (2023) Kat:3, Licht: 2,158200,3,2,6,01,06,2,0,2,0,1,1,0,0,0
"POINT (10.542891544000042 52.262922848000073)",Unfall 158201 (2023) Kat:3, Licht: 2,158201,3,2,6,01,06,2,1,2,0,1,1,0,0,0
"POINT (10.545741022000072 52.303837794000060)",Unfall 158219 (2023) Kat:3, Licht: 2,158219,3,2,4,01,18,7,0,2,0,1,0,0,0,0
"POINT (10.511345618000064 52.246911189000059)",Unfall 158277 (2023) Kat:3, Licht: 0,158277,3,3,5,01,11,5,0,0,0,1,0,0,0,0
"POINT (10.569443149000051 52.253232805000039)",Unfall 158278 (2023) Kat:3, Licht: 2,158278,3,1,0,01,01,5,2,2,0,0,0,0,0,1
"POINT (10.500461148000056 52.224936783000032)",Unfall 158319 (2023) Kat:3, Licht: 0,158319,3,6,2,01,07,3,0,0,0,1,0,0,0,0
"POINT (10.537132743000029 52.266363835000050)",Unfall 158333 (2023) Kat:3, Licht: 2,158333,3,5,0,01,17,2,1,2,1,1,0,0,0,0
"POINT (10.498802266000041 52.255199572000038)",Unfall 158348 (2023) Kat:3, Licht: 2,158348,3,3,5,01,20,1,1,2,0,1,0,0,0,1
"POINT (10.508167281000055 52.271021292000057)",Unfall 158375 (2023) Kat:3, Licht: 2,158375,3,3,0,01,18,6,0,2,1,1,0,0,0,0
"POINT (10.487972422000041 52.233924112000068)",Unfall 158403 (2023) Kat:3, Licht: 2,158403,3,2,5,01,17,5,0,2,0,1,0,0,0,0
"POINT (10.540097170000024 52.256768286000067)",Unfall 158427 (2023) Kat:3, Licht: 2,158427,3,3,5,01,18,4,0,2,0,1,0,0,0,0
"POINT (10.532035658000041 52.258124952000060)",Unfall 158428 (2023) Kat:3, Licht: 2,158428,3,3,5,01,17,4,0,2,1,1,0,0,0,0
"POINT (10.544380336000074 52.258608192000054)",Unfall 158429 (2023) Kat:3, Licht: 0,158429,3,2,4,01,13,4,0,0,0,1,0,0,0,1
"POINT (10.522793808000074 52.261468319000073)",Unfall 158489 (2023) Kat:3, Licht: 0,158489,3,6,0,01,11,2,0,0,1,1,0,0,0,0
"POINT (10.501984612000058 52.272843889000058)",Unfall 158589 (2023) Kat:2, Licht: 2,158589,2,2,6,01,17,5,1,2,0,0,1,0,0,1
"POINT (10.535835205000069 52.252253553000060)",Unfall 158590 (2023) Kat:3, Licht: 1,158590,3,3,5,01,07,5,0,1,1,1,0,0,0,0
"POINT (10.534591318000025 52.270821177000073)",Unfall 158591 (2023) Kat:3, Licht: 2,158591,3,1,0,01,00,5,0,2,0,0,0,0,0,1
"POINT (10.498449360000052 52.260612824000077)",Unfall 158646 (2023) Kat:3, Licht: 0,158646,3,2,6,01,10,3,0,0,0,0,1,0,0,1
"POINT (10.524626368000042 52.273705035000035)",Unfall 158675 (2023) Kat:3, Licht: 0,158675,3,1,0,01,11,2,1,0,0,0,0,1,0,0
"POINT (10.538090736000072 52.262819043000036)",Unfall 158676 (2023) Kat:3, Licht: 1,158676,3,2,4,01,08,2,1,1,1,1,0,0,0,0
"POINT (10.515249415000028 52.277016446000061)",Unfall 158684 (2023) Kat:3, Licht: 2,158684,3,7,0,01,18,1,0,2,1,0,0,0,0,0
"POINT (10.518102319000036 52.262758587000064)",Unfall 158697 (2023) Kat:3, Licht: 0,158697,3,6,3,01,13,7,0,0,1,0,0,0,0,1
"POINT (10.508272172000034 52.257956254000078)",Unfall 158739 (2023) Kat:3, Licht: 0,158739,3,3,5,01,10,5,1,0,0,1,0,1,0,0
"POINT (10.513054971000031 52.267741898000054)",Unfall 158777 (2023) Kat:3, Licht: 2,158777,3,1,0,01,17,5,1,2,0,0,0,1,0,0
"POINT (10.540814238000053 52.279166456000041)",Unfall 158934 (2023) Kat:3, Licht: 2,158934,3,1,0,01,18,5,2,2,1,0,0,0,0,0
"POINT (10.533151087000022 52.266290377000075)",Unfall 159304 (2023) Kat:3, Licht: 0,159304,3,5,5,03,13,3,0,0,1,1,0,0,0,0
"POINT (10.519769554000050 52.265675420000036)",Unfall 159345 (2023) Kat:3, Licht: 0,159345,3,1,0,03,13,7,0,0,0,0,0,0,0,1
"POINT (10.523110609000071 52.261568044000057)",Unfall 159346 (2023) Kat:3, Licht: 0,159346,3,1,0,03,14,7,1,0,1,0,0,0,0,0
"POINT (10.471533311000030 52.248836805000053)",Unfall 159371 (2023) Kat:2, Licht: 1,159371,2,4,6,03,18,6,1,1,0,1,1,0,0,0
"POINT (10.489850559000047 52.246484766000037)",Unfall 159372 (2023) Kat:2, Licht: 0,159372,2,3,5,03,16,6,0,0,0,1,0,1,0,0
"POINT (10.519554618000029 52.277662244000055)",Unfall 159410 (2023) Kat:3, Licht: 0,159410,3,3,5,03,12,4,0,0,1,1,0,0,0,0
"POINT (10.559579951000046 52.236613764000026)",Unfall 159434 (2023) Kat:3, Licht: 0,159434,3,3,5,03,15,3,1,0,0,1,0,0,0,0
"POINT (10.509054315000071 52.270009611000035)",Unfall 159435 (2023) Kat:3, Licht: 0,159435,3,6,2,03,13,3,1,0,0,1,0,0,0,0
"POINT (10.544410318000075 52.282043555000030)",Unfall 159436 (2023) Kat:3, Licht: 0,159436,3,5,5,03,13,3,0,0,1,1,0,0,0,0
"POINT (10.508233367000059 52.261375168000029)",Unfall 159460 (2023) Kat:3, Licht: 0,159460,3,2,2,03,15,2,0,0,0,1,0,0,0,0
"POINT (10.520304446000068 52.261066828000082)",Unfall 159474 (2023) Kat:3, Licht: 2,159474,3,1,0,03,19,1,1,2,1,0,0,0,0,0
"POINT (10.523525069000073 52.262187793000066)",Unfall 159494 (2023) Kat:3, Licht: 0,159494,3,4,0,03,13,7,0,0,1,0,1,0,0,1
"POINT (10.327789578000022 52.057835977000082)",Unfall 159515 (2023) Kat:3, Licht: 2,159515,3,6,0,03,22,6,0,2,0,1,0,0,0,0
"POINT (10.536333287000048 52.230923751000034)",Unfall 159516 (2023) Kat:3, Licht: 2,159516,3,7,1,03,19,6,0,2,0,1,1,0,0,0
"POINT (10.495265154000037 52.280286156000045)",Unfall 159538 (2023) Kat:3, Licht: 0,159538,3,7,5,03,16,5,0,0,0,1,0,0,0,1
"POINT (10.521759609000071 52.227503639000076)",Unfall 159561 (2023) Kat:3, Licht: 0,159561,3,2,0,03,15,4,0,0,0,1,0,0,0,0
"POINT (10.572393482000052 52.280151271000079)",Unfall 159562 (2023) Kat:3, Licht: 0,159562,3,3,5,03,14,4,0,0,1,0,0,0,0,0
"POINT (10.530029010000021 52.269275729000071)",Unfall 159617 (2023) Kat:3, Licht: 0,159617,3,2,4,03,15,7,1,0,1,1,0,0,0,0
"POINT (10.517124155000033 52.266600261000065)",Unfall 159671 (2023) Kat:3, Licht: 2,159671,3,7,0,03,18,5,1,2,1,0,0,0,0,0
"POINT (10.526084709000031 52.265376842000080)",Unfall 159672 (2023) Kat:3, Licht: 0,159672,3,6,2,03,12,5,1,0,0,1,0,0,0,0
"POINT (10.545138219000023 52.238076388000081)",Unfall 159703 (2023) Kat:3, Licht: 0,159703,3,4,6,03,09,4,1,0,0,1,1,0,0,0
"POINT (10.510301717000061 52.255955062000055)",Unfall 159738 (2023) Kat:2, Licht: 0,159738,2,4,6,03,13,3,1,0,0,0,1,0,0,1
"POINT (10.507880371000056 52.278714347000061)",Unfall 159739 (2023) Kat:3, Licht: 0,159739,3,3,5,03,07,3,1,0,1,1,0,0,0,0
"POINT (10.524713751000036 52.260718222000037)",Unfall 159774 (2023) Kat:3, Licht: 2,159774,3,7,0,03,18,1,0,2,0,0,1,1,0,0
"POINT (10.528468516000032 52.262452388000042)",Unfall 159779 (2023) Kat:3, Licht: 2,159779,3,3,5,03,00,7,2,2,1,1,0,0,0,0
"POINT (10.488067852000029 52.259899909000069)",Unfall 159799 (2023) Kat:3, Licht: 0,159799,3,6,3,03,10,6,0,0,1,1,0,0,0,0
"POINT (10.517697835000035 52.291732077000063)",Unfall 159800 (2023) Kat:3, Licht: 1,159800,3,3,5,03,05,6,1,1,0,1,0,0,0,0
"POINT (10.500351814000055 52.253073880000045)",Unfall 159819 (2023) Kat:3, Licht: 0,159819,3,2,0,03,15,5,0,0,1,0,0,0,0,1
"POINT (10.528968066000061 52.240958582000076)",Unfall 159820 (2023) Kat:3, Licht: 0,159820,3,4,6,03,17,4,0,0,1,0,1,0,0,0
"POINT (10.519666000000029 52.278918361000080)",Unfall 159900 (2023) Kat:3, Licht: 0,159900,3,3,5,02,06,2,0,0,1,1,0,0,0,0
"POINT (10.545762246000038 52.274613412000065)",Unfall 159909 (2023) Kat:3, Licht: 0,159909,3,3,5,02,15,1,0,0,1,1,0,0,0,0
"POINT (10.497837039000046 52.211277369000072)",Unfall 159921 (2023) Kat:2, Licht: 0,159921,2,3,5,02,17,7,1,0,0,1,0,0,0,1
"POINT (10.518779094000024 52.289184566000074)",Unfall 160036 (2023) Kat:2, Licht: 0,160036,2,3,5,02,15,3,0,0,1,1,0,0,0,0
"POINT (10.445356485000048 52.266249679000055)",Unfall 160055 (2023) Kat:3, Licht: 0,160055,3,5,2,02,11,2,0,0,0,1,0,0,0,0
"POINT (10.507356491000053 52.269416164000063)",Unfall 160115 (2023) Kat:3, Licht: 2,160115,3,2,2,02,20,6,1,2,1,1,0,0,0,0
"POINT (10.509827109000071 52.241582019000077)",Unfall 160139 (2023) Kat:3, Licht: 0,160139,3,6,3,03,16,6,1,0,0,1,0,0,1,0
"POINT (10.536662942000021 52.280448781000075)",Unfall 160140 (2023) Kat:3, Licht: 2,160140,3,1,0,02,21,5,0,2,1,0,0,0,0,0
"POINT (10.507324653000069 52.339137352000080)",Unfall 160141 (2023) Kat:2, Licht: 0,160141,2,5,1,02,11,5,0,0,0,0,0,0,1,1
"POINT (10.511558089000061 52.262175614000057)",Unfall 160169 (2023) Kat:3, Licht: 0,160169,3,3,5,02,08,4,2,0,1,1,0,0,0,0
"POINT (10.517631187000063 52.297634128000027)",Unfall 160181 (2023) Kat:2, Licht: 0,160181,2,2,4,03,16,5,0,0,0,1,0,0,0,0
"POINT (10.504389887000059 52.226872772000036)",Unfall 160200 (2023) Kat:3, Licht: 0,160200,3,2,4,02,09,3,0,0,0,1,0,0,0,0
"POINT (10.518077493000021 52.330767178000031)",Unfall 160245 (2023) Kat:3, Licht: 0,160245,3,3,5,02,13,1,0,0,0,1,0,0,0,0
"POINT (10.522884354000041 52.273994950000031)",Unfall 160264 (2023) Kat:3, Licht: 2,160264,3,1,0,02,19,7,1,2,0,0,0,0,0,1
"POINT (10.517628241000068 52.260524130000078)",Unfall 160265 (2023) Kat:3, Licht: 0,160265,3,3,5,02,13,7,1,0,1,0,0,0,0,0
"POINT (10.542266884000071 52.261751928000081)",Unfall 160284 (2023) Kat:3, Licht: 0,160284,3,3,5,02,14,6,0,0,1,1,0,0,0,0
"POINT (10.505895181000028 52.268933143000027)",Unfall 160426 (2023) Kat:3, Licht: 0,160426,3,3,5,05,10,2,0,0,0,1,0,0,0,0
"POINT (10.524433403000046 52.261579074000053)",Unfall 160437 (2023) Kat:3, Licht: 2,160437,3,1,0,05,03,1,0,2,1,0,0,0,0,0
"POINT (10.536364412000069 52.264926684000045)",Unfall 160483 (2023) Kat:3, Licht: 0,160483,3,5,0,05,17,6,0,0,1,1,0,0,0,0
"POINT (10.444322548000059 52.266231617000074)",Unfall 160515 (2023) Kat:3, Licht: 0,160515,3,3,5,05,17,5,0,0,1,1,0,0,0,0
"POINT (10.535404942000071 52.287065698000049)",Unfall 160516 (2023) Kat:3, Licht: 0,160516,3,1,0,05,13,5,0,0,1,0,0,0,0,0
"POINT (10.508955882000066 52.238175685000044)",Unfall 160546 (2023) Kat:3, Licht: 0,160546,3,6,3,05,14,4,0,0,0,1,0,0,1,0
"POINT (10.509362294000027 52.261328738000032)",Unfall 160547 (2023) Kat:1, Licht: 1,160547,1,7,6,05,20,4,0,1,0,0,1,0,0,1
"POINT (10.515857878000077 52.259632522000061)",Unfall 160548 (2023) Kat:2, Licht: 0,160548,2,6,2,05,08,4,0,0,0,1,0,1,0,0
"POINT (10.545145577000028 52.265107891000071)",Unfall 160570 (2023) Kat:3, Licht: 0,160570,3,3,5,05,13,3,0,0,1,1,0,0,0,0
"POINT (10.549205127000050 52.263755400000036)",Unfall 160602 (2023) Kat:3, Licht: 0,160602,3,1,0,04,17,1,0,0,1,0,0,0,0,0
"POINT (10.519316111000023 52.302563800000030)",Unfall 160647 (2023) Kat:3, Licht: 0,160647,3,7,1,04,09,6,0,0,0,1,0,0,0,0
"POINT (10.502393523000023 52.257020314000044)",Unfall 160672 (2023) Kat:3, Licht: 0,160672,3,6,2,04,12,5,0,0,1,0,0,0,0,0
"POINT (10.521045334000064 52.266608258000076)",Unfall 160673 (2023) Kat:3, Licht: 0,160673,3,6,2,04,09,5,0,0,0,1,0,0,0,0
"POINT (10.521813538000060 52.258634602000029)",Unfall 160733 (2023) Kat:3, Licht: 0,160733,3,1,0,04,10,3,0,0,1,0,0,0,0,0
"POINT (10.535545479000064 52.262751522000030)",Unfall 160766 (2023) Kat:3, Licht: 0,160766,3,2,4,04,13,2,0,0,0,1,0,0,0,0
"POINT (10.527471338000055 52.265461308000056)",Unfall 160767 (2023) Kat:3, Licht: 0,160767,3,4,6,04,09,2,1,0,0,0,1,0,0,1
"POINT (10.558461315000045 52.233240685000055)",Unfall 160784 (2023) Kat:3, Licht: 0,160784,3,7,0,04,15,1,0,0,0,0,0,0,0,1
"POINT (10.506870181000068 52.255199798000035)",Unfall 160785 (2023) Kat:3, Licht: 0,160785,3,2,5,04,10,1,0,0,0,1,0,0,0,1
"POINT (10.544243864000066 52.257911030000059)",Unfall 160797 (2023) Kat:3, Licht: 0,160797,3,3,5,05,17,4,0,0,0,1,0,0,0,1
"POINT (10.504389887000059 52.226872772000036)",Unfall 160808 (2023) Kat:3, Licht: 2,160808,3,2,4,04,23,7,0,2,0,1,0,1,0,0
"POINT (10.516728179000040 52.316778070000055)",Unfall 160809 (2023) Kat:3, Licht: 0,160809,3,3,5,04,13,7,0,0,1,1,0,0,0,0
"POINT (10.546734304000040 52.266957821000062)",Unfall 160839 (2023) Kat:3, Licht: 0,160839,3,5,3,04,08,6,0,0,1,1,0,0,0,0
"POINT (10.510868503000040 52.268652418000045)",Unfall 160867 (2023) Kat:3, Licht: 0,160867,3,3,5,04,14,5,0,0,1,1,0,0,0,0
"POINT (10.538488004000044 52.259567893000053)",Unfall 160895 (2023) Kat:3, Licht: 0,160895,3,5,1,04,18,4,0,0,1,1,0,0,0,0
"POINT (10.538010059000044 52.286790606000068)",Unfall 160926 (2023) Kat:3, Licht: 0,160926,3,5,1,04,18,3,0,0,0,1,0,0,0,0
"POINT (10.521556493000048 52.261357013000065)",Unfall 160927 (2023) Kat:3, Licht: 0,160927,3,4,6,04,14,3,0,0,1,0,1,0,0,0
"POINT (10.500363343000060 52.233625381000081)",Unfall 160954 (2023) Kat:3, Licht: 0,160954,3,4,6,04,07,2,0,0,0,1,1,0,0,0
"POINT (10.478751319000025 52.240332549000073)",Unfall 160984 (2023) Kat:3, Licht: 0,160984,3,3,5,04,10,7,0,0,1,1,0,0,0,0
"POINT (10.527612097000031 52.256418676000067)",Unfall 160985 (2023) Kat:3, Licht: 0,160985,3,3,5,04,11,7,1,0,0,1,0,0,0,0
"POINT (10.499888173000045 52.275126158000035)",Unfall 161060 (2023) Kat:3, Licht: 2,161060,3,5,1,04,21,5,0,2,1,1,0,0,0,0
"POINT (10.542659194000066 52.263875016000043)",Unfall 161084 (2023) Kat:2, Licht: 0,161084,2,4,6,04,16,4,1,0,0,1,1,0,0,0
"POINT (10.532346243000063 52.261145629000055)",Unfall 161118 (2023) Kat:3, Licht: 0,161118,3,1,0,04,14,2,0,0,1,0,0,0,0,0
"POINT (10.543922172000066 52.252490258000080)",Unfall 161145 (2023) Kat:3, Licht: 0,161145,3,4,6,04,13,7,0,0,1,0,1,0,0,0
"POINT (10.510823085000027 52.233509465000054)",Unfall 161146 (2023) Kat:3, Licht: 0,161146,3,6,2,05,14,2,0,0,0,1,0,0,0,0
"POINT (10.508263377000048 52.258013705000053)",Unfall 161191 (2023) Kat:3, Licht: 0,161191,3,5,1,04,06,2,0,0,0,1,0,0,0,0
"POINT (10.500523596000050 52.269414066000081)",Unfall 161200 (2023) Kat:3, Licht: 0,161200,3,6,3,04,15,5,0,0,0,0,0,0,0,1
"POINT (10.528067432000057 52.258146065000062)",Unfall 161201 (2023) Kat:3, Licht: 0,161201,3,6,2,04,16,5,0,0,0,1,0,1,0,0
"POINT (10.519308792000061 52.287970726000026)",Unfall 161223 (2023) Kat:3, Licht: 0,161223,3,3,5,04,18,4,0,0,1,1,0,0,0,0
"POINT (10.519035890000055 52.253368398000077)",Unfall 161244 (2023) Kat:3, Licht: 0,161244,3,6,2,04,15,3,0,0,0,1,0,0,0,0
"POINT (10.518505165000022 52.261078910000037)",Unfall 161245 (2023) Kat:3, Licht: 0,161245,3,2,5,04,12,3,0,0,1,1,0,0,0,0
"POINT (10.527471338000055 52.265461308000056)",Unfall 161279 (2023) Kat:3, Licht: 0,161279,3,6,0,04,12,2,0,0,0,1,0,0,0,1
"POINT (10.495596751000051 52.245580025000038)",Unfall 161280 (2023) Kat:3, Licht: 0,161280,3,7,0,04,08,2,0,0,0,0,0,0,0,1
"POINT (10.537543497000058 52.282955899000058)",Unfall 161292 (2023) Kat:3, Licht: 0,161292,3,2,5,04,15,1,0,0,1,1,0,0,0,0
"POINT (10.521078288000069 52.246941905000028)",Unfall 161309 (2023) Kat:3, Licht: 2,161309,3,1,1,04,02,7,1,2,0,1,0,0,0,0
"POINT (10.522064064000062 52.236798641000064)",Unfall 161358 (2023) Kat:3, Licht: 0,161358,3,6,2,03,18,5,0,0,0,1,0,0,0,0
"POINT (10.508186185000056 52.270999715000073)",Unfall 161359 (2023) Kat:3, Licht: 0,161359,3,3,5,03,18,5,1,0,1,1,0,0,0,0
"POINT (10.467399958000044 52.305253309000079)",Unfall 161361 (2023) Kat:3, Licht: 0,161361,3,1,0,03,15,5,1,0,1,0,0,0,0,0
"POINT (10.541153005000069 52.262659829000029)",Unfall 161376 (2023) Kat:3, Licht: 0,161376,3,5,1,03,15,4,0,0,0,1,0,0,0,0
"POINT (10.539412697000046 52.273085849000040)",Unfall 161387 (2023) Kat:3, Licht: 0,161387,3,6,0,06,19,4,0,0,1,0,1,0,0,0
"POINT (10.526047273000074 52.262121872000080)",Unfall 161388 (2023) Kat:3, Licht: 0,161388,3,6,2,06,19,4,0,0,0,1,0,0,0,0
"POINT (10.535950364000030 52.266952085000071)",Unfall 161431 (2023) Kat:3, Licht: 0,161431,3,4,0,06,19,3,0,0,0,0,1,0,0,1
"POINT (10.536685868000063 52.250903178000044)",Unfall 161432 (2023) Kat:3, Licht: 0,161432,3,7,3,06,16,3,0,0,1,1,0,0,0,0
"POINT (10.527996569000038 52.268756794000069)",Unfall 161433 (2023) Kat:3, Licht: 0,161433,3,1,0,06,13,3,0,0,1,0,0,0,0,0
"POINT (10.527364076000026 52.261895876000040)",Unfall 161434 (2023) Kat:3, Licht: 0,161434,3,6,4,06,08,3,0,0,1,0,0,0,0,0
"POINT (10.537959021000063 52.259654606000026)",Unfall 161435 (2023) Kat:3, Licht: 0,161435,3,1,0,06,08,3,0,0,1,0,0,0,0,0
"POINT (10.511208629000066 52.255792136000082)",Unfall 161467 (2023) Kat:3, Licht: 0,161467,3,3,5,06,18,2,0,0,1,1,0,0,0,0
"POINT (10.506449569000040 52.284332622000079)",Unfall 161468 (2023) Kat:3, Licht: 0,161468,3,3,5,06,18,2,0,0,0,1,0,1,0,0
"POINT (10.542901005000033 52.275347321000027)",Unfall 161469 (2023) Kat:3, Licht: 0,161469,3,2,5,06,08,2,0,0,1,1,0,0,0,0
"POINT (10.514772617000062 52.267042393000054)",Unfall 161516 (2023) Kat:3, Licht: 0,161516,3,6,2,06,18,7,1,0,0,1,0,0,0,0
"POINT (10.504269275000070 52.260794902000043)",Unfall 161517 (2023) Kat:3, Licht: 0,161517,3,4,0,06,17,7,0,0,0,0,1,0,0,1
"POINT (10.531140649000065 52.265289573000075)",Unfall 161518 (2023) Kat:2, Licht: 0,161518,2,2,6,06,13,7,0,0,1,0,1,0,0,0
"POINT (10.547460404000049 52.288933310000061)",Unfall 161558 (2023) Kat:3, Licht: 0,161558,3,6,4,06,12,6,0,0,1,1,0,0,0,0
"POINT (10.498724928000058 52.216678646000048)",Unfall 161559 (2023) Kat:3, Licht: 0,161559,3,2,4,06,07,6,0,0,0,1,0,0,0,0
"POINT (10.510799960000043 52.251786129000038)",Unfall 161560 (2023) Kat:3, Licht: 0,161560,3,3,5,06,14,6,0,0,1,1,0,0,0,0
"POINT (10.504738060000022 52.226960684000062)",Unfall 161601 (2023) Kat:3, Licht: 0,161601,3,3,5,06,17,5,0,0,1,1,0,0,0,0
"POINT (10.526310829000067 52.264486279000039)",Unfall 161602 (2023) Kat:3, Licht: 0,161602,3,6,4,06,15,5,0,0,1,0,0,0,0,0
"POINT (10.520282300000076 52.215270533000080)",Unfall 161603 (2023) Kat:3, Licht: 0,161603,3,3,5,06,06,5,0,0,0,1,0,0,0,0
"POINT (10.489825367000037 52.307013119000032)",Unfall 161634 (2023) Kat:3, Licht: 0,161634,3,3,0,06,15,4,0,0,1,1,0,0,0,0
"POINT (10.532163857000057 52.266271644000028)",Unfall 161635 (2023) Kat:3, Licht: 0,161635,3,3,5,06,07,4,0,0,1,1,0,0,0,0
"POINT (10.525884301000076 52.269358841000042)",Unfall 161636 (2023) Kat:3, Licht: 0,161636,3,3,5,06,07,4,1,0,1,0,0,0,0,1
"POINT (10.536362112000063 52.250859600000069)",Unfall 161637 (2023) Kat:3, Licht: 0,161637,3,3,5,06,08,4,1,0,0,1,0,0,0,1
"POINT (10.530485333000058 52.287533083000028)",Unfall 161684 (2023) Kat:2, Licht: 2,161684,2,1,0,06,04,3,0,2,1,0,0,0,0,0
"POINT (10.527126542000076 52.275622248000047)",Unfall 161724 (2023) Kat:3, Licht: 0,161724,3,3,5,06,16,2,0,0,1,1,0,0,0,0
"POINT (10.514563758000065 52.267091380000068)",Unfall 161725 (2023) Kat:3, Licht: 0,161725,3,1,0,06,08,2,0,0,1,0,0,0,0,0
"POINT (10.502401780000071 52.261887944000080)",Unfall 161726 (2023) Kat:3, Licht: 0,161726,3,1,0,06,07,2,0,0,1,0,0,0,0,0
"POINT (10.544610658000067 52.265884648000053)",Unfall 161727 (2023) Kat:3, Licht: 0,161727,3,3,5,06,05,2,0,0,1,1,0,0,0,0
"POINT (10.497677599000042 52.269024096000066)",Unfall 161748 (2023) Kat:3, Licht: 0,161748,3,3,5,06,19,1,0,0,1,1,0,0,0,0
"POINT (10.508844721000060 52.270248345000027)",Unfall 161749 (2023) Kat:3, Licht: 0,161749,3,7,0,06,18,1,0,0,0,1,0,0,0,0
"POINT (10.481315305000066 52.259325212000078)",Unfall 161773 (2023) Kat:3, Licht: 0,161773,3,3,5,06,10,7,0,0,0,1,0,0,0,0
"POINT (10.521571443000028 52.261357155000042)",Unfall 161777 (2023) Kat:3, Licht: 0,161777,3,7,0,06,22,7,0,0,1,0,0,0,0,0
"POINT (10.501494471000058 52.261794954000038)",Unfall 161846 (2023) Kat:3, Licht: 0,161846,3,3,5,06,10,5,0,0,1,0,0,0,0,0
"POINT (10.517624181000031 52.297633300000030)",Unfall 161892 (2023) Kat:3, Licht: 0,161892,3,7,4,05,14,4,0,0,0,1,0,0,0,0
"POINT (10.518741833000036 52.264755949000062)",Unfall 161916 (2023) Kat:3, Licht: 0,161916,3,4,6,05,14,3,0,0,0,1,1,0,0,0
"POINT (10.508317323000028 52.260302516000081)",Unfall 161943 (2023) Kat:3, Licht: 0,161943,3,5,1,05,19,2,0,0,1,1,0,0,0,0
"POINT (10.482854223000061 52.251659552000035)",Unfall 161944 (2023) Kat:3, Licht: 0,161944,3,4,6,05,20,2,0,0,0,1,1,0,0,0
"POINT (10.510729857000058 52.245993767000073)",Unfall 162025 (2023) Kat:3, Licht: 0,162025,3,2,5,05,20,6,0,0,1,1,0,0,0,0
"POINT (10.528318115000047 52.277026698000043)",Unfall 162027 (2023) Kat:3, Licht: 0,162027,3,3,5,05,18,6,0,0,1,1,0,0,0,0
"POINT (10.510839088000068 52.268629767000050)",Unfall 162057 (2023) Kat:3, Licht: 0,162057,3,3,5,05,18,5,0,0,1,0,0,0,0,0
"POINT (10.540018674000066 52.256771533000062)",Unfall 162058 (2023) Kat:3, Licht: 1,162058,3,2,4,05,21,5,0,1,0,1,0,0,0,0
"POINT (10.548836875000063 52.233768065000049)",Unfall 162059 (2023) Kat:3, Licht: 0,162059,3,2,3,05,15,5,0,0,1,0,0,0,0,1
"POINT (10.529714774000070 52.241075846000058)",Unfall 162060 (2023) Kat:2, Licht: 2,162060,2,3,5,05,21,5,0,2,1,1,0,0,0,0
"POINT (10.515239027000064 52.274137819000032)",Unfall 162090 (2023) Kat:3, Licht: 0,162090,3,2,4,05,16,4,0,0,1,1,0,0,0,0
"POINT (10.509837791000052 52.333632204000082)",Unfall 162091 (2023) Kat:3, Licht: 0,162091,3,5,1,05,04,4,0,0,0,1,0,0,0,0
"POINT (10.508363029000066 52.283577407000053)",Unfall 162122 (2023) Kat:3, Licht: 2,162122,3,7,8,05,21,3,0,2,0,1,0,0,0,0
"POINT (10.511550881000062 52.273567087000060)",Unfall 162123 (2023) Kat:3, Licht: 0,162123,3,2,2,05,12,3,1,0,0,1,0,0,0,1
"POINT (10.504159675000039 52.270976621000045)",Unfall 162124 (2023) Kat:3, Licht: 0,162124,3,7,4,05,09,3,1,0,0,1,0,0,0,0
"POINT (10.521088648000045 52.259429602000068)",Unfall 162151 (2023) Kat:3, Licht: 0,162151,3,7,6,05,15,3,0,0,1,0,1,0,0,0
"POINT (10.555156840000052 52.237003892000075)",Unfall 162171 (2023) Kat:3, Licht: 0,162171,3,3,5,05,06,2,0,0,1,0,0,0,0,1
"POINT (10.518108541000061 52.259573794000062)",Unfall 162212 (2023) Kat:3, Licht: 2,162212,3,2,2,05,23,7,0,2,0,1,0,0,0,0
"POINT (10.523738039000023 52.270937648000029)",Unfall 162239 (2023) Kat:2, Licht: 0,162239,2,1,0,05,15,6,0,0,0,0,0,1,0,0
"POINT (10.511449389000063 52.248502624000082)",Unfall 162241 (2023) Kat:3, Licht: 0,162241,3,2,5,05,12,6,0,0,0,1,0,0,0,0
"POINT (10.522106161000067 52.266729038000051)",Unfall 162279 (2023) Kat:2, Licht: 0,162279,2,3,5,05,17,5,0,0,0,1,0,0,0,1