WKT,Name,OBJECTID,UKATEGORIE,UTYP1,UART,UMONAT,USTUNDE,UWOCHENTAG,STRZUSTAND,ULICHTVERH,ISTRAD,ISTPKW,ISTFUSS,ISTKRAD,ISTGKFZ,ISTSONSTIG
"POINT (10.539814557000057 52.254241122000053)",Unfall 162280 (2023) Kat:3, Licht: 0,162280,3,2,4,05,16,5,0,0,0,1,0,1,0,0
"POINT (10.534879957000044 52.270314328000040)",Unfall 162281 (2023) Kat:2, Licht: 0,162281,2,1,0,05,15,5,0,0,0,0,0,0,0,1
"POINT (10.515800856000055 52.259838700000046)",Unfall 162325 (2023) Kat:3, Licht: 0,162325,3,2,5,05,14,4,0,0,1,1,0,0,0,0
"POINT (10.521530760000076 52.213701961000027)",Unfall 162368 (2023) Kat:3, Licht: 0,162368,3,1,0,05,20,3,0,0,1,0,0,0,0,0
"POINT (10.591481097000042 52.286449929000071)",Unfall 162369 (2023) Kat:2, Licht: 0,162369,2,7,8,05,12,3,0,0,0,1,0,0,0,0
"POINT (10.526572200000032 52.291287924000073)",Unfall 162406 (2023) Kat:3, Licht: 0,162406,3,1,0,05,14,2,0,0,1,0,0,0,0,0
"POINT (10.524595595000051 52.267586024000082)",Unfall 162416 (2023) Kat:3, Licht: 0,162416,3,7,0,06,19,2,0,0,0,0,0,0,0,1
"POINT (10.514189643000066 52.262508601000036)",Unfall 162433 (2023) Kat:3, Licht: 0,162433,3,6,2,05,13,1,0,0,0,1,0,0,0,0
"POINT (10.527728706000062 52.259498938000036)",Unfall 162434 (2023) Kat:3, Licht: 0,162434,3,3,5,05,13,1,0,0,0,1,0,0,0,1
"POINT (10.531991743000049 52.258092380000051)",Unfall 162449 (2023) Kat:3, Licht: 0,162449,3,3,5,05,15,7,0,0,1,1,0,0,0,0
"POINT (10.543840330000023 52.284388047000050)",Unfall 162497 (2023) Kat:3, Licht: 0,162497,3,1,0,05,07,6,1,0,1,0,0,0,0,0
"POINT (10.501091834000022 52.273770277000040)",Unfall 162568 (2023) Kat:3, Licht: 0,162568,3,7,1,07,09,4,0,0,0,1,0,1,0,0
"POINT (10.438089793000074 52.265989762000061)",Unfall 162591 (2023) Kat:3, Licht: 0,162591,3,7,0,07,21,3,0,0,1,0,0,0,0,0
"POINT (10.516696000000024 52.260053552000045)",Unfall 162592 (2023) Kat:3, Licht: 0,162592,3,3,5,07,19,3,0,0,1,1,0,0,0,0
"POINT (10.535989482000048 52.229506181000033)",Unfall 162593 (2023) Kat:3, Licht: 0,162593,3,4,6,07,10,3,0,0,0,0,1,0,0,1
"POINT (10.523698702000047 52.270880158000068)",Unfall 162625 (2023) Kat:3, Licht: 0,162625,3,1,0,07,14,2,0,0,0,0,0,1,0,0
"POINT (10.514492155000028 52.266782736000039)",Unfall 162643 (2023) Kat:3, Licht: 1,162643,3,6,2,07,20,1,0,1,0,1,0,0,0,0
"POINT (10.508012506000057 52.253946833000043)",Unfall 162644 (2023) Kat:3, Licht: 0,162644,3,3,5,07,11,1,0,0,0,1,0,0,0,0
"POINT (10.521307614000023 52.261354793000066)",Unfall 162678 (2023) Kat:3, Licht: 0,162678,3,1,0,07,11,7,0,0,1,0,0,0,0,0
"POINT (10.442602316000034 52.263944319000075)",Unfall 162708 (2023) Kat:3, Licht: 0,162708,3,7,8,07,19,6,0,0,0,1,0,0,0,0
"POINT (10.507461151000030 52.245785206000050)",Unfall 162709 (2023) Kat:3, Licht: 0,162709,3,2,4,07,13,6,0,0,0,1,0,0,0,0
"POINT (10.528318115000047 52.277026698000043)",Unfall 162710 (2023) Kat:3, Licht: 0,162710,3,3,5,07,14,6,0,0,1,1,0,0,0,0
"POINT (10.562859977000073 52.224423327000068)",Unfall 162711 (2023) Kat:3, Licht: 0,162711,3,2,0,07,12,6,0,0,1,1,0,0,0,0
"POINT (10.519240613000022 52.300608986000043)",Unfall 162712 (2023) Kat:3, Licht: 0,162712,3,3,5,07,10,6,0,0,1,1,0,0,0,0
"POINT (10.531559293000043 52.265571704000081)",Unfall 162713 (2023) Kat:3, Licht: 0,162713,3,3,0,07,08,6,0,0,0,0,0,1,0,1
"POINT (10.530125765000037 52.269269067000039)",Unfall 162748 (2023) Kat:2, Licht: 0,162748,2,3,5,07,14,5,0,0,1,1,0,0,0,0
"POINT (10.486823149000031 52.231271630000037)",Unfall 162749 (2023) Kat:3, Licht: 0,162749,3,6,3,07,08,5,0,0,1,0,0,0,0,0
"POINT (10.502308738000067 52.260666025000035)",Unfall 162785 (2023) Kat:3, Licht: 0,162785,3,5,1,07,17,4,0,0,1,1,0,0,0,0
"POINT (10.548990838000066 52.277549160000035)",Unfall 162786 (2023) Kat:3, Licht: 0,162786,3,4,6,07,10,4,1,0,0,1,1,0,0,0
"POINT (10.524137018000033 52.271600097000032)",Unfall 162827 (2023) Kat:3, Licht: 0,162827,3,1,0,07,12,3,0,0,1,0,0,0,0,0
"POINT (10.503124889000048 52.260612816000048)",Unfall 162828 (2023) Kat:3, Licht: 0,162828,3,2,3,07,12,3,0,0,1,0,0,0,0,1
"POINT (10.510581344000059 52.251795111000035)",Unfall 162856 (2023) Kat:3, Licht: 0,162856,3,6,2,07,14,2,0,0,0,1,0,0,0,0
"POINT (10.524131920000059 52.261544200000060)",Unfall 162857 (2023) Kat:3, Licht: 0,162857,3,1,0,07,11,2,0,0,1,0,0,0,0,0
"POINT (10.538350759000025 52.259590457000058)",Unfall 162858 (2023) Kat:2, Licht: 0,162858,2,5,1,07,06,2,0,0,1,1,0,0,0,0
"POINT (10.515823733000047 52.262666286000069)",Unfall 162952 (2023) Kat:3, Licht: 0,162952,3,4,6,06,07,6,1,0,1,0,1,0,0,0
"POINT (10.509192483000049 52.269851956000082)",Unfall 163047 (2023) Kat:3, Licht: 0,163047,3,6,2,06,17,4,0,0,0,1,0,1,0,0
"POINT (10.537160100000051 52.231567911000070)",Unfall 163048 (2023) Kat:3, Licht: 0,163048,3,7,0,06,15,4,0,0,1,0,0,0,0,0
"POINT (10.506320086000073 52.273539662000076)",Unfall 163049 (2023) Kat:3, Licht: 0,163049,3,2,3,06,09,4,0,0,1,1,0,0,0,0
"POINT (10.500902015000065 52.274383125000043)",Unfall 163066 (2023) Kat:2, Licht: 0,163066,2,3,5,07,18,5,0,0,1,1,0,0,0,0
"POINT (10.542992556000058 52.262942040000041)",Unfall 163089 (2023) Kat:3, Licht: 0,163089,3,2,5,06,08,3,0,0,1,1,0,0,0,0
"POINT (10.504972563000024 52.272101245000044)",Unfall 163127 (2023) Kat:3, Licht: 0,163127,3,2,3,06,13,2,0,0,1,0,0,0,0,0
"POINT (10.541645422000045 52.260424487000080)",Unfall 163152 (2023) Kat:3, Licht: 2,163152,3,1,0,07,03,7,0,2,1,0,0,0,0,0
"POINT (10.522407973000043 52.259161901000027)",Unfall 163186 (2023) Kat:3, Licht: 0,163186,3,3,5,06,18,7,0,0,0,1,0,1,0,0
"POINT (10.527615146000073 52.265476240000055)",Unfall 163187 (2023) Kat:3, Licht: 0,163187,3,6,3,06,09,7,0,0,1,1,0,0,0,0
"POINT (10.567421588000059 52.253582746000063)",Unfall 163239 (2023) Kat:3, Licht: 0,163239,3,3,5,07,08,5,0,0,1,0,0,0,0,0
"POINT (10.501468832000057 52.269582011000068)",Unfall 163253 (2023) Kat:2, Licht: 0,163253,2,1,8,06,09,5,0,0,0,0,0,1,0,0
"POINT (10.499037598000029 52.288691134000032)",Unfall 163287 (2023) Kat:3, Licht: 0,163287,3,7,0,06,14,4,0,0,1,0,0,0,0,0
"POINT (10.540158582000061 52.256764922000059)",Unfall 163288 (2023) Kat:3, Licht: 0,163288,3,2,4,06,11,4,0,0,0,1,0,0,0,0
"POINT (10.519715557000040 52.277653866000037)",Unfall 163289 (2023) Kat:3, Licht: 0,163289,3,6,4,06,06,4,0,0,1,0,0,0,0,0
"POINT (10.523658564000073 52.268676816000038)",Unfall 163324 (2023) Kat:3, Licht: 0,163324,3,3,5,06,15,3,0,0,1,1,0,0,0,0
"POINT (10.519960374000050 52.248662316000036)",Unfall 163327 (2023) Kat:2, Licht: 0,163327,2,3,5,06,15,4,0,0,1,0,0,1,0,0
"POINT (10.579957429000046 52.240354076000074)",Unfall 163360 (2023) Kat:3, Licht: 0,163360,3,7,2,06,17,2,0,0,0,1,0,0,0,1
"POINT (10.551635188000034 52.264252334000048)",Unfall 163500 (2023) Kat:3, Licht: 0,163500,3,2,3,06,17,5,0,0,1,1,0,0,0,0
"POINT (10.506939791000036 52.272456559000034)",Unfall 163578 (2023) Kat:3, Licht: 0,163578,3,2,4,08,17,4,0,0,0,1,0,0,0,0
"POINT (10.582901844000048 52.283858696000038)",Unfall 163579 (2023) Kat:2, Licht: 0,163579,2,2,4,08,16,4,0,0,0,1,0,0,0,1
"POINT (10.517341631000022 52.297602133000055)",Unfall 163613 (2023) Kat:3, Licht: 0,163613,3,2,5,08,15,3,0,0,1,0,0,0,1,0
"POINT (10.544039102000056 52.266805790000035)",Unfall 163662 (2023) Kat:3, Licht: 0,163662,3,3,5,08,10,1,0,0,1,1,0,0,0,0
"POINT (10.530392692000021 52.268283427000028)",Unfall 163680 (2023) Kat:3, Licht: 0,163680,3,3,5,08,11,7,0,0,1,0,0,0,0,1
"POINT (10.532776671000022 52.257079063000049)",Unfall 163681 (2023) Kat:2, Licht: 0,163681,2,4,6,08,12,7,0,0,0,1,1,0,0,0
"POINT (10.513125010000067 52.293922921000046)",Unfall 163758 (2023) Kat:2, Licht: 0,163758,2,3,5,08,19,5,1,0,1,1,0,0,0,0
"POINT (10.527744639000048 52.265563210000039)",Unfall 163759 (2023) Kat:3, Licht: 0,163759,3,2,4,08,14,5,0,0,1,1,0,0,0,0
"POINT (10.514685179000026 52.266974647000040)",Unfall 163760 (2023) Kat:3, Licht: 0,163760,3,1,0,08,16,5,1,0,0,0,0,1,0,0
"POINT (10.533723697000028 52.266261206000081)",Unfall 163761 (2023) Kat:3, Licht: 0,163761,3,7,0,08,13,5,1,0,1,0,0,0,0,1
"POINT (10.473058248000029 52.278261584000063)",Unfall 163798 (2023) Kat:3, Licht: 0,163798,3,6,2,08,16,4,0,0,0,1,0,1,0,0
"POINT (10.509649659000047 52.269473637000033)",Unfall 163799 (2023) Kat:3, Licht: 0,163799,3,7,0,08,17,4,0,0,1,0,1,0,0,0
"POINT (10.514265082000065 52.256721736000031)",Unfall 163800 (2023) Kat:3, Licht: 0,163800,3,2,5,08,09,4,0,0,1,1,0,0,0,0
"POINT (10.533320575000062 52.256769223000049)",Unfall 163826 (2023) Kat:3, Licht: 0,163826,3,2,5,08,18,3,0,0,0,1,0,0,0,1
"POINT (10.522809094000024 52.261473131000059)",Unfall 163902 (2023) Kat:2, Licht: 0,163902,2,1,0,08,18,7,1,0,1,0,0,0,0,0
"POINT (10.520177959000023 52.266693965000059)",Unfall 163903 (2023) Kat:3, Licht: 0,163903,3,2,3,08,14,7,0,0,1,1,0,0,0,0
"POINT (10.531253139000057 52.261860043000070)",Unfall 163904 (2023) Kat:3, Licht: 0,163904,3,7,0,08,17,7,1,0,1,0,0,0,0,0
"POINT (10.517818993000049 52.264345627000068)",Unfall 163941 (2023) Kat:3, Licht: 0,163941,3,5,1,08,14,6,0,0,0,1,0,0,0,1
"POINT (10.537212430000068 52.232044222000070)",Unfall 163942 (2023) Kat:2, Licht: 0,163942,2,7,3,08,13,6,0,0,0,1,0,0,0,0
"POINT (10.547089713000048 52.261697760000061)",Unfall 163993 (2023) Kat:3, Licht: 0,163993,3,5,1,08,17,4,0,0,1,1,0,0,0,0
"POINT (10.526175195000064 52.265082995000057)",Unfall 164091 (2023) Kat:3, Licht: 0,164091,3,6,2,08,14,6,0,0,0,1,0,0,0,0
"POINT (10.511208629000066 52.255792136000082)",Unfall 164119 (2023) Kat:3, Licht: 0,164119,3,3,5,08,16,5,1,0,1,1,0,0,0,0
"POINT (10.527394401000038 52.266775269000050)",Unfall 164120 (2023) Kat:3, Licht: 0,164120,3,5,3,08,16,5,1,0,0,1,0,0,0,0
"POINT (10.511513660000048 52.298581040000045)",Unfall 164121 (2023) Kat:3, Licht: 0,164121,3,3,5,08,14,5,1,0,0,1,0,0,0,0
"POINT (10.523531392000052 52.274608209000064)",Unfall 164122 (2023) Kat:3, Licht: 0,164122,3,3,5,08,14,5,1,0,0,1,0,0,0,0
"POINT (10.506963071000030 52.255431130000034)",Unfall 164151 (2023) Kat:3, Licht: 0,164151,3,6,2,08,16,4,1,0,0,0,0,1,0,1
"POINT (10.523829261000060 52.267295092000040)",Unfall 164173 (2023) Kat:3, Licht: 0,164173,3,6,3,08,17,3,0,0,0,1,0,0,0,1
"POINT (10.536792783000067 52.272131822000063)",Unfall 164174 (2023) Kat:3, Licht: 0,164174,3,7,0,08,14,3,0,0,1,0,0,0,0,0
"POINT (10.501700535000055 52.268423911000070)",Unfall 164196 (2023) Kat:3, Licht: 0,164196,3,4,6,07,18,2,0,0,0,1,1,0,0,0
"POINT (10.522239580000075 52.261364577000052)",Unfall 164225 (2023) Kat:2, Licht: 0,164225,2,1,0,07,10,7,1,0,1,0,0,0,0,0
"POINT (10.518034901000021 52.329985845000067)",Unfall 164263 (2023) Kat:3, Licht: 0,164263,3,7,0,07,09,6,0,0,1,0,0,0,0,1
"POINT (10.540239115000077 52.267945809000082)",Unfall 164290 (2023) Kat:3, Licht: 0,164290,3,2,5,07,14,5,1,0,0,1,0,0,0,1
"POINT (10.523062572000072 52.258509709000066)",Unfall 164342 (2023) Kat:3, Licht: 0,164342,3,3,5,07,19,3,0,0,0,1,0,0,0,1
"POINT (10.512708153000062 52.216156214000080)",Unfall 164343 (2023) Kat:3, Licht: 0,164343,3,3,5,07,12,3,0,0,1,1,0,0,0,0
"POINT (10.532966025000064 52.261093195000058)",Unfall 164370 (2023) Kat:3, Licht: 0,164370,3,1,0,07,18,2,1,0,1,0,0,0,0,0
"POINT (10.503140659000053 52.260615325000060)",Unfall 164371 (2023) Kat:3, Licht: 0,164371,3,1,0,07,17,2,1,0,1,0,0,0,0,0
"POINT (10.520799149000027 52.296226076000039)",Unfall 164372 (2023) Kat:3, Licht: 0,164372,3,6,4,07,07,2,0,0,1,0,0,0,0,1
"POINT (10.507167509000055 52.232282328000053)",Unfall 164384 (2023) Kat:3, Licht: 0,164384,3,1,8,07,07,1,1,0,0,1,0,0,0,0
"POINT (10.508534741000062 52.314406663000057)",Unfall 164422 (2023) Kat:3, Licht: 0,164422,3,3,5,07,13,6,0,0,0,1,0,0,0,1
"POINT (10.504905717000042 52.276849775000073)",Unfall 164423 (2023) Kat:3, Licht: 0,164423,3,2,4,07,09,6,0,0,1,1,0,0,0,0
"POINT (10.520709021000073 52.266415572000028)",Unfall 164455 (2023) Kat:3, Licht: 0,164455,3,7,0,07,11,5,0,0,0,0,0,0,0,1
"POINT (10.469922591000056 52.248343125000076)",Unfall 164474 (2023) Kat:2, Licht: 0,164474,2,3,5,07,18,4,0,0,1,1,0,0,0,0
"POINT (10.527471338000055 52.265461308000056)",Unfall 164475 (2023) Kat:3, Licht: 0,164475,3,7,0,07,17,4,0,0,0,0,0,0,0,1
"POINT (10.521855133000031 52.266114091000077)",Unfall 164476 (2023) Kat:3, Licht: 0,164476,3,5,1,07,07,4,0,0,1,1,0,0,0,0
"POINT (10.549609812000028 52.233624487000043)",Unfall 164505 (2023) Kat:3, Licht: 0,164505,3,3,0,07,17,3,0,0,1,1,0,0,0,0
"POINT (10.539483866000069 52.303059394000059)",Unfall 164525 (2023) Kat:3, Licht: 2,164525,3,1,8,08,21,5,0,2,0,1,0,0,0,0
"POINT (10.517746274000046 52.291736086000071)",Unfall 164540 (2023) Kat:3, Licht: 0,164540,3,2,3,07,14,2,0,0,1,1,0,0,0,0
"POINT (10.521087544000068 52.261353944000064)",Unfall 164541 (2023) Kat:3, Licht: 0,164541,3,1,0,07,11,2,0,0,1,0,0,0,0,0
"POINT (10.504328728000075 52.267572005000034)",Unfall 164560 (2023) Kat:3, Licht: 1,164560,3,6,3,07,21,1,0,1,1,0,0,0,0,0
"POINT (10.486284596000075 52.260384204000047)",Unfall 164561 (2023) Kat:2, Licht: 2,164561,2,6,3,07,00,1,1,2,1,0,0,0,0,0
"POINT (10.525494498000057 52.269641310000054)",Unfall 164579 (2023) Kat:3, Licht: 2,164579,3,5,1,08,23,7,0,2,0,1,0,0,0,1
"POINT (10.519896949000042 52.266647624000029)",Unfall 164583 (2023) Kat:3, Licht: 1,164583,3,6,2,07,20,7,1,1,0,1,0,0,0,0
"POINT (10.518251716000066 52.262035818000072)",Unfall 164584 (2023) Kat:3, Licht: 0,164584,3,5,1,07,08,7,0,0,1,1,0,0,0,0
"POINT (10.538013664000061 52.310546900000077)",Unfall 164590 (2023) Kat:3, Licht: 0,164590,3,3,5,08,07,6,0,0,1,1,0,0,0,0
"POINT (10.473960248000026 52.249008366000055)",Unfall 164629 (2023) Kat:3, Licht: 0,164629,3,4,6,09,17,3,0,0,0,0,1,0,0,1
"POINT (10.548339506000048 52.261858081000071)",Unfall 164630 (2023) Kat:3, Licht: 0,164630,3,4,6,09,15,3,0,0,1,0,1,0,0,0
"POINT (10.527471338000055 52.265461308000056)",Unfall 164663 (2023) Kat:2, Licht: 0,164663,2,2,0,09,08,2,0,0,0,1,0,0,0,1
"POINT (10.510478007000074 52.264985001000070)",Unfall 164664 (2023) Kat:3, Licht: 0,164664,3,5,3,09,15,2,0,0,1,1,0,0,0,0
"POINT (10.509379855000077 52.269679763000056)",Unfall 164678 (2023) Kat:3, Licht: 0,164678,3,2,5,09,13,1,0,0,1,1,0,0,0,0
"POINT (10.518903101000035 52.254208031000076)",Unfall 164695 (2023) Kat:2, Licht: 0,164695,2,6,3,09,15,7,0,0,1,0,0,0,0,0
"POINT (10.514954174000025 52.321383773000036)",Unfall 164733 (2023) Kat:3, Licht: 0,164733,3,3,5,09,12,6,0,0,0,1,0,1,0,0
"POINT (10.526157214000023 52.265162105000059)",Unfall 164763 (2023) Kat:3, Licht: 0,164763,3,4,6,09,14,5,1,0,0,1,1,0,0,0
"POINT (10.544740844000046 52.258968031000052)",Unfall 164807 (2023) Kat:3, Licht: 0,164807,3,6,2,09,17,6,0,0,0,1,0,0,0,0
"POINT (10.521821682000052 52.258635045000062)",Unfall 164816 (2023) Kat:3, Licht: 1,164816,3,6,4,09,06,3,0,1,1,0,0,0,0,0
"POINT (10.531682793000073 52.287419603000046)",Unfall 164902 (2023) Kat:2, Licht: 2,164902,2,7,0,09,23,7,0,2,1,0,0,0,0,0
"POINT (10.522809094000024 52.261473131000059)",Unfall 164944 (2023) Kat:3, Licht: 0,164944,3,7,0,09,14,6,0,0,1,0,0,0,0,0
"POINT (10.539596216000064 52.274037816000032)",Unfall 164983 (2023) Kat:3, Licht: 0,164983,3,7,0,09,19,5,0,0,1,0,0,0,0,0
"POINT (10.486079622000034 52.247676548000072)",Unfall 164984 (2023) Kat:2, Licht: 0,164984,2,2,6,09,07,5,0,0,0,1,1,0,0,0
"POINT (10.509513815000048 52.239048458000070)",Unfall 165026 (2023) Kat:3, Licht: 0,165026,3,6,3,09,13,4,0,0,0,1,0,0,1,0
"POINT (10.511501319000047 52.235027445000071)",Unfall 165027 (2023) Kat:3, Licht: 0,165027,3,1,8,09,06,4,0,0,0,1,0,0,0,0
"POINT (10.525815158000057 52.275516152000080)",Unfall 165061 (2023) Kat:3, Licht: 0,165061,3,3,5,09,14,3,0,0,1,0,0,0,0,0
"POINT (10.532272418000048 52.258279556000048)",Unfall 165096 (2023) Kat:3, Licht: 0,165096,3,3,5,09,17,2,0,0,1,1,0,0,0,0
"POINT (10.474959669000043 52.249351041000068)",Unfall 165097 (2023) Kat:3, Licht: 0,165097,3,3,5,09,16,2,0,0,1,1,0,0,0,0
"POINT (10.519337462000067 52.283918274000030)",Unfall 165099 (2023) Kat:3, Licht: 0,165099,3,2,5,09,14,2,0,0,1,1,0,0,0,0
"POINT (10.510865066000065 52.268649771000071)",Unfall 165178 (2023) Kat:3, Licht: 0,165178,3,1,0,09,17,6,0,0,1,0,1,0,0,0
"POINT (10.479905720000033 52.249229455000034)",Unfall 165179 (2023) Kat:3, Licht: 0,165179,3,2,5,09,14,6,0,0,1,1,0,0,0,0
"POINT (10.528052395000032 52.264875532000076)",Unfall 165221 (2023) Kat:3, Licht: 0,165221,3,3,5,09,17,5,0,0,1,1,0,0,0,0
"POINT (10.532197981000024 52.260999155000036)",Unfall 165222 (2023) Kat:3, Licht: 0,165222,3,2,4,09,14,5,0,0,1,1,0,0,0,0
"POINT (10.567742835000047 52.222136835000072)",Unfall 165223 (2023) Kat:2, Licht: 0,165223,2,7,0,09,11,5,0,0,0,1,0,0,0,0
"POINT (10.488502598000025 52.240716221000071)",Unfall 165224 (2023) Kat:3, Licht: 2,165224,3,2,3,09,05,5,0,2,1,1,0,0,0,0
"POINT (10.549659010000028 52.282557688000054)",Unfall 165282 (2023) Kat:3, Licht: 0,165282,3,5,1,09,16,4,0,0,1,1,0,0,0,0
"POINT (10.509191305000058 52.278246298000056)",Unfall 165283 (2023) Kat:3, Licht: 0,165283,3,5,1,09,16,4,0,0,0,1,0,0,0,1
"POINT (10.488222555000050 52.278970027000071)",Unfall 165284 (2023) Kat:2, Licht: 0,165284,2,5,1,09,14,4,0,0,0,1,0,0,0,0
"POINT (10.519810065000058 52.266651342000046)",Unfall 165285 (2023) Kat:3, Licht: 0,165285,3,4,6,09,15,4,0,0,1,0,1,0,0,0
"POINT (10.523536869000054 52.270706973000074)",Unfall 165286 (2023) Kat:3, Licht: 0,165286,3,3,0,09,11,4,0,0,1,0,0,0,0,1
"POINT (10.532166863000043 52.266271997000047)",Unfall 165333 (2023) Kat:3, Licht: 0,165333,3,5,1,09,18,3,0,0,1,1,0,0,0,0
"POINT (10.526878779000072 52.258278435000079)",Unfall 165334 (2023) Kat:2, Licht: 0,165334,2,6,9,09,18,3,0,0,0,1,0,1,0,0
"POINT (10.513009096000076 52.267762197000081)",Unfall 165335 (2023) Kat:3, Licht: 0,165335,3,6,2,09,16,3,0,0,1,1,0,0,0,0
"POINT (10.528683514000022 52.274010711000074)",Unfall 165371 (2023) Kat:3, Licht: 0,165371,3,1,0,09,13,2,0,0,0,0,0,0,0,1
"POINT (10.520498604000068 52.261553531000061)",Unfall 165372 (2023) Kat:3, Licht: 0,165372,3,1,0,09,16,2,0,0,1,0,0,0,0,0
"POINT (10.511592038000060 52.251893675000076)",Unfall 165373 (2023) Kat:3, Licht: 0,165373,3,1,0,09,09,2,0,0,1,1,0,0,1,0
"POINT (10.521964375000039 52.259555685000066)",Unfall 165391 (2023) Kat:3, Licht: 2,165391,3,4,6,09,05,1,0,2,0,1,1,0,0,0
"POINT (10.526252406000026 52.264743314000043)",Unfall 165448 (2023) Kat:3, Licht: 0,165448,3,6,2,09,14,6,0,0,0,1,0,1,0,0
"POINT (10.514890167000033 52.248918814000035)",Unfall 165488 (2023) Kat:3, Licht: 0,165488,3,2,5,08,16,5,0,0,0,1,0,1,0,0
"POINT (10.549492343000054 52.260019757000066)",Unfall 165513 (2023) Kat:3, Licht: 2,165513,3,7,1,08,22,4,1,2,1,1,0,0,0,0
"POINT (10.536749225000051 52.271065206000060)",Unfall 165514 (2023) Kat:3, Licht: 0,165514,3,7,0,08,14,4,0,0,1,0,0,0,0,0
"POINT (10.524841692000052 52.233466565000072)",Unfall 165515 (2023) Kat:3, Licht: 0,165515,3,2,5,08,07,4,0,0,1,1,0,0,0,0
"POINT (10.482609308000065 52.309081195000033)",Unfall 165521 (2023) Kat:3, Licht: 0,165521,3,7,2,09,08,6,0,0,0,1,0,0,0,1
"POINT (10.526681600000074 52.287786839000034)",Unfall 165541 (2023) Kat:3, Licht: 0,165541,3,1,0,09,14,4,1,0,0,0,0,1,0,0
"POINT (10.527625398000055 52.266069189000063)",Unfall 165550 (2023) Kat:2, Licht: 0,165550,2,4,6,08,16,3,0,0,0,0,1,1,0,0
"POINT (10.517857464000031 52.248777371000074)",Unfall 165551 (2023) Kat:3, Licht: 0,165551,3,7,0,08,07,3,0,0,1,0,0,0,0,0
"POINT (10.522376030000032 52.259095328000058)",Unfall 165586 (2023) Kat:3, Licht: 0,165586,3,3,5,09,16,7,0,0,1,0,0,0,0,1
"POINT (10.519964915000060 52.314588973000070)",Unfall 165590 (2023) Kat:3, Licht: 0,165590,3,6,2,08,16,2,0,0,0,1,0,0,0,0
"POINT (10.536661622000054 52.262084997000045)",Unfall 165591 (2023) Kat:2, Licht: 0,165591,2,7,0,08,19,2,0,0,1,0,0,0,0,0
"POINT (10.557905078000033 52.324482867000029)",Unfall 165630 (2023) Kat:3, Licht: 0,165630,3,3,5,08,11,7,0,0,1,0,0,0,0,0
"POINT (10.508034754000050 52.234591432000059)",Unfall 165685 (2023) Kat:3, Licht: 0,165685,3,6,3,08,13,6,1,0,0,1,0,0,0,0
"POINT (10.502352911000060 52.261735022000039)",Unfall 165686 (2023) Kat:3, Licht: 0,165686,3,6,2,08,15,6,1,0,0,1,0,0,0,0
"POINT (10.500491686000032 52.257765853000080)",Unfall 165720 (2023) Kat:3, Licht: 0,165720,3,2,5,08,11,5,0,0,1,0,0,0,0,1
"POINT (10.529498548000049 52.263102745000026)",Unfall 165721 (2023) Kat:3, Licht: 0,165721,3,3,0,08,10,5,0,0,0,1,0,0,0,1
"POINT (10.536554310000042 52.262627144000078)",Unfall 165726 (2023) Kat:3, Licht: 2,165726,3,1,0,11,18,5,0,2,1,0,0,0,0,0
"POINT (10.532356994000054 52.323316110000064)",Unfall 165727 (2023) Kat:3, Licht: 0,165727,3,3,5,11,06,5,0,0,1,1,0,0,0,0
"POINT (10.497466561000067 52.261897849000036)",Unfall 165759 (2023) Kat:3, Licht: 0,165759,3,2,3,11,07,4,1,0,1,0,0,0,0,1
"POINT (10.540076948000035 52.256769393000070)",Unfall 165795 (2023) Kat:3, Licht: 0,165795,3,2,4,10,09,2,0,0,0,1,0,0,0,0
"POINT (10.517784474000052 52.315882652000028)",Unfall 165811 (2023) Kat:3, Licht: 0,165811,3,1,9,10,12,1,1,0,0,0,0,1,0,0
"POINT (10.514457524000022 52.266739877000077)",Unfall 165860 (2023) Kat:3, Licht: 0,165860,3,6,2,10,14,6,1,0,0,1,0,0,0,0
"POINT (10.486265532000061 52.248082853000028)",Unfall 165861 (2023) Kat:3, Licht: 0,165861,3,2,5,10,15,6,1,0,1,1,0,0,0,0
"POINT (10.529487474000064 52.263095750000048)",Unfall 165862 (2023) Kat:3, Licht: 2,165862,3,1,0,10,00,6,1,2,0,0,0,0,0,1
"POINT (10.507479598000032 52.245788382000057)",Unfall 165885 (2023) Kat:3, Licht: 2,165885,3,3,5,10,18,5,1,2,1,1,0,0,0,0
"POINT (10.502674533000061 52.262267191000035)",Unfall 165910 (2023) Kat:3, Licht: 0,165910,3,6,3,10,14,4,0,0,1,1,0,0,0,0
"POINT (10.567409331000022 52.253561707000074)",Unfall 165911 (2023) Kat:3, Licht: 0,165911,3,2,5,10,08,4,1,0,1,0,0,0,0,1
"POINT (10.503564346000076 52.271642858000064)",Unfall 165958 (2023) Kat:2, Licht: 2,165958,2,6,8,10,19,2,0,2,0,0,0,1,0,0
"POINT (10.498561012000039 52.260613432000071)",Unfall 165959 (2023) Kat:3, Licht: 0,165959,3,3,0,10,14,2,0,0,1,1,0,0,0,0
"POINT (10.496103067000035 52.253819196000052)",Unfall 165973 (2023) Kat:3, Licht: 0,165973,3,1,0,10,12,1,0,0,1,0,0,0,0,0
"POINT (10.519499724000070 52.227598488000069)",Unfall 165995 (2023) Kat:3, Licht: 0,165995,3,2,4,10,13,7,0,0,0,1,0,1,0,0