WKT,Name,OBJECTID,UKATEGORIE,UTYP1,UART,UMONAT,USTUNDE,UWOCHENTAG,STRZUSTAND,ULICHTVERH,ISTRAD,ISTPKW,ISTFUSS,ISTKRAD,ISTGKFZ,ISTSONSTIG
"POINT (10.522772537000037 52.262311521000072)",Unfall 159659 (2024) Kat:3, Licht: 2,159659,3,6,6,04,22,3,0,2,1,0,1,0,0,0
"POINT (10.535328078000077 52.252581313000064)",Unfall 159660 (2024) Kat:3, Licht: 0,159660,3,3,5,04,16,3,0,0,1,1,0,0,0,0
"POINT (10.471190522000029 52.245089367000048)",Unfall 159661 (2024) Kat:3, Licht: 0,159661,3,3,6,04,13,3,0,0,1,0,1,0,0,0
"POINT (10.536916219000034 52.268313403000036)",Unfall 159691 (2024) Kat:3, Licht: 0,159691,3,7,0,04,16,2,0,0,0,1,0,0,0,0
"POINT (10.504088001000071 52.233442969000066)",Unfall 159692 (2024) Kat:3, Licht: 0,159692,3,6,6,04,17,2,0,0,0,1,1,0,0,0
"POINT (10.541190001000075 52.271499613000060)",Unfall 159693 (2024) Kat:3, Licht: 0,159693,3,3,5,04,12,2,0,0,1,1,0,0,0,0
"POINT (10.448656523000068 52.240002106000077)",Unfall 159728 (2024) Kat:3, Licht: 0,159728,3,3,5,04,11,7,0,0,1,1,0,0,0,0
"POINT (10.539723015000050 52.254261222000082)",Unfall 159761 (2024) Kat:3, Licht: 0,159761,3,3,5,04,17,6,0,0,0,1,0,0,0,0
"POINT (10.500448410000047 52.263781534000032)",Unfall 159762 (2024) Kat:3, Licht: 0,159762,3,5,1,04,12,6,0,0,0,1,0,0,0,0
"POINT (10.549034135000056 52.277702240000053)",Unfall 159794 (2024) Kat:3, Licht: 0,159794,3,6,2,04,15,5,0,0,0,1,0,0,0,0
"POINT (10.525891095000077 52.262575882000078)",Unfall 159841 (2024) Kat:3, Licht: 0,159841,3,6,2,05,19,4,0,0,0,1,0,1,0,0
"POINT (10.482440013000030 52.229651790000048)",Unfall 159879 (2024) Kat:3, Licht: 0,159879,3,7,1,04,18,1,0,0,0,1,1,0,0,0
"POINT (10.537716218000071 52.271342847000028)",Unfall 159888 (2024) Kat:3, Licht: 0,159888,3,1,0,04,18,7,1,0,1,0,0,0,0,0
"POINT (10.513761414000044 52.248783793000030)",Unfall 159895 (2024) Kat:3, Licht: 0,159895,3,3,5,04,15,3,0,0,1,1,0,0,0,0
"POINT (10.511539250000055 52.298600758000077)",Unfall 159907 (2024) Kat:3, Licht: 0,159907,3,3,5,04,13,6,0,0,0,1,0,0,0,0
"POINT (10.535356481000065 52.246930921000057)",Unfall 159955 (2024) Kat:3, Licht: 2,159955,3,3,5,04,21,4,0,2,0,1,0,0,0,1
"POINT (10.522959514000036 52.266891739000073)",Unfall 159956 (2024) Kat:2, Licht: 0,159956,2,1,8,04,14,4,0,0,1,0,0,0,0,0
"POINT (10.523917730000051 52.246542212000065)",Unfall 159957 (2024) Kat:2, Licht: 0,159957,2,5,0,04,18,4,0,0,1,1,0,0,0,0
"POINT (10.528331624000032 52.277089495000041)",Unfall 159959 (2024) Kat:2, Licht: 0,159959,2,3,5,04,18,4,0,0,1,1,0,0,0,0
"POINT (10.520400485000039 52.266418225000052)",Unfall 159960 (2024) Kat:3, Licht: 0,159960,3,6,4,04,16,4,1,0,1,0,0,0,0,1
"POINT (10.578984968000043 52.251789072000065)",Unfall 159993 (2024) Kat:2, Licht: 0,159993,2,7,0,04,14,3,0,0,1,0,1,0,0,0
"POINT (10.528091259000064 52.255610793000073)",Unfall 159994 (2024) Kat:3, Licht: 2,159994,3,6,2,04,17,3,1,2,0,1,0,0,0,0
"POINT (10.525934849000066 52.262664280000081)",Unfall 159995 (2024) Kat:2, Licht: 0,159995,2,4,6,04,13,3,0,0,0,1,1,0,0,0
"POINT (10.541010944000050 52.260778603000063)",Unfall 160076 (2024) Kat:2, Licht: 2,160076,2,1,1,04,05,7,0,2,0,1,0,0,0,1
"POINT (10.533862335000038 52.275607595000054)",Unfall 160120 (2024) Kat:3, Licht: 0,160120,3,3,5,04,10,6,0,0,1,1,0,0,0,0
"POINT (10.526232745000073 52.294273484000030)",Unfall 160173 (2024) Kat:3, Licht: 0,160173,3,1,0,04,17,7,0,0,0,0,0,0,0,1
"POINT (10.513075793000041 52.281163928000069)",Unfall 160203 (2024) Kat:3, Licht: 0,160203,3,6,4,04,07,4,0,0,1,0,0,0,0,0
"POINT (10.540227831000038 52.267942779000066)",Unfall 160206 (2024) Kat:3, Licht: 0,160206,3,2,3,04,08,7,0,0,1,1,0,0,0,0
"POINT (10.529830316000073 52.272602892000066)",Unfall 160229 (2024) Kat:3, Licht: 0,160229,3,5,1,04,18,3,0,0,1,1,0,0,0,0
"POINT (10.511287249000077 52.246668330000034)",Unfall 160230 (2024) Kat:3, Licht: 0,160230,3,3,5,04,16,3,0,0,0,1,0,0,0,0
"POINT (10.497659956000064 52.269022652000046)",Unfall 160231 (2024) Kat:3, Licht: 0,160231,3,3,5,04,13,3,0,0,1,1,0,0,0,0
"POINT (10.504120058000069 52.257913432000066)",Unfall 160233 (2024) Kat:3, Licht: 0,160233,3,2,3,04,08,3,0,0,1,1,0,0,0,0
"POINT (10.471190522000029 52.245089367000048)",Unfall 160256 (2024) Kat:3, Licht: 0,160256,3,6,2,06,18,3,1,0,0,1,0,0,0,0
"POINT (10.540366685000038 52.272701093000080)",Unfall 160257 (2024) Kat:3, Licht: 0,160257,3,3,5,06,09,3,0,0,0,1,0,0,0,0
"POINT (10.563897847000021 52.286770848000060)",Unfall 160379 (2024) Kat:3, Licht: 0,160379,3,2,5,06,07,5,0,0,1,1,0,0,0,0
"POINT (10.524349992000054 52.263798685000040)",Unfall 160380 (2024) Kat:3, Licht: 0,160380,3,1,0,06,08,5,0,0,1,1,0,0,0,0
"POINT (10.585691976000021 52.263140193000027)",Unfall 160405 (2024) Kat:3, Licht: 0,160405,3,2,5,06,18,4,0,0,1,1,0,0,0,0
"POINT (10.532143800000028 52.265627388000041)",Unfall 160472 (2024) Kat:3, Licht: 0,160472,3,2,5,06,14,2,0,0,0,1,0,0,0,1
"POINT (10.576654693000023 52.281966537000073)",Unfall 160474 (2024) Kat:3, Licht: 0,160474,3,2,2,06,14,2,1,0,0,1,0,0,0,0
"POINT (10.516697180000051 52.260214937000057)",Unfall 160526 (2024) Kat:3, Licht: 0,160526,3,4,6,06,18,7,0,0,0,1,1,0,0,0
"POINT (10.546535754000047 52.267713038000068)",Unfall 160527 (2024) Kat:3, Licht: 0,160527,3,3,5,06,05,7,0,0,1,1,0,0,0,0
"POINT (10.542226222000068 52.301118020000047)",Unfall 160565 (2024) Kat:3, Licht: 0,160565,3,3,5,06,08,6,0,0,1,1,0,0,0,0
"POINT (10.528490511000030 52.264921744000048)",Unfall 160590 (2024) Kat:3, Licht: 0,160590,3,2,2,06,16,5,0,0,0,1,0,0,0,0
"POINT (10.525009803000046 52.265069791000030)",Unfall 160592 (2024) Kat:3, Licht: 0,160592,3,7,5,06,15,5,0,0,0,1,0,0,0,1
"POINT (10.593998905000035 52.286183796000046)",Unfall 160593 (2024) Kat:3, Licht: 0,160593,3,5,1,06,07,5,0,0,1,1,0,0,0,0
"POINT (10.530097306000073 52.236562589000073)",Unfall 160625 (2024) Kat:3, Licht: 0,160625,3,6,2,06,07,4,0,0,0,1,0,0,0,0
"POINT (10.473058248000029 52.278261584000063)",Unfall 160626 (2024) Kat:3, Licht: 1,160626,3,7,0,06,19,4,0,1,0,0,0,0,0,1
"POINT (10.526346954000076 52.262415890000057)",Unfall 160627 (2024) Kat:3, Licht: 0,160627,3,2,5,06,09,4,0,0,1,1,1,0,0,0
"POINT (10.567812011000058 52.294806815000072)",Unfall 160665 (2024) Kat:3, Licht: 0,160665,3,7,0,06,18,3,0,0,1,0,0,0,0,0
"POINT (10.536797461000049 52.272133507000035)",Unfall 160666 (2024) Kat:3, Licht: 0,160666,3,5,1,06,16,3,0,0,1,1,0,0,0,0
"POINT (10.517273989000046 52.260318847000065)",Unfall 160736 (2024) Kat:3, Licht: 0,160736,3,4,6,06,13,7,1,0,1,0,1,0,0,0
"POINT (10.515982930000064 52.259859567000035)",Unfall 160737 (2024) Kat:3, Licht: 0,160737,3,3,5,06,19,7,0,0,0,1,0,0,0,1
"POINT (10.524539597000057 52.267784858000027)",Unfall 160738 (2024) Kat:3, Licht: 0,160738,3,3,5,06,18,7,0,0,0,0,0,0,0,1
"POINT (10.569805410000072 52.275467969000033)",Unfall 160739 (2024) Kat:3, Licht: 0,160739,3,2,0,06,11,7,0,0,0,1,0,1,0,0
"POINT (10.514562553000076 52.270629871000040)",Unfall 160740 (2024) Kat:3, Licht: 0,160740,3,7,0,06,11,7,0,0,1,0,0,0,0,1
"POINT (10.547402819000069 52.276554792000070)",Unfall 160743 (2024) Kat:3, Licht: 0,160743,3,6,3,06,13,7,0,0,1,0,0,0,0,0
"POINT (10.505014018000054 52.272059796000065)",Unfall 160759 (2024) Kat:3, Licht: 0,160759,3,2,4,06,15,2,0,0,0,1,0,0,0,1
"POINT (10.509379722000062 52.277865163000058)",Unfall 160823 (2024) Kat:3, Licht: 0,160823,3,3,0,05,07,5,1,0,1,0,0,0,0,1
"POINT (10.533813062000036 52.258805838000058)",Unfall 160856 (2024) Kat:3, Licht: 0,160856,3,6,4,05,09,4,0,0,1,1,0,0,0,0
"POINT (10.517466881000075 52.297613419000072)",Unfall 160911 (2024) Kat:3, Licht: 0,160911,3,2,4,05,13,2,0,0,0,1,0,1,0,0
"POINT (10.535653773000035 52.242875085000037)",Unfall 160912 (2024) Kat:3, Licht: 0,160912,3,2,2,05,16,2,1,0,0,1,0,0,1,0
"POINT (10.518888862000040 52.286876564000067)",Unfall 160913 (2024) Kat:3, Licht: 0,160913,3,4,6,05,16,2,1,0,0,1,1,0,0,0
"POINT (10.479683496000064 52.242367015000070)",Unfall 160935 (2024) Kat:3, Licht: 0,160935,3,6,2,05,13,1,0,0,0,1,0,0,0,1
"POINT (10.605158028000062 52.280714078000074)",Unfall 160936 (2024) Kat:3, Licht: 0,160936,3,6,2,05,13,1,1,0,1,0,0,0,0,0
"POINT (10.526795979000042 52.280021506000026)",Unfall 160937 (2024) Kat:3, Licht: 0,160937,3,6,0,05,11,1,0,0,1,0,0,0,0,0
"POINT (10.508317393000027 52.260298751000050)",Unfall 160964 (2024) Kat:3, Licht: 0,160964,3,3,5,05,14,7,0,0,1,1,0,0,0,0
"POINT (10.498125682000023 52.266650759000072)",Unfall 160965 (2024) Kat:3, Licht: 0,160965,3,3,5,05,12,7,0,0,1,1,0,0,0,0
"POINT (10.486188326000047 52.273215481000079)",Unfall 160966 (2024) Kat:2, Licht: 0,160966,2,7,1,05,10,7,0,0,0,1,0,0,0,0
"POINT (10.518097005000072 52.262775241000043)",Unfall 161005 (2024) Kat:3, Licht: 2,161005,3,1,0,05,22,6,1,2,1,0,0,0,0,0
"POINT (10.540363680000041 52.268131255000071)",Unfall 161006 (2024) Kat:3, Licht: 0,161006,3,6,2,05,11,6,0,0,1,1,0,0,0,0
"POINT (10.490418974000022 52.245959474000074)",Unfall 161047 (2024) Kat:2, Licht: 0,161047,2,4,6,05,17,5,0,0,1,0,1,0,0,0
"POINT (10.505973342000061 52.268986678000033)",Unfall 161048 (2024) Kat:3, Licht: 0,161048,3,3,5,05,17,5,0,0,1,0,0,0,0,1
"POINT (10.542765653000060 52.263890999000068)",Unfall 161084 (2024) Kat:3, Licht: 0,161084,3,3,5,05,18,4,1,0,1,1,0,0,0,0
"POINT (10.507268166000074 52.271671156000082)",Unfall 161085 (2024) Kat:3, Licht: 0,161085,3,2,3,05,11,4,1,0,1,1,0,0,0,0
"POINT (10.517790162000040 52.258134814000073)",Unfall 161093 (2024) Kat:3, Licht: 0,161093,3,3,5,06,06,3,0,0,0,1,0,0,0,0
"POINT (10.529485161000025 52.287672705000034)",Unfall 161124 (2024) Kat:3, Licht: 0,161124,3,4,6,05,17,3,0,0,0,1,1,0,0,0
"POINT (10.529164208000054 52.250796061000074)",Unfall 161125 (2024) Kat:3, Licht: 0,161125,3,3,5,05,15,3,0,0,1,1,0,0,0,0
"POINT (10.526943201000051 52.260759422000035)",Unfall 161126 (2024) Kat:3, Licht: 0,161126,3,7,2,05,10,3,0,0,0,1,0,1,0,0
"POINT (10.605068299000038 52.280886905000045)",Unfall 161148 (2024) Kat:3, Licht: 2,161148,3,3,5,05,22,2,0,2,0,1,0,0,0,0
"POINT (10.526457906000076 52.257581866000066)",Unfall 161149 (2024) Kat:3, Licht: 0,161149,3,7,6,05,10,2,0,0,1,0,1,0,0,0
"POINT (10.510465649000025 52.252078042000051)",Unfall 161175 (2024) Kat:3, Licht: 0,161175,3,6,2,05,09,1,0,0,0,1,0,0,0,0
"POINT (10.525938247000056 52.261807072000067)",Unfall 161205 (2024) Kat:3, Licht: 2,161205,3,1,9,05,22,7,0,2,0,1,0,0,0,0
"POINT (10.473616318000040 52.233400206000056)",Unfall 161206 (2024) Kat:3, Licht: 0,161206,3,1,8,05,12,7,0,0,1,0,0,0,0,0
"POINT (10.531140649000065 52.265289573000075)",Unfall 161251 (2024) Kat:3, Licht: 0,161251,3,1,0,05,18,5,1,0,1,0,0,0,0,1
"POINT (10.526502651000044 52.279421228000047)",Unfall 161304 (2024) Kat:3, Licht: 0,161304,3,3,0,05,17,5,0,0,1,1,0,0,0,0
"POINT (10.535693715000036 52.257286562000047)",Unfall 161306 (2024) Kat:2, Licht: 0,161306,2,1,0,05,08,5,0,0,1,0,0,0,0,0
"POINT (10.523424852000062 52.267084197000031)",Unfall 161324 (2024) Kat:3, Licht: 0,161324,3,6,2,06,20,3,1,0,0,1,0,0,0,0
"POINT (10.524219267000035 52.271723948000044)",Unfall 161361 (2024) Kat:3, Licht: 0,161361,3,6,4,05,15,4,0,0,1,0,0,0,0,0
"POINT (10.528832013000056 52.267294521000053)",Unfall 161362 (2024) Kat:3, Licht: 0,161362,3,7,6,05,10,4,0,0,0,1,1,0,0,0
"POINT (10.525815135000073 52.275514847000068)",Unfall 161395 (2024) Kat:3, Licht: 0,161395,3,3,0,07,13,3,1,0,1,0,0,0,0,0
"POINT (10.528528181000070 52.275580447000038)",Unfall 161424 (2024) Kat:3, Licht: 0,161424,3,3,5,07,09,2,0,0,1,1,0,0,0,0
"POINT (10.506697636000069 52.265087002000030)",Unfall 161489 (2024) Kat:3, Licht: 2,161489,3,6,6,07,22,6,0,2,0,1,1,0,0,0
"POINT (10.512553152000066 52.244198624000035)",Unfall 161494 (2024) Kat:3, Licht: 0,161494,3,3,0,07,10,3,0,0,1,1,0,0,0,0
"POINT (10.480129693000038 52.250663093000071)",Unfall 161519 (2024) Kat:3, Licht: 0,161519,3,5,1,07,14,5,0,0,0,1,0,0,0,0
"POINT (10.486284596000075 52.260384204000047)",Unfall 161630 (2024) Kat:3, Licht: 0,161630,3,3,5,07,11,7,0,0,1,0,0,0,0,0
"POINT (10.588202125000066 52.241940990000046)",Unfall 161692 (2024) Kat:3, Licht: 0,161692,3,6,4,07,12,5,0,0,1,1,0,0,0,0
"POINT (10.519774780000034 52.277650783000070)",Unfall 161715 (2024) Kat:3, Licht: 0,161715,3,6,4,07,18,4,0,0,1,0,0,0,0,0
"POINT (10.597050718000048 52.314118735000079)",Unfall 161716 (2024) Kat:3, Licht: 0,161716,3,3,5,07,07,4,1,0,1,1,0,0,0,0
"POINT (10.501261190000037 52.269583436000062)",Unfall 161770 (2024) Kat:3, Licht: 2,161770,3,4,6,07,21,2,0,2,0,1,1,0,0,0
"POINT (10.521420786000022 52.261355726000033)",Unfall 161786 (2024) Kat:3, Licht: 0,161786,3,1,0,07,10,1,0,0,1,0,0,0,0,0
"POINT (10.524543902000062 52.485429961000079)",Unfall 161808 (2024) Kat:2, Licht: 0,161808,2,1,8,07,11,7,0,0,0,0,0,1,0,0
"POINT (10.514267897000025 52.258525531000032)",Unfall 161809 (2024) Kat:3, Licht: 0,161809,3,6,4,07,15,7,0,0,1,0,0,0,0,0
"POINT (10.506531549000044 52.250518776000035)",Unfall 161810 (2024) Kat:3, Licht: 2,161810,3,1,0,07,00,7,0,2,1,0,0,0,0,0
"POINT (10.569378434000043 52.278367714000069)",Unfall 161902 (2024) Kat:3, Licht: 0,161902,3,1,6,07,17,3,0,0,0,1,1,0,0,0
"POINT (10.518277738000052 52.299775849000071)",Unfall 161937 (2024) Kat:3, Licht: 0,161937,3,7,6,07,14,2,0,0,0,0,1,0,0,1
"POINT (10.519768299000077 52.265630790000046)",Unfall 161938 (2024) Kat:3, Licht: 0,161938,3,3,5,07,10,2,1,0,1,1,0,0,0,0
"POINT (10.562972974000047 52.283549421000032)",Unfall 161939 (2024) Kat:3, Licht: 0,161939,3,1,4,07,11,2,1,0,0,1,0,1,0,0
"POINT (10.453469539000025 52.240486585000042)",Unfall 161981 (2024) Kat:3, Licht: 0,161981,3,6,0,06,18,7,0,0,1,1,0,0,0,0
"POINT (10.528080712000076 52.257957477000048)",Unfall 162025 (2024) Kat:3, Licht: 0,162025,3,6,2,06,18,6,0,0,0,1,0,1,0,0
"POINT (10.528282769000043 52.277023830000076)",Unfall 162026 (2024) Kat:3, Licht: 0,162026,3,3,5,06,09,6,0,0,1,1,0,0,0,0
"POINT (10.510216874000037 52.252152423000041)",Unfall 162052 (2024) Kat:3, Licht: 0,162052,3,2,3,06,09,5,0,0,1,1,0,0,0,0
"POINT (10.516742540000052 52.254671548000033)",Unfall 162095 (2024) Kat:3, Licht: 0,162095,3,5,1,06,16,4,0,0,1,1,0,0,0,0
"POINT (10.517097271000068 52.248816232000081)",Unfall 162096 (2024) Kat:3, Licht: 0,162096,3,7,2,06,17,4,0,0,0,1,0,1,0,0
"POINT (10.540158582000061 52.256764922000059)",Unfall 162140 (2024) Kat:3, Licht: 1,162140,3,3,5,06,22,3,0,1,0,1,0,0,0,0
"POINT (10.575376503000030 52.286472176000075)",Unfall 162141 (2024) Kat:3, Licht: 0,162141,3,1,0,06,16,3,0,0,1,0,0,0,0,0
"POINT (10.527507356000058 52.257236071000079)",Unfall 162142 (2024) Kat:3, Licht: 0,162142,3,2,4,06,11,3,0,0,0,1,0,0,0,0
"POINT (10.524635491000026 52.282308143000080)",Unfall 162143 (2024) Kat:3, Licht: 0,162143,3,4,6,06,11,3,0,0,0,1,1,0,0,0
"POINT (10.518242763000046 52.262089110000034)",Unfall 162144 (2024) Kat:3, Licht: 0,162144,3,4,6,06,10,3,0,0,1,0,1,0,0,0
"POINT (10.514654475000043 52.291485030000047)",Unfall 162176 (2024) Kat:3, Licht: 0,162176,3,7,0,06,14,2,0,0,1,0,0,0,0,1
"POINT (10.504481665000071 52.222896421000030)",Unfall 162201 (2024) Kat:3, Licht: 0,162201,3,1,4,06,15,1,0,0,0,1,0,0,0,0
"POINT (10.475830657000074 52.322804944000040)",Unfall 162226 (2024) Kat:3, Licht: 0,162226,3,3,5,07,09,3,0,0,0,1,0,0,0,1
"POINT (10.487554099000022 52.247019592000072)",Unfall 162232 (2024) Kat:3, Licht: 0,162232,3,6,2,06,20,7,0,0,0,1,0,1,0,0
"POINT (10.527341312000033 52.286353826000038)",Unfall 162267 (2024) Kat:3, Licht: 0,162267,3,6,2,07,12,3,0,0,0,1,0,0,0,1
"POINT (10.516980159000070 52.297571679000043)",Unfall 162273 (2024) Kat:3, Licht: 0,162273,3,2,0,06,13,6,1,0,1,0,0,0,0,0
"POINT (10.435932497000067 52.302498222000054)",Unfall 162370 (2024) Kat:3, Licht: 0,162370,3,4,6,06,17,4,0,0,0,0,1,0,0,1
"POINT (10.536120930000038 52.284542050000027)",Unfall 162371 (2024) Kat:3, Licht: 0,162371,3,1,1,06,19,4,0,0,1,1,0,0,0,0
"POINT (10.543103770000073 52.274406908000060)",Unfall 162491 (2024) Kat:3, Licht: 0,162491,3,6,2,08,17,5,0,0,1,1,0,0,0,0
"POINT (10.524001013000031 52.265467848000071)",Unfall 162492 (2024) Kat:3, Licht: 0,162492,3,4,6,08,14,5,0,0,1,0,1,0,1,0
"POINT (10.525311592000037 52.250061965000043)",Unfall 162493 (2024) Kat:2, Licht: 0,162493,2,7,0,08,15,5,0,0,1,0,1,0,0,0
"POINT (10.525729522000063 52.261352600000066)",Unfall 162518 (2024) Kat:3, Licht: 0,162518,3,2,5,08,18,4,0,0,1,0,0,0,0,0
"POINT (10.597299707000047 52.293994311000063)",Unfall 162519 (2024) Kat:3, Licht: 0,162519,3,1,9,08,11,4,0,0,0,1,0,0,0,0
"POINT (10.547264276000021 52.314234274000057)",Unfall 162559 (2024) Kat:3, Licht: 0,162559,3,4,6,08,14,3,0,0,0,0,1,0,1,0
"POINT (10.526275087000045 52.260145772000044)",Unfall 162586 (2024) Kat:3, Licht: 1,162586,3,3,5,08,21,2,0,1,0,1,0,0,0,1
"POINT (10.512778321000042 52.256404493000048)",Unfall 162587 (2024) Kat:3, Licht: 0,162587,3,7,0,08,17,2,0,0,0,0,0,0,0,1
"POINT (10.517759586000068 52.281916509000041)",Unfall 162622 (2024) Kat:3, Licht: 1,162622,3,1,0,08,05,7,1,1,0,0,0,1,0,0
"POINT (10.546429827000054 52.276336179000054)",Unfall 162623 (2024) Kat:3, Licht: 2,162623,3,1,0,08,03,7,1,2,0,0,0,0,0,1
"POINT (10.514574031000052 52.264253444000076)",Unfall 162667 (2024) Kat:3, Licht: 0,162667,3,3,5,08,12,6,0,0,1,1,0,0,0,0
"POINT (10.536162261000072 52.266849077000074)",Unfall 162668 (2024) Kat:3, Licht: 0,162668,3,2,4,08,08,6,0,0,1,1,0,0,0,0
"POINT (10.536457183000039 52.274637535000068)",Unfall 162737 (2024) Kat:3, Licht: 0,162737,3,3,5,08,13,4,0,0,0,1,0,0,0,1
"POINT (10.526957122000056 52.289420036000081)",Unfall 162738 (2024) Kat:3, Licht: 0,162738,3,3,5,08,07,4,0,0,0,0,0,1,0,0
"POINT (10.486000988000058 52.247931586000050)",Unfall 162826 (2024) Kat:2, Licht: 0,162826,2,3,5,08,18,2,0,0,0,0,0,0,0,1
"POINT (10.478595278000057 52.240367937000030)",Unfall 162827 (2024) Kat:3, Licht: 0,162827,3,2,3,08,10,2,0,0,1,0,0,0,0,1
"POINT (10.523828774000037 52.296637712000063)",Unfall 162828 (2024) Kat:2, Licht: 0,162828,2,2,5,08,07,2,0,0,1,1,0,0,0,0
"POINT (10.522893895000038 52.261412633000077)",Unfall 162863 (2024) Kat:3, Licht: 2,162863,3,1,0,08,04,1,0,2,0,0,0,0,0,1
"POINT (10.525486802000046 52.261520273000031)",Unfall 162887 (2024) Kat:2, Licht: 0,162887,2,2,5,08,17,7,0,0,1,1,0,0,0,0
"POINT (10.522429510000052 52.266147505000049)",Unfall 162888 (2024) Kat:3, Licht: 0,162888,3,7,5,08,10,7,0,0,1,1,0,0,0,0
"POINT (10.526609576000055 52.268159265000065)",Unfall 162889 (2024) Kat:3, Licht: 2,162889,3,7,2,08,23,7,0,2,0,1,0,1,0,0
"POINT (10.513874836000070 52.262533457000075)",Unfall 162918 (2024) Kat:3, Licht: 0,162918,3,7,1,08,16,6,0,0,0,1,0,0,0,0
"POINT (10.527351656000064 52.286330193000026)",Unfall 162919 (2024) Kat:3, Licht: 0,162919,3,4,6,08,14,6,0,0,0,1,1,0,0,0
"POINT (10.508692871000051 52.326125700000034)",Unfall 162920 (2024) Kat:3, Licht: 0,162920,3,7,6,08,13,6,0,0,0,0,1,0,0,1
"POINT (10.534128264000060 52.276956375000054)",Unfall 162921 (2024) Kat:3, Licht: 0,162921,3,6,2,08,09,6,1,0,0,1,0,0,0,1
"POINT (10.524623852000047 52.273717601000044)",Unfall 162965 (2024) Kat:3, Licht: 0,162965,3,6,2,08,17,5,0,0,0,1,0,0,0,0
"POINT (10.523557923000055 52.245848461000037)",Unfall 163047 (2024) Kat:3, Licht: 0,163047,3,2,5,08,17,3,0,0,0,1,0,1,0,0
"POINT (10.519137800000067 52.266680106000081)",Unfall 163095 (2024) Kat:3, Licht: 0,163095,3,5,0,08,14,2,0,0,0,1,0,0,0,1
"POINT (10.525360712000065 52.266504873000031)",Unfall 163096 (2024) Kat:3, Licht: 0,163096,3,6,2,08,13,2,0,0,0,1,0,0,0,0
"POINT (10.523077754000042 52.261435078000034)",Unfall 163112 (2024) Kat:2, Licht: 0,163112,2,2,0,08,13,1,0,0,1,0,0,0,0,0
"POINT (10.524815617000058 52.258561168000028)",Unfall 163211 (2024) Kat:2, Licht: 0,163211,2,1,0,08,16,5,0,0,1,0,0,0,0,0
"POINT (10.511301629000059 52.249028951000071)",Unfall 163250 (2024) Kat:3, Licht: 0,163250,3,5,5,07,12,4,0,0,0,1,0,0,0,0
"POINT (10.553580804000035 52.277932759000066)",Unfall 163282 (2024) Kat:3, Licht: 0,163282,3,2,3,07,18,3,0,0,1,0,0,0,0,1
"POINT (10.525282639000068 52.261791006000067)",Unfall 163283 (2024) Kat:3, Licht: 0,163283,3,2,5,07,15,3,0,0,1,1,0,0,0,0
"POINT (10.519956645000036 52.265663636000056)",Unfall 163284 (2024) Kat:3, Licht: 0,163284,3,3,5,07,15,3,0,0,1,1,0,0,0,0
"POINT (10.508071365000035 52.237760711000078)",Unfall 163285 (2024) Kat:3, Licht: 0,163285,3,1,0,07,13,3,0,0,1,0,0,0,0,0
"POINT (10.522715351000045 52.268593467000073)",Unfall 163327 (2024) Kat:3, Licht: 0,163327,3,3,5,07,17,2,0,0,1,1,0,0,0,0
"POINT (10.534701893000033 52.271346056000027)",Unfall 163341 (2024) Kat:3, Licht: 0,163341,3,1,0,07,16,1,0,0,1,0,0,0,0,0
"POINT (10.480820251000068 52.230918653000060)",Unfall 163433 (2024) Kat:2, Licht: 0,163433,2,1,0,07,20,5,0,0,0,0,0,1,0,0
"POINT (10.475623834000032 52.322678685000028)",Unfall 163434 (2024) Kat:3, Licht: 0,163434,3,7,1,07,18,5,0,0,0,1,0,0,0,1
"POINT (10.512044249000041 52.268365552000034)",Unfall 163482 (2024) Kat:3, Licht: 0,163482,3,3,5,09,11,6,0,0,1,1,0,0,0,0
"POINT (10.584332646000064 52.248271840000029)",Unfall 163509 (2024) Kat:3, Licht: 0,163509,3,3,5,09,13,5,0,0,0,1,0,0,0,0
"POINT (10.523353077000024 52.267223510000065)",Unfall 163611 (2024) Kat:3, Licht: 2,163611,3,5,0,09,21,1,0,2,0,1,0,1,0,0
"POINT (10.523703112000021 52.270803362000038)",Unfall 163628 (2024) Kat:2, Licht: 0,163628,2,3,5,09,08,5,1,0,1,1,0,0,0,0
"POINT (10.538427406000039 52.286716876000071)",Unfall 163639 (2024) Kat:2, Licht: 1,163639,2,2,3,09,19,7,0,1,1,1,0,0,0,0
"POINT (10.555316774000062 52.327022975000034)",Unfall 163640 (2024) Kat:3, Licht: 0,163640,3,7,6,09,18,7,0,0,0,1,1,0,0,0
"POINT (10.519614327000056 52.259672210000076)",Unfall 163641 (2024) Kat:3, Licht: 0,163641,3,7,0,09,17,7,0,0,0,1,1,0,0,0
"POINT (10.513069045000066 52.258633734000057)",Unfall 163684 (2024) Kat:3, Licht: 0,163684,3,6,4,09,13,6,0,0,1,0,0,0,0,1
"POINT (10.517190194000023 52.297588786000063)",Unfall 163744 (2024) Kat:3, Licht: 0,163744,3,2,3,09,08,4,0,0,0,0,1,0,0,1
"POINT (10.494753553000066 52.260549302000072)",Unfall 163810 (2024) Kat:3, Licht: 0,163810,3,3,5,09,17,1,0,0,0,1,0,0,0,0
"POINT (10.512369995000029 52.246011952000060)",Unfall 163890 (2024) Kat:2, Licht: 2,163890,2,1,0,09,04,6,0,2,1,0,0,0,0,0