WKT,Name,OBJECTID,UKATEGORIE,UTYP1,UART,UMONAT,USTUNDE,UWOCHENTAG,STRZUSTAND,ULICHTVERH,ISTRAD,ISTPKW,ISTFUSS,ISTKRAD,ISTGKFZ,ISTSONSTIG
"POINT (10.501125178000052 52.263908593000053)",Unfall 163919 (2024) Kat:3, Licht: 0,163919,3,2,4,09,16,5,0,0,0,1,0,0,0,0
"POINT (10.488449903000060 52.240393813000026)",Unfall 163925 (2024) Kat:3, Licht: 0,163925,3,3,5,09,09,1,0,0,1,1,0,0,0,0
"POINT (10.514517130000058 52.266813643000035)",Unfall 163952 (2024) Kat:3, Licht: 0,163952,3,1,9,09,15,4,1,0,0,0,0,1,0,0
"POINT (10.522453108000036 52.268561972000043)",Unfall 163953 (2024) Kat:3, Licht: 0,163953,3,7,6,09,09,4,1,0,0,1,1,0,0,0
"POINT (10.463617476000024 52.289425008000080)",Unfall 163984 (2024) Kat:3, Licht: 0,163984,3,3,5,09,17,3,0,0,1,1,0,0,0,0
"POINT (10.517695017000051 52.256743040000060)",Unfall 164000 (2024) Kat:3, Licht: 0,164000,3,2,5,09,18,7,0,0,0,1,0,1,0,0
"POINT (10.528145416000029 52.268681410000056)",Unfall 164027 (2024) Kat:3, Licht: 0,164027,3,2,3,09,18,2,1,0,1,1,0,0,0,0
"POINT (10.508548409000070 52.272920239000030)",Unfall 164028 (2024) Kat:3, Licht: 0,164028,3,3,5,09,12,2,0,0,1,1,0,0,0,0
"POINT (10.448259465000035 52.239872868000077)",Unfall 164078 (2024) Kat:3, Licht: 0,164078,3,5,1,09,14,7,0,0,1,1,0,0,0,0
"POINT (10.505389446000038 52.310615448000078)",Unfall 164127 (2024) Kat:2, Licht: 0,164127,2,2,3,09,10,6,0,0,1,1,0,0,0,0
"POINT (10.454960521000032 52.257267168000055)",Unfall 164164 (2024) Kat:2, Licht: 0,164164,2,6,4,09,16,5,0,0,1,0,0,0,0,1
"POINT (10.537212430000068 52.232044222000070)",Unfall 164229 (2024) Kat:3, Licht: 0,164229,3,1,0,09,13,5,0,0,1,0,0,0,0,0
"POINT (10.532163857000057 52.266271644000028)",Unfall 164247 (2024) Kat:3, Licht: 0,164247,3,5,3,09,17,3,0,0,1,1,0,0,0,0
"POINT (10.543323821000058 52.275501305000034)",Unfall 164248 (2024) Kat:2, Licht: 0,164248,2,3,5,09,13,3,0,0,0,0,0,1,0,1
"POINT (10.513122336000038 52.273697988000038)",Unfall 164249 (2024) Kat:3, Licht: 0,164249,3,2,3,09,08,3,0,0,1,0,0,0,0,1
"POINT (10.520971981000059 52.284085911000034)",Unfall 164294 (2024) Kat:3, Licht: 0,164294,3,4,6,09,08,2,0,0,0,1,1,0,0,0
"POINT (10.502957333000040 52.260432019000064)",Unfall 164314 (2024) Kat:2, Licht: 2,164314,2,7,6,09,21,1,0,2,0,0,1,0,0,1
"POINT (10.537219352000022 52.306325842000035)",Unfall 164423 (2024) Kat:3, Licht: 0,164423,3,3,5,08,06,5,0,0,1,1,0,0,0,0
"POINT (10.531981691000055 52.256127320000076)",Unfall 164436 (2024) Kat:3, Licht: 0,164436,3,3,5,08,10,5,0,0,1,1,0,0,0,0
"POINT (10.504521751000027 52.277423995000049)",Unfall 164471 (2024) Kat:3, Licht: 1,164471,3,3,5,08,19,4,0,1,1,1,0,0,0,0
"POINT (10.510734022000065 52.245893748000071)",Unfall 164478 (2024) Kat:3, Licht: 0,164478,3,6,3,08,16,7,0,0,0,1,0,1,0,0
"POINT (10.529111068000077 52.251229532000082)",Unfall 164506 (2024) Kat:3, Licht: 0,164506,3,6,2,08,16,7,0,0,0,1,0,0,0,0
"POINT (10.527634411000065 52.282431419000034)",Unfall 164521 (2024) Kat:3, Licht: 0,164521,3,3,5,08,17,3,0,0,1,1,0,0,0,0
"POINT (10.497671426000068 52.261908234000032)",Unfall 164522 (2024) Kat:3, Licht: 0,164522,3,3,5,08,08,3,0,0,1,1,0,0,0,0
"POINT (10.518580192000059 52.266703961000076)",Unfall 164602 (2024) Kat:3, Licht: 2,164602,3,3,5,10,21,4,1,2,1,1,0,0,0,0
"POINT (10.529289388000052 52.272060151000062)",Unfall 164603 (2024) Kat:3, Licht: 0,164603,3,3,5,10,13,4,0,0,1,1,0,0,0,0
"POINT (10.472578396000074 52.248545912000054)",Unfall 164604 (2024) Kat:3, Licht: 2,164604,3,2,6,10,17,4,1,2,0,1,1,0,0,0
"POINT (10.519265816000029 52.279233547000047)",Unfall 164605 (2024) Kat:3, Licht: 2,164605,3,3,5,10,22,4,1,2,0,1,0,0,0,1
"POINT (10.517525955000053 52.330324465000047)",Unfall 164649 (2024) Kat:3, Licht: 0,164649,3,2,2,10,12,3,1,0,0,1,0,0,0,0
"POINT (10.544373737000058 52.236922968000044)",Unfall 164650 (2024) Kat:3, Licht: 0,164650,3,4,6,10,09,3,0,0,0,1,1,0,0,0
"POINT (10.526172622000047 52.265094317000035)",Unfall 164684 (2024) Kat:3, Licht: 0,164684,3,4,6,10,10,2,0,0,0,0,1,0,0,1
"POINT (10.505903680000074 52.254888894000032)",Unfall 164685 (2024) Kat:3, Licht: 0,164685,3,6,2,10,13,2,0,0,0,1,0,0,0,0
"POINT (10.525699251000049 52.262849720000077)",Unfall 164686 (2024) Kat:3, Licht: 0,164686,3,4,6,10,12,2,0,0,1,0,1,0,0,0
"POINT (10.487752251000074 52.278987513000061)",Unfall 164723 (2024) Kat:2, Licht: 0,164723,2,5,0,10,12,7,0,0,0,1,0,0,0,1
"POINT (10.499003284000025 52.254640393000045)",Unfall 164785 (2024) Kat:3, Licht: 0,164785,3,6,2,10,16,6,0,0,0,1,0,1,0,0
"POINT (10.525961159000076 52.276850817000081)",Unfall 164824 (2024) Kat:3, Licht: 2,164824,3,2,0,10,18,5,0,2,1,1,0,0,0,0
"POINT (10.528429363000043 52.276332870000033)",Unfall 164825 (2024) Kat:3, Licht: 0,164825,3,3,5,10,12,5,0,0,1,1,0,0,0,0
"POINT (10.528344427000036 52.255177134000064)",Unfall 164862 (2024) Kat:3, Licht: 0,164862,3,3,5,10,15,4,0,0,1,1,0,0,0,0
"POINT (10.525779059000058 52.265879954000070)",Unfall 164901 (2024) Kat:3, Licht: 0,164901,3,6,2,10,16,3,0,0,0,1,0,0,0,0
"POINT (10.536604406000038 52.272637323000026)",Unfall 164902 (2024) Kat:3, Licht: 0,164902,3,2,4,10,17,3,0,0,1,1,0,0,0,0
"POINT (10.515194440000073 52.262625687000082)",Unfall 164903 (2024) Kat:3, Licht: 2,164903,3,5,1,10,06,3,1,2,1,1,0,0,0,0
"POINT (10.585813937000069 52.284831509000071)",Unfall 164935 (2024) Kat:2, Licht: 2,164935,2,1,0,10,22,2,0,2,1,0,0,0,0,0
"POINT (10.538593080000055 52.268711812000049)",Unfall 164936 (2024) Kat:3, Licht: 2,164936,3,4,6,10,19,2,1,2,1,0,1,0,0,0
"POINT (10.530677536000042 52.269448068000031)",Unfall 164937 (2024) Kat:3, Licht: 1,164937,3,6,2,10,07,2,1,1,0,1,0,0,0,0
"POINT (10.499703092000061 52.279920365000066)",Unfall 164938 (2024) Kat:3, Licht: 2,164938,3,2,5,10,06,2,1,2,0,1,0,0,0,1
"POINT (10.521090246000028 52.245923883000046)",Unfall 164956 (2024) Kat:3, Licht: 1,164956,3,3,5,10,18,1,0,1,1,0,0,0,0,0
"POINT (10.514164473000051 52.266338894000057)",Unfall 164981 (2024) Kat:3, Licht: 0,164981,3,3,5,10,14,7,0,0,0,1,0,0,0,0
"POINT (10.503540792000024 52.223495100000036)",Unfall 165011 (2024) Kat:3, Licht: 0,165011,3,6,3,10,11,6,0,0,0,1,0,0,0,0
"POINT (10.524153425000065 52.267630101000066)",Unfall 165036 (2024) Kat:3, Licht: 0,165036,3,6,4,10,16,5,0,0,1,0,0,0,0,1
"POINT (10.523033154000075 52.270145823000064)",Unfall 165037 (2024) Kat:3, Licht: 0,165037,3,3,5,10,16,5,0,0,1,0,0,0,0,1
"POINT (10.509089174000053 52.255395663000058)",Unfall 165065 (2024) Kat:3, Licht: 0,165065,3,2,0,10,15,4,0,0,1,0,0,0,0,0
"POINT (10.543443673000070 52.273773892000065)",Unfall 165066 (2024) Kat:3, Licht: 0,165066,3,3,5,10,12,4,0,0,1,1,0,0,0,0
"POINT (10.536000858000023 52.242285057000061)",Unfall 165067 (2024) Kat:3, Licht: 2,165067,3,2,5,10,06,4,0,2,0,1,0,0,0,1
"POINT (10.547937736000051 52.269634755000027)",Unfall 165107 (2024) Kat:3, Licht: 0,165107,3,6,6,10,16,3,0,0,1,0,1,0,0,0
"POINT (10.525381334000031 52.258120866000070)",Unfall 165142 (2024) Kat:3, Licht: 2,165142,3,1,9,10,05,1,1,2,0,1,0,0,0,0
"POINT (10.519715940000026 52.278925354000080)",Unfall 165151 (2024) Kat:3, Licht: 2,165151,3,3,5,10,21,7,0,2,1,1,0,0,0,0
"POINT (10.522708034000061 52.261345417000030)",Unfall 165167 (2024) Kat:3, Licht: 0,165167,3,3,5,10,15,6,0,0,1,1,0,0,0,0
"POINT (10.564035703000059 52.263876874000061)",Unfall 165194 (2024) Kat:3, Licht: 1,165194,3,7,0,10,18,6,1,1,1,0,0,0,0,1
"POINT (10.517673876000060 52.248909426000068)",Unfall 165195 (2024) Kat:3, Licht: 2,165195,3,2,5,10,06,6,0,2,1,1,0,0,0,0
"POINT (10.498672461000069 52.259049089000030)",Unfall 165215 (2024) Kat:3, Licht: 0,165215,3,5,0,10,17,5,0,0,1,1,0,0,0,0
"POINT (10.508270587000027 52.309547134000070)",Unfall 165253 (2024) Kat:3, Licht: 0,165253,3,2,5,10,07,4,1,0,1,1,0,0,0,0
"POINT (10.504144018000034 52.257920549000062)",Unfall 165281 (2024) Kat:3, Licht: 0,165281,3,2,0,10,16,3,1,0,0,1,0,0,0,1
"POINT (10.526770824000039 52.289635822000037)",Unfall 165298 (2024) Kat:3, Licht: 0,165298,3,6,3,10,09,6,0,0,1,0,0,0,0,0
"POINT (10.527100340000061 52.265422783000076)",Unfall 165307 (2024) Kat:3, Licht: 0,165307,3,6,3,10,10,2,0,0,1,1,0,0,0,0
"POINT (10.451503144000071 52.284878138000067)",Unfall 165343 (2024) Kat:3, Licht: 0,165343,3,3,5,10,13,7,0,0,1,0,0,0,0,1
"POINT (10.507525399000031 52.245796267000060)",Unfall 165369 (2024) Kat:3, Licht: 2,165369,3,2,2,10,20,6,0,2,0,1,0,0,0,0
"POINT (10.499864162000051 52.275167878000047)",Unfall 165371 (2024) Kat:3, Licht: 0,165371,3,3,5,10,10,6,0,0,1,0,0,0,0,0
"POINT (10.560070851000035 52.327547388000028)",Unfall 165372 (2024) Kat:3, Licht: 0,165372,3,5,3,10,07,6,0,0,0,1,0,0,0,1
"POINT (10.449204797000050 52.237073110000040)",Unfall 165373 (2024) Kat:2, Licht: 0,165373,2,3,5,10,11,6,0,0,0,1,0,0,0,1
"POINT (10.511373141000036 52.247025711000049)",Unfall 165477 (2024) Kat:3, Licht: 1,165477,3,3,0,10,16,3,1,1,0,1,0,1,0,0
"POINT (10.516714782000065 52.254840227000045)",Unfall 165478 (2024) Kat:3, Licht: 2,165478,3,5,1,10,00,3,1,2,1,1,0,0,0,0
"POINT (10.510734237000065 52.251777206000042)",Unfall 165520 (2024) Kat:3, Licht: 0,165520,3,3,5,09,16,2,0,0,1,1,0,0,0,0
"POINT (10.601798960000053 52.314308456000049)",Unfall 165521 (2024) Kat:3, Licht: 0,165521,3,3,5,09,10,2,0,0,0,1,0,0,0,1
"POINT (10.539412697000046 52.273085849000040)",Unfall 165590 (2024) Kat:3, Licht: 0,165590,3,3,5,12,10,3,1,0,0,1,0,0,0,0
"POINT (10.503540792000024 52.223495100000036)",Unfall 165627 (2024) Kat:3, Licht: 1,165627,3,2,4,12,07,2,1,1,0,1,0,0,0,0
"POINT (10.523058536000065 52.261551652000037)",Unfall 165628 (2024) Kat:3, Licht: 2,165628,3,1,0,12,18,2,1,2,1,0,0,0,0,0
"POINT (10.540696128000036 52.259070551000036)",Unfall 165629 (2024) Kat:3, Licht: 0,165629,3,2,6,12,13,2,1,0,0,1,1,0,0,0
"POINT (10.527893656000060 52.258495536000055)",Unfall 165643 (2024) Kat:3, Licht: 0,165643,3,2,6,12,14,1,0,0,0,1,1,0,0,0
"POINT (10.579412827000056 52.243825797000056)",Unfall 165644 (2024) Kat:2, Licht: 0,165644,2,1,0,12,09,1,2,0,1,0,0,0,0,0
"POINT (10.509384913000076 52.236994688000038)",Unfall 165720 (2024) Kat:3, Licht: 0,165720,3,6,3,12,07,5,0,0,0,1,0,0,1,0
"POINT (10.564050886000075 52.236254978000034)",Unfall 165721 (2024) Kat:3, Licht: 2,165721,3,6,6,12,17,5,1,2,0,0,1,0,0,1
"POINT (10.510709824000060 52.251773891000028)",Unfall 165722 (2024) Kat:3, Licht: 0,165722,3,2,4,12,10,5,1,0,0,1,0,0,0,0
"POINT (10.478728286000035 52.249210614000049)",Unfall 165723 (2024) Kat:3, Licht: 0,165723,3,2,2,12,11,5,0,0,1,0,0,0,0,0
"POINT (10.531164276000027 52.272752955000044)",Unfall 165724 (2024) Kat:3, Licht: 0,165724,3,1,0,12,08,5,2,0,1,0,0,0,0,0
"POINT (10.522837861000028 52.261482185000034)",Unfall 165744 (2024) Kat:3, Licht: 2,165744,3,1,0,12,02,4,1,2,0,0,0,0,0,1
"POINT (10.524131920000059 52.261544200000060)",Unfall 165781 (2024) Kat:3, Licht: 0,165781,3,2,4,12,15,3,1,0,0,1,0,0,0,1
"POINT (10.541083008000044 52.265979685000048)",Unfall 165832 (2024) Kat:3, Licht: 0,165832,3,2,6,12,11,1,0,0,0,1,1,0,0,0
"POINT (10.505225612000061 52.275078436000058)",Unfall 165855 (2024) Kat:3, Licht: 2,165855,3,7,1,11,22,7,0,2,0,1,0,0,0,0
"POINT (10.527867750000041 52.255658792000077)",Unfall 165856 (2024) Kat:3, Licht: 2,165856,3,6,2,11,22,7,0,2,0,1,0,0,0,0
"POINT (10.524631821000071 52.272385786000029)",Unfall 165857 (2024) Kat:3, Licht: 2,165857,3,6,3,11,17,7,0,2,0,1,0,0,0,0
"POINT (10.525545592000071 52.265162683000028)",Unfall 165858 (2024) Kat:3, Licht: 1,165858,3,6,2,11,16,7,0,1,1,1,0,0,0,0
"POINT (10.527866584000037 52.282417220000070)",Unfall 165859 (2024) Kat:3, Licht: 0,165859,3,3,5,11,15,7,0,0,1,1,0,0,0,0
"POINT (10.528452977000029 52.254385885000033)",Unfall 165860 (2024) Kat:3, Licht: 0,165860,3,6,2,11,13,7,0,0,0,1,0,0,0,0
"POINT (10.497196655000039 52.266724650000072)",Unfall 165861 (2024) Kat:3, Licht: 2,165861,3,1,0,11,01,7,0,2,1,0,0,0,0,0
"POINT (10.509782931000075 52.241185292000068)",Unfall 165920 (2024) Kat:3, Licht: 0,165920,3,6,3,11,07,5,1,0,0,1,0,0,1,0
"POINT (10.525176172000045 52.227149860000054)",Unfall 165921 (2024) Kat:3, Licht: 0,165921,3,3,5,11,11,5,1,0,1,1,0,0,0,0
"POINT (10.518103455000073 52.265510940000070)",Unfall 165953 (2024) Kat:2, Licht: 2,165953,2,1,0,11,23,4,1,2,1,0,0,0,0,0
"POINT (10.530441146000044 52.278601913000045)",Unfall 165954 (2024) Kat:2, Licht: 0,165954,2,2,5,11,12,4,1,0,1,1,0,0,0,0
"POINT (10.532585782000069 52.261233222000044)",Unfall 165955 (2024) Kat:3, Licht: 0,165955,3,4,6,11,08,4,0,0,0,1,1,0,0,0
"POINT (10.532253433000051 52.265640205000068)",Unfall 166022 (2024) Kat:3, Licht: 0,166022,3,5,1,11,10,2,0,0,1,1,0,0,0,0
"POINT (10.527500380000049 52.257142910000027)",Unfall 166023 (2024) Kat:3, Licht: 0,166023,3,2,5,11,11,2,0,0,1,1,0,0,0,0
"POINT (10.534548031000043 52.260418690000051)",Unfall 166059 (2024) Kat:3, Licht: 2,166059,3,2,6,12,07,4,1,2,0,1,1,0,0,0
"POINT (10.495563580000066 52.253844814000047)",Unfall 166062 (2024) Kat:3, Licht: 2,166062,3,6,2,11,23,7,1,2,0,1,0,0,0,0
"POINT (10.502711345000023 52.254871044000026)",Unfall 166063 (2024) Kat:3, Licht: 2,166063,3,6,2,11,17,7,0,2,0,1,0,0,0,0
"POINT (10.596528004000049 52.314759446000039)",Unfall 166064 (2024) Kat:2, Licht: 0,166064,2,2,6,11,11,7,1,0,0,1,1,0,0,0
"POINT (10.520311521000053 52.277719806000050)",Unfall 166089 (2024) Kat:3, Licht: 0,166089,3,2,5,11,14,6,0,0,1,1,0,0,0,0
"POINT (10.507845160000045 52.278739454000061)",Unfall 166115 (2024) Kat:3, Licht: 2,166115,3,3,5,11,20,5,1,2,1,1,0,0,0,0
"POINT (10.520548731000076 52.261260452000045)",Unfall 166117 (2024) Kat:3, Licht: 2,166117,3,1,0,11,00,5,0,2,0,0,0,0,0,1
"POINT (10.518704165000031 52.281172802000071)",Unfall 166152 (2024) Kat:3, Licht: 1,166152,3,3,5,11,17,4,1,1,1,1,0,0,0,0
"POINT (10.519308143000046 52.279239591000078)",Unfall 166192 (2024) Kat:3, Licht: 1,166192,3,6,2,11,07,3,1,1,0,1,0,0,0,0
"POINT (10.528373659000067 52.236150513000041)",Unfall 166226 (2024) Kat:3, Licht: 2,166226,3,6,2,11,17,2,0,2,0,1,0,0,1,0
"POINT (10.560672347000036 52.267357316000073)",Unfall 166227 (2024) Kat:3, Licht: 0,166227,3,3,5,11,09,2,1,0,1,1,0,0,0,0
"POINT (10.514349634000041 52.264688962000037)",Unfall 166254 (2024) Kat:3, Licht: 2,166254,3,3,5,11,22,7,0,2,0,1,0,1,0,0
"POINT (10.522206173000029 52.258651260000079)",Unfall 166256 (2024) Kat:3, Licht: 2,166256,3,1,0,11,06,7,0,2,0,0,0,0,0,1
"POINT (10.525967466000054 52.262733580000031)",Unfall 166360 (2024) Kat:3, Licht: 2,166360,3,6,2,11,19,4,1,2,0,1,0,0,0,0
"POINT (10.523192500000050 52.266982036000059)",Unfall 166361 (2024) Kat:3, Licht: 0,166361,3,6,3,11,10,4,1,0,0,1,0,0,0,1
"POINT (10.513153845000033 52.293922322000071)",Unfall 166395 (2024) Kat:3, Licht: 0,166395,3,3,5,11,13,3,0,0,1,1,0,0,0,0
"POINT (10.507468231000075 52.241197604000035)",Unfall 166434 (2024) Kat:3, Licht: 1,166434,3,5,0,11,15,2,1,1,0,1,0,1,0,0
"POINT (10.526428179000050 52.268401092000033)",Unfall 166463 (2024) Kat:3, Licht: 0,166463,3,3,5,11,15,7,0,0,0,1,0,0,0,0
"POINT (10.485976436000044 52.248795926000071)",Unfall 166483 (2024) Kat:3, Licht: 2,166483,3,3,5,11,20,6,0,2,0,1,0,0,0,0
"POINT (10.527313755000023 52.257980937000070)",Unfall 166484 (2024) Kat:3, Licht: 0,166484,3,6,3,11,13,6,0,0,0,1,0,0,0,1
"POINT (10.515936694000061 52.317894478000028)",Unfall 166505 (2024) Kat:3, Licht: 1,166505,3,2,5,11,17,2,0,1,0,1,0,0,0,1
"POINT (10.516697241000031 52.274486114000069)",Unfall 166515 (2024) Kat:3, Licht: 0,166515,3,2,2,11,08,5,1,0,0,1,0,0,0,1
"POINT (10.539775338000027 52.254249733000051)",Unfall 166551 (2024) Kat:3, Licht: 0,166551,3,3,5,11,12,4,0,0,0,1,0,0,0,0
"POINT (10.553229369000064 52.299091420000082)",Unfall 166576 (2024) Kat:3, Licht: 1,166576,3,3,5,12,08,7,1,1,1,1,0,0,0,0
"POINT (10.517168039000069 52.297586981000052)",Unfall 166586 (2024) Kat:3, Licht: 2,166586,3,3,5,11,18,3,0,2,0,1,0,0,0,1
"POINT (10.569443149000051 52.253232805000039)",Unfall 166587 (2024) Kat:3, Licht: 2,166587,3,5,0,11,18,3,0,2,0,1,0,0,0,1
"POINT (10.527847171000076 52.265035973000067)",Unfall 166589 (2024) Kat:2, Licht: 0,166589,2,7,0,11,11,4,1,0,0,1,0,0,0,0
"POINT (10.542236250000030 52.286540684000045)",Unfall 166590 (2024) Kat:3, Licht: 0,166590,3,7,6,11,13,3,0,0,0,0,1,1,0,0
"POINT (10.563835001000029 52.286763302000054)",Unfall 166620 (2024) Kat:3, Licht: 0,166620,3,3,5,11,12,2,1,0,1,1,0,0,0,0
"POINT (10.503582480000034 52.258529726000063)",Unfall 166622 (2024) Kat:3, Licht: 0,166622,3,5,1,11,10,2,1,0,1,1,0,0,0,0
"POINT (10.508337719000053 52.246039178000046)",Unfall 167402 (2024) Kat:3, Licht: 2,167402,3,2,4,12,16,7,0,2,0,1,0,0,0,0
"POINT (10.502186893000044 52.279380043000060)",Unfall 167404 (2024) Kat:3, Licht: 0,167404,3,3,5,12,10,7,0,0,1,1,0,0,0,0
"POINT (10.522373861000062 52.259090805000028)",Unfall 167418 (2024) Kat:3, Licht: 2,167418,3,3,5,12,18,5,1,2,1,1,0,0,0,0
"POINT (10.485993838000070 52.248813414000040)",Unfall 167438 (2024) Kat:3, Licht: 0,167438,3,2,5,12,12,3,0,0,0,1,0,0,0,0
"POINT (10.504145342000072 52.260775184000067)",Unfall 167463 (2024) Kat:3, Licht: 2,167463,3,5,1,12,23,2,0,2,0,1,0,1,0,0
"POINT (10.503513462000058 52.279720175000080)",Unfall 167474 (2024) Kat:3, Licht: 0,167474,3,3,5,12,14,1,1,0,0,1,0,0,0,0
"POINT (10.503302450000035 52.279976725000040)",Unfall 167499 (2024) Kat:2, Licht: 2,167499,2,6,2,12,01,7,0,2,0,1,0,0,0,0
"POINT (10.515726084000050 52.257129858000042)",Unfall 167580 (2024) Kat:3, Licht: 2,167580,3,2,6,12,17,5,1,2,0,0,1,0,0,1
"POINT (10.535920155000042 52.229235395000046)",Unfall 167581 (2024) Kat:3, Licht: 0,167581,3,2,4,12,12,5,1,0,0,1,0,0,0,0
"POINT (10.522826510000073 52.258630924000045)",Unfall 167608 (2024) Kat:3, Licht: 2,167608,3,6,2,12,18,4,0,2,0,1,0,0,0,0
"POINT (10.537650647000021 52.282986462000054)",Unfall 167609 (2024) Kat:3, Licht: 2,167609,3,3,5,12,18,4,0,2,1,1,0,0,0,0
"POINT (10.531665651000026 52.263249925000082)",Unfall 167716 (2024) Kat:3, Licht: 0,167716,3,5,1,12,08,6,0,0,1,1,0,0,0,0
"POINT (10.521780400000068 52.231160297000031)",Unfall 167719 (2024) Kat:3, Licht: 2,167719,3,3,5,12,07,4,1,2,1,1,0,0,0,0
"POINT (10.523653773000035 52.262364073000072)",Unfall 167731 (2024) Kat:3, Licht: 2,167731,3,4,6,12,17,6,0,2,1,0,1,0,0,0
"POINT (10.542954909000059 52.262934246000043)",Unfall 167733 (2024) Kat:3, Licht: 0,167733,3,6,2,12,10,6,0,0,0,1,0,0,0,0
"POINT (10.531606859000021 52.257858602000056)",Unfall 167734 (2024) Kat:2, Licht: 1,167734,2,3,5,12,07,6,0,1,1,0,0,0,0,1
"POINT (10.562925363000033 52.248705559000030)",Unfall 167735 (2024) Kat:2, Licht: 2,167735,2,1,0,12,05,6,1,2,1,0,0,0,0,0
"POINT (10.517550198000038 52.264867998000057)",Unfall 167764 (2024) Kat:3, Licht: 2,167764,3,2,5,12,18,5,0,2,1,1,0,0,0,0
"POINT (10.515216654000028 52.274190613000030)",Unfall 167765 (2024) Kat:3, Licht: 2,167765,3,2,4,12,17,5,1,2,1,1,0,0,0,0
"POINT (10.511467155000048 52.262313431000052)",Unfall 167766 (2024) Kat:3, Licht: 0,167766,3,1,0,12,13,5,1,0,1,0,0,0,0,0
"POINT (10.519601761000047 52.221030723000069)",Unfall 167797 (2024) Kat:3, Licht: 2,167797,3,2,5,12,18,4,0,2,1,1,0,0,0,0
"POINT (10.490811933000032 52.280371154000079)",Unfall 167844 (2024) Kat:3, Licht: 2,167844,3,1,8,12,06,3,1,2,0,1,0,0,0,0
"POINT (10.521475943000041 52.265565752000043)",Unfall 262435 (2024) Kat:3, Licht: 0,262435,3,3,5,01,10,6,0,0,1,0,0,0,0,1
"POINT (10.548946145000059 52.233671627000035)",Unfall 262461 (2024) Kat:3, Licht: 1,262461,3,3,5,03,17,3,1,1,1,1,0,0,0,0
"POINT (10.505974393000031 52.276612940000064)",Unfall 262469 (2024) Kat:3, Licht: 2,262469,3,1,8,03,18,2,0,2,1,0,0,0,0,0
"POINT (10.525183896000044 52.249295483000026)",Unfall 262483 (2024) Kat:3, Licht: 2,262483,3,6,4,04,21,6,0,2,1,0,0,0,0,0
"POINT (10.559564617000035 52.312640207000072)",Unfall 262492 (2024) Kat:3, Licht: 0,262492,3,3,5,04,08,4,0,0,1,1,0,0,0,0
"POINT (10.499148755000022 52.256472284000040)",Unfall 262495 (2024) Kat:3, Licht: 0,262495,3,7,9,04,18,5,0,0,1,0,0,0,0,0
"POINT (10.472347439000032 52.304046436000078)",Unfall 262574 (2024) Kat:3, Licht: 0,262574,3,2,5,05,09,1,0,0,1,1,0,0,0,0
"POINT (10.548650726000062 52.233680738000032)",Unfall 262602 (2024) Kat:3, Licht: 0,262602,3,2,5,06,15,5,0,0,1,1,0,0,0,0
"POINT (10.536873833000072 52.319512566000071)",Unfall 262608 (2024) Kat:3, Licht: 0,262608,3,1,8,06,13,2,0,0,1,0,0,0,0,0
"POINT (10.538837166000064 52.239762993000056)",Unfall 262633 (2024) Kat:3, Licht: 2,262633,3,1,0,06,21,4,0,2,1,0,0,0,0,0
"POINT (10.535530933000075 52.251612164000051)",Unfall 262661 (2024) Kat:3, Licht: 0,262661,3,2,5,07,15,6,0,0,1,1,0,0,0,0
"POINT (10.503212056000052 52.251894616000072)",Unfall 262662 (2024) Kat:3, Licht: 0,262662,3,1,0,07,17,1,1,0,1,0,0,0,0,0
"POINT (10.515630799000064 52.242016309000064)",Unfall 262694 (2024) Kat:3, Licht: 0,262694,3,1,0,08,15,5,0,0,1,0,0,0,0,0
"POINT (10.553316772000073 52.263903357000061)",Unfall 262704 (2024) Kat:3, Licht: 0,262704,3,1,0,08,20,2,0,0,1,0,0,0,0,0
"POINT (10.487238921000028 52.249211469000045)",Unfall 262709 (2024) Kat:2, Licht: 0,262709,2,3,5,08,20,4,0,0,1,0,0,0,0,1
"POINT (10.510893145000068 52.289472021000051)",Unfall 262758 (2024) Kat:2, Licht: 0,262758,2,3,5,08,18,4,0,0,1,0,0,0,0,0
"POINT (10.535113039000066 52.314361217000055)",Unfall 262762 (2024) Kat:3, Licht: 0,262762,3,6,4,08,06,5,0,0,1,0,0,0,0,0
"POINT (10.527118781000070 52.238474386000064)",Unfall 262776 (2024) Kat:3, Licht: 0,262776,3,3,0,09,16,3,0,0,1,0,0,0,0,0
"POINT (10.521475943000041 52.265565752000043)",Unfall 262785 (2024) Kat:3, Licht: 0,262785,3,4,6,09,15,6,0,0,1,0,1,0,0,0
"POINT (10.536255608000033 52.251319521000028)",Unfall 262799 (2024) Kat:3, Licht: 0,262799,3,7,0,09,08,5,0,0,1,0,1,0,0,0
"POINT (10.443199788000072 52.258349321000026)",Unfall 262867 (2024) Kat:3, Licht: 1,262867,3,2,4,11,16,3,0,1,1,0,0,0,0,0
"POINT (10.593543538000063 52.283648295000035)",Unfall 262870 (2024) Kat:3, Licht: 2,262870,3,7,6,11,23,7,2,2,1,0,1,0,0,0
"POINT (10.534228959000075 52.263112618000036)",Unfall 262871 (2024) Kat:3, Licht: 2,262871,3,1,0,12,21,1,2,2,1,0,0,0,0,0
"POINT (10.560351981000053 52.328053671000077)",Unfall 262874 (2024) Kat:2, Licht: 0,262874,2,2,4,12,12,7,0,0,1,0,0,0,0,1